DRUH,ID_IND,TYP_IND,LIM_IND,JEDNOTKA,KLIC,UROVEN,pozn
Cypripedium calceolus,POP_POCET,min,6,trsy,ano,lok,
Cypripedium calceolus,POP_POCETSUM,info,NA,kvetoucí a plodné trsy,NA,lok,
Cypripedium calceolus,POP_POCETSUM,info,NA,sterilní trsy,NA,lok,
Cypripedium calceolus,POP_TREND,max,1,posledních dvou let s menším poètem jedincù než je referenèní hodnota,ano,lok,
Cypripedium calceolus,POP_POCETVITAL,,40,kvetoucí a plodné trsy,NA,lok,
Cypripedium calceolus,POP_VITAL,min,40,% poètu trsù,ano,lok,
Cypripedium calceolus,STA_POKRYVNOSTE1,val,0,NA,ne,lok,
Cypripedium calceolus,STA_POKRYVNOSTE1,val,do 25 %,NA,ne,lok,
Cypripedium calceolus,STA_POKRYVNOSTE1,val,25-50 %,NA,ne,lok,
Cypripedium calceolus,STA_POKRYVNOSTE1,val,50-75 %,NA,ne,lok,
Cypripedium calceolus,STA_POKRYVNOSTINVAZNI,val,0,NA,ne,lok,
Cypripedium calceolus,STA_POKRYVNOSTEXPANZNI,val,0,NA,ne,lok,
Cypripedium calceolus,STA_POKRYVNOSTEXPANZNI,val,do 25 %,NA,ne,lok,
Cypripedium calceolus,STA_POKRYVNOSTE2E3,val,0,NA,ne,lok,
Cypripedium calceolus,STA_POKRYVNOSTE2E3,val,do 25 %,NA,ne,lok,
Cypripedium calceolus,STA_POKRYVNOSTE2E3,val,25-50 %,NA,ne,lok,
Cypripedium calceolus,STA_POKRYVNOSTE2E3,val,50-75 %,NA,ne,lok,
Cypripedium calceolus,POP_POSKPOC,max,2,poèet typù poškození rostlin,ne,lok,
Cypripedium calceolus,POP_POSKPERC,max,1,kategorie relativní poèetnosti,ne,lok,
Cypripedium calceolus,LOK_PROCDOBR,min,50,% lokalit v dobrém stavu,ano,chu,
Liparis loeselii,POP_POCET,min,50,jedinci,ano,lok,
Liparis loeselii,POP_POCETSUM,info,NA,kvetoucí a plodní jedinci,ne,lok,
Liparis loeselii,POP_POCETSUM,info,NA,sterilní jedinci,ne,lok,
Liparis loeselii,POP_TREND,max,1,posledních dvou let s menším poètem jedincù než je referenèní hodnota,ano,lok,
Liparis loeselii,POP_POCETVITAL,info,NA,kvetoucí a plodní jedinci,NA,lok,
Liparis loeselii,POP_VITAL,min,30,% plodných jedincù,ano,lok,
Liparis loeselii,STA_POKRDREV,val,0,NA,ne,lok,
Liparis loeselii,STA_POKRDREV,val,do 25 %,NA,ne,lok,
Liparis loeselii,STA_POKRSTAR,val,0,NA,ne,lok,
Liparis loeselii,STA_POKRSTAR,val,do 25 %,NA,ne,lok,
Liparis loeselii,STA_POKRRAKOS,val,0,NA,ne,lok,
Liparis loeselii,STA_POKRRAKOS,val,do 25 %,NA,ne,lok,
Liparis loeselii,STA_POKRRAKOS,val,25-50 %,NA,ne,lok,
Liparis loeselii,STA_POKRRAKOS,val,50-75 %,NA,ne,lok,
Liparis loeselii,STA_POKRYVNOSTINVAZNI,val,0,NA,ne,lok,
Liparis loeselii,STA_POKRYVNOSTEXPANZNI,val,0,NA,ne,lok,
Liparis loeselii,STA_POKRYVNOSTEXPANZNI,val,do 25 %,NA,ne,lok,
Liparis loeselii,STA_HYDROPOMERY,val,dobré,NA,ne,lok,
Liparis loeselii,STA_HYDROPOMERY,val,zhoršené,NA,ne,lok,
Liparis loeselii,POP_POSKPERC,max,1,kvetoucí a plodní jedinci,ne,lok,
Liparis loeselii,POP_POSKPOC,max,2,poèet poškození,ne,lok,
Liparis loeselii,LOK_PROCDOBR,min,50,% lokalit v dobrém stavu,ano,chu,
Coleanthus subtilis,POP_POCETNOST,min,4,kategorie relativní poèetnosti,ano,lok,
Coleanthus subtilis,POP_TREND,max,1,posledních dvou let s menším poètem jedincù než je referenèní hodnota,ano,lok,
Coleanthus subtilis,POP_REPROUSP,val,0%,NA,ano,lok,
Coleanthus subtilis,POP_REPROUSP,val,do 10 %,NA,ano,lok,
Coleanthus subtilis,POP_REPROUSP,val,11-50 %,NA,ano,lok,
Coleanthus subtilis,STA_POKRDNO,val,51-100 %,NA,ne,lok,
Coleanthus subtilis,STA_POKLESHLAD,val,NA,NA,ne,lok,
Coleanthus subtilis,STA_POKRYVNOSTINVAZNI,val,0,NA,ne,lok,
Coleanthus subtilis,STA_POKRYVNOSTEXPANZNI,val,0,NA,ne,lok,
Coleanthus subtilis,STA_POKRYVNOSTEXPANZNI,val,do 25 %,NA,ne,lok,
Coleanthus subtilis,LOK_PROCDOBR,min,50,% lokalit v dobrém stavu,ano,chu,
Gentianella praecox subsp. bohemica,POP_POCET,min,25,kvetoucí a plodní jedinci,ano,lok,
Gentianella praecox subsp. bohemica,POP_TREND,max,1,posledních dvou let s menším poètem jedincù než je referenèní hodnota,ano,lok,
Gentianella praecox subsp. bohemica,STA_STUPENZACH,val,dobrý,,ne,lok,
Gentianella praecox subsp. bohemica,STA_STUPENZACH,val,støední,,ne,lok,
Gentianella praecox subsp. bohemica,STA_ZAPOJENICELK,val,øídký nezapojený,,ne,lok,
Gentianella praecox subsp. bohemica,STA_ZAPOJENICELK,val,støednì zapojený,,ne,lok,
Gentianella praecox subsp. bohemica,STA_POKRYVNOSTE1,val,0,NA,ne,lok,
Gentianella praecox subsp. bohemica,STA_POKRYVNOSTE1,val,do 25 %,NA,ne,lok,
Gentianella praecox subsp. bohemica,STA_POKRYVNOSTE1,val,25-50 %,NA,ne,lok,
Gentianella praecox subsp. bohemica,STA_POKRYVNOSTE1,val,50-75 %,NA,ne,lok,
Gentianella praecox subsp. bohemica,STA_POKRYVNOSTE0,val,0%,,ne,lok,
Gentianella praecox subsp. bohemica,STA_POKRYVNOSTE0,val,do 5 %,,ne,lok,
Gentianella praecox subsp. bohemica,STA_POKRYVNOSTE0,val,5-25 %,,ne,lok,
Gentianella praecox subsp. bohemica,STA_POKRYVNOSTINVAZNI,val,0%,,ne,lok,
Gentianella praecox subsp. bohemica,STA_POKRYVNOSTINVAZNI,val,do 5 %,,ne,lok,
Gentianella praecox subsp. bohemica,STA_POKRYVNOSTINVAZNI,val,5-25 %,,ne,lok,
Gentianella praecox subsp. bohemica,STA_POKRYVNOSTEXPANZNI,val,0%,,ne,lok,
Gentianella praecox subsp. bohemica,STA_POKRYVNOSTEXPANZNI,val,do 5 %,,ne,lok,
Gentianella praecox subsp. bohemica,STA_POKRYVNOSTEXPANZNI,val,5-25 %,,ne,lok,
Gentianella praecox subsp. bohemica,POP_POSKPERC,max,1,jedinci,ne,lok,
Gentianella praecox subsp. bohemica,LOK_PROCDOBR,min,50,% lokalit v dobrém stavu,ano,chu,
Adenophora liliifolia,POP_TREND,max,1,posledních dvou let s menším poètem jedincù než je referenèní hodnota,ano,lok,
Adenophora liliifolia,POP_POCETVITAL,info,NA,kvetoucí a plodné trsy,NA,lok,
Adenophora liliifolia,POP_VITAL,min,20,% plotných trsù,ano,lok,
Adenophora liliifolia,POP_POCET,min,80,trsù,ano,lok,
Adenophora liliifolia,POP_POCETSUM,info,NA,kvetoucí a plodné trsy,ne,lok,
Adenophora liliifolia,POP_POCETSUM,info,NA,sterilní trsy,ne,lok,
Adenophora liliifolia,POP_POCETSUMLOD,info,NA,kvetoucí a plodné lodyhy,ne,lok,
Adenophora liliifolia,POP_POCETSUMLOD,info,NA,sterilní lodyhy,ne,lok,
Adenophora liliifolia,STA_POKRSTAR,val,0,NA,ne,lok,
Adenophora liliifolia,STA_POKRSTAR,val,do 5 %,NA,ne,lok,
Adenophora liliifolia,STA_POKRSTAR,val,5-25 %,NA,ne,lok,
Adenophora liliifolia,STA_POKRYVNOSTINVAZNI,val,0,NA,ne,lok,
Adenophora liliifolia,STA_POKRYVNOSTINVAZNI,val,do 5 %,NA,ne,lok,
Adenophora liliifolia,STA_POKRYVNOSTEXPANZNI,val,0%,NA,ne,lok,
Adenophora liliifolia,STA_POKRYVNOSTEXPANZNI,val,do 5 %,NA,ne,lok,
Adenophora liliifolia,STA_POKRYVNOSTEXPANZNI,val,5-25 %,NA,ne,lok,
Adenophora liliifolia,STA_POKRYVNOSTE2E3,val,0,NA,ne,lok,
Adenophora liliifolia,STA_POKRYVNOSTE2E3,val,do 5 %,NA,ne,lok,
Adenophora liliifolia,STA_POKRYVNOSTE2E3,val,5-25 %,NA,ne,lok,
Adenophora liliifolia,STA_POKRYVNOSTE2E3,val,25-50 %,NA,ne,lok,
Adenophora liliifolia,POP_POSKPERC,max,2,poèet lodyh,ne,lok,"limit byl do metodiky zmìnìn z 25 na 50 %, což nám sedí do chlívku."
Adenophora liliifolia,LOK_PROCDOBR,min,50,% lokalit v dobrém stavu,ano,chu,
Dianthus arenarius subsp. bohemicus,POP_POCET,min,5000,trsy,ano,lok,
Dianthus arenarius subsp. bohemicus,POP_POCETSUM,info,NA,kvetoucí a plodné trsy,ne,lok,
Dianthus arenarius subsp. bohemicus,POP_POCETSUM,info,NA,sterilní trsy,ne,lok,
Dianthus arenarius subsp. bohemicus,POP_TREND,max,1,posledních dvou let s menším poètem jedincù než je referenèní hodnota,ano,lok,
Dianthus arenarius subsp. bohemicus,POP_POCETVITAL,info,NA,kvetoucí a plodné trsy,NA,lok,
Dianthus arenarius subsp. bohemicus,POP_VITAL,min,30,% plodných trsù,ano,lok,
Dianthus arenarius subsp. bohemicus,POP_POCETVITAL,info,NA,kvetoucí a plodné trsy,ano,lok,
Dianthus arenarius subsp. bohemicus,STA_POKRDREV,val,0,NA,ne,lok,
Dianthus arenarius subsp. bohemicus,STA_POKRDREV,val,do 5 %,NA,ne,lok,
Dianthus arenarius subsp. bohemicus,STA_POKRYVNOSTE1,val,0,NA,ne,lok,
Dianthus arenarius subsp. bohemicus,STA_POKRYVNOSTE1,val,do 5 %,NA,ne,lok,
Dianthus arenarius subsp. bohemicus,STA_POKRYVNOSTE1,val,5-25 %,NA,ne,lok,
Dianthus arenarius subsp. bohemicus,STA_POKRYVNOSTE0,val,0,,ne,lok,
Dianthus arenarius subsp. bohemicus,STA_POKRYVNOSTE0,val,do 5 %,,ne,lok,
Dianthus arenarius subsp. bohemicus,STA_POKRYVNOSTE0,val,5-25 %,,ne,lok,
Dianthus arenarius subsp. bohemicus,STA_POKRSTAR,val,0,NA,ne,lok,
Dianthus arenarius subsp. bohemicus,STA_POKRSTAR,val,do 5 %,,ne,lok,
Dianthus arenarius subsp. bohemicus,STA_POKRSTAR,val,5-25 %,NA,ne,lok,
Dianthus arenarius subsp. bohemicus,STA_POKRPUDA,val,5-25 %,,ne,lok,
Dianthus arenarius subsp. bohemicus,STA_POKRPUDA,val,25-50 %,,ne,lok,
Dianthus arenarius subsp. bohemicus,STA_POKRPUDA,val,50-75 %,,ne,lok,
Dianthus arenarius subsp. bohemicus,STA_POKRPUDA,val,75-100,,ne,lok,
Dianthus arenarius subsp. bohemicus,STA_POKRYVNOSTINVAZNI,val,0,,ne,lok,
Dianthus arenarius subsp. bohemicus,STA_POKRYVNOSTINVAZNI,val,do 5 %,,ne,lok,
Dianthus arenarius subsp. bohemicus,STA_POKRYVNOSTEXPANZNI,val,0,,ne,lok,
Dianthus arenarius subsp. bohemicus,STA_POKRYVNOSTEXPANZNI,val,do 5 %,,ne,lok,
Dianthus arenarius subsp. bohemicus,STA_POKRYVNOSTEXPANZNI,val,5-25 %,,ne,lok,
Dianthus arenarius subsp. bohemicus,POP_POSKPERC,max,1,poèet trsù,ne,lok,
Dianthus arenarius subsp. bohemicus,POP_POSKPOC,max,2,poèet typù poškození rostlin,ne,lok,
Dianthus arenarius subsp. bohemicus,LOK_PROCDOBR,min,50,% lokalit v dobrém stavu,ano,chu,
Pulsatilla patens,POP_POCET,min,70,trsù,ano,lok,
Pulsatilla patens,POP_POCETSUM,info,NA,kvetoucí a plodné trsy,ne,lok,
Pulsatilla patens,POP_POCETSUM,info,NA,sterilní trsy,ne,lok,
Pulsatilla patens,POP_POCETVITAL,info,NA,kvetoucí a plodné trsy,NA,lok,
Pulsatilla patens,POP_VITAL,min,30,% poètu trsù,ano,lok,
Pulsatilla patens,POP_TREND,max,1,posledních dvou let s menším poètem jedincù než je referenèní hodnota,ano,lok,
Pulsatilla patens,POP_POSKPOC,max,2,poèet typù poškození rostlin,ne,lok,
Pulsatilla patens,POP_POSKPERC,max,1,poèet trsù,ne,lok,
Pulsatilla patens,STA_POKRSTAR,val,0,NA,ne,lok,
Pulsatilla patens,STA_POKRSTAR,val,do 5 %,,ne,lok,
Pulsatilla patens,STA_POKRSTAR,val,5-25 %,NA,ne,lok,
Pulsatilla patens,STA_POKRPUDA,val,5-25 %,NA,ne,lok,
Pulsatilla patens,STA_POKRPUDA,val,25-50 %,NA,ne,lok,
Pulsatilla patens,STA_POKRPUDA,val,50-75 %,NA,ne,lok,
Pulsatilla patens,STA_POKRPUDA,val,75-100 %,NA,ne,lok,
Pulsatilla patens,STA_POKRDREV,val,0,NA,ne,lok,
Pulsatilla patens,STA_POKRDREV,val,do 5 %,NA,ne,lok,
Pulsatilla patens,STA_POKRDREV,val,5-25 %,NA,ne,lok,
Pulsatilla patens,STA_POKRYVNOSTINVAZNI,val,0,,ne,lok,
Pulsatilla patens,STA_POKRYVNOSTINVAZNI,val,do 5 %,,ne,lok,
Pulsatilla patens,STA_POKRYVNOSTEXPANZNI,val,0,,ne,lok,
Pulsatilla patens,STA_POKRYVNOSTEXPANZNI,val,do 5 %,,ne,lok,
Pulsatilla patens,STA_POKRYVNOSTEXPANZNI,val,5-25 %,,ne,lok,
Pulsatilla patens,LOK_PROCDOBR,min,50,% lokalit v dobrém stavu,ano,chu,
Angelica palustris,POP_POCET,min,100,poèet prýtù,ano,lok,
Angelica palustris,POP_POCETSUM,info,NA,kvetoucí a plodné prýty,NA,lok,
Angelica palustris,POP_POCETSUM,info,NA,sterilní prýty,NA,lok,
Angelica palustris,POP_TREND,max,1,posledních dvou let s menším poètem jedincù než je referenèní hodnota,ano,lok,
Angelica palustris,POP_POCETVITAL,info,NA,kvetoucí a plodné prýty,NA,lok,
Angelica palustris,POP_VITAL,min,20,% poètu prýtù ,ano,lok,
Angelica palustris,POP_POSKPOC,max,2,poèet typù poškození rostlin,ne,lok,
Angelica palustris,POP_POSKPERC,max,1,poèet prýtù,ne,lok,
Angelica palustris,STA_POKRSTAR,val,0,NA,ne,lok,
Angelica palustris,STA_POKRSTAR,val,do 5 %,,ne,lok,
Angelica palustris,STA_POKRSTAR,val,5-25 %,NA,ne,lok,
Angelica palustris,STA_POKRDREV,val,0,NA,ne,lok,
Angelica palustris,STA_POKRDREV,val,do 5 %,NA,ne,lok,
Angelica palustris,STA_POKRDREV,val,5-25 %,NA,ne,lok,
Angelica palustris,STA_POKRYVNOSTINVAZNI,val,0,NA,ne,lok,
Angelica palustris,STA_POKRYVNOSTEXPANZNI,val,0,,ne,lok,
Angelica palustris,STA_POKRYVNOSTEXPANZNI,val,do 5 %,,ne,lok,
Angelica palustris,STA_POKRYVNOSTEXPANZNI,val,5-25 %,,ne,lok,
Angelica palustris,LOK_PROCDOBR,min,50,% lokalit v dobrém stavu,ano,chu,
Tephroseris longifolia subsp. moravica,POP_POCET,min,300,jedinci,ano,lok,
Tephroseris longifolia subsp. moravica,POP_POCETSUM,info,NA,kvetoucí a plodní jedinci,ne,lok,
Tephroseris longifolia subsp. moravica,POP_POCETSUM,info,NA,sterilní jedinci,ne,lok,
Tephroseris longifolia subsp. moravica,POP_TREND,max,1,posledních dvou let s menším poètem jedincù než je referenèní hodnota,ano,lok,
Tephroseris longifolia subsp. moravica,POP_POCETVITAL,info,NA,kvetoucí a plodní jedinci,NA,lok,
Tephroseris longifolia subsp. moravica,POP_VITAL,min,30,% poèet jedincù,ano,lok,
Tephroseris longifolia subsp. moravica,POP_POSKPOC,max,2,poèet typù poškození rostlin,ne,lok,
Tephroseris longifolia subsp. moravica,POP_POSKPERC,max,1,poèet prýtù,ne,lok,
Tephroseris longifolia subsp. moravica,STA_POKRSTAR,val,0,NA,ne,lok,
Tephroseris longifolia subsp. moravica,STA_POKRSTAR,val,do 25 %,,ne,lok,
Tephroseris longifolia subsp. moravica,STA_POKRDREV,val,0,NA,ne,lok,
Tephroseris longifolia subsp. moravica,STA_POKRDREV,val,do 25 %,NA,ne,lok,
Tephroseris longifolia subsp. moravica,STA_POKRDREV,val,25-50 %,NA,ne,lok,
Tephroseris longifolia subsp. moravica,STA_POKRYVNOSTINVAZNI,val,0,NA,ne,lok,
Tephroseris longifolia subsp. moravica,STA_POKRYVNOSTEXPANZNI,val,0,NA,ne,lok,
Tephroseris longifolia subsp. moravica,STA_POKRYVNOSTEXPANZNI,val,do 25 %,NA,ne,lok,
Tephroseris longifolia subsp. moravica,LOK_PROCDOBR,min,50,% lokalit v dobrém stavu,ano,chu,
Dracocephalum austriacum,POP_POCET,min,25,poèet trsù,ano,lok,
Dracocephalum austriacum,POP_POCETSUM,info,NA,kvetoucí a plodné trsy,NA,lok,
Dracocephalum austriacum,POP_POCETSUM,info,NA,sterilní trsy,NA,lok,
Dracocephalum austriacum,POP_VITAL,info,NA,kvetoucí a plodné trsy,NA,lok,
Dracocephalum austriacum,POP_VITAL,min,30,% poèet jedincù,ano,lok,
Dracocephalum austriacum,POP_TREND,max,1,posledních dvou let s menším poètem jedincù než je referenèní hodnota,ano,lok,
Dracocephalum austriacum,POP_POSKPOC,max,2,poèet typù poškození rostlin,ne,lok,
Dracocephalum austriacum,POP_POSKPERC,max,1,poèet trsù,ne,lok,
Dracocephalum austriacum,STA_POKRSTAR,val,0,NA,ne,lok,
Dracocephalum austriacum,STA_POKRSTAR,val,do 5 %,,ne,lok,
Dracocephalum austriacum,STA_POKRSTAR,val,5-25 %,NA,ne,lok,
Dracocephalum austriacum,STA_POKRYVNOSTE2E3,val,0,NA,ne,lok,
Dracocephalum austriacum,STA_POKRYVNOSTE2E3,val,do 5 %,NA,ne,lok,
Dracocephalum austriacum,STA_POKRYVNOSTE2E3,val,5-25 %,NA,ne,lok,
Dracocephalum austriacum,STA_POKRYVNOSTINVAZNI,val,0,,ne,lok,
Dracocephalum austriacum,STA_POKRYVNOSTINVAZNI,val,do 5 %,,ne,lok,
Dracocephalum austriacum,STA_POKRYVNOSTEXPANZNI,val,0,,ne,lok,
Dracocephalum austriacum,STA_POKRYVNOSTEXPANZNI,val,do 5 %,,ne,lok,
Dracocephalum austriacum,STA_POKRYVNOSTEXPANZNI,val,5-25 %,,ne,lok,
Dracocephalum austriacum,STA_POKRYVNOSTE1,val,0,NA,ne,lok,
Dracocephalum austriacum,STA_POKRYVNOSTE1,val,do 5 %,NA,ne,lok,
Dracocephalum austriacum,STA_POKRYVNOSTE1,val,5-25 %,NA,ne,lok,
Dracocephalum austriacum,LOK_PROCDOBR,min,50,% lokalit v dobrém stavu,ano,chu,
Gladiolus palustris,POP_POCETSPEC,min,800,poèet kvetoucích a plodných jedincù,ano,lok,pro EVL Slatinná louka u Velenky
Gladiolus palustris,POP_POCET,min,5,poèet kvetoucích a plodných jedincù,ano,lok,pro ostatní lokality
Gladiolus palustris,POP_TREND,min,1,posledních dvou let s vyšším poètem jedincù než je referenèní hodnota,ano,lok,
Gladiolus palustris,POP_POSKPOC,max,2,poèet typù poškození rostlin,ne,lok,
Gladiolus palustris,POP_POSKPERC,max,1,poèet kvetoucích a plodných jedincù,ne,lok,
Gladiolus palustris,STA_POKRSTAR,val,0,NA,ne,lok,
Gladiolus palustris,STA_POKRSTAR,val,do 25 %,,ne,lok,
Gladiolus palustris,STA_POKRDREVNIZ,val,0,NA,ne,lok,
Gladiolus palustris,STA_POKRDREVNIZ,val,do 25 %,NA,ne,lok,
Gladiolus palustris,STA_POKRYVNOSTE2E3,val,0,NA,ne,lok,
Gladiolus palustris,STA_POKRYVNOSTE2E3,val,do 25 %,NA,ne,lok,
Gladiolus palustris,STA_POKRYVNOSTE2E3,val,25-50 %,NA,ne,lok,
Gladiolus palustris,STA_POKRYVNOSTINVAZNI,val,0,NA,ne,lok,
Gladiolus palustris,STA_POKRYVNOSTEXPANZNI,val,0,,ne,lok,
Gladiolus palustris,STA_POKRYVNOSTEXPANZNI,val,do 25 %,,ne,lok,
Gladiolus palustris,LOK_PROCDOBR,min,50,% lokalit v dobrém stavu,ano,chu,
Ligularia sibirica,POP_POCET,min,150,jedinci,ano,lok,je zde zase potøeba souèet sterilních jedincù a kvetoucích a plodných jedincù
Ligularia sibirica,POP_POCETSUM,info,NA,kvetoucí a plodní jedinci,ne,lok,
Ligularia sibirica,POP_POCETSUM,info,NA,sterilní jedinci,ne,lok,
Ligularia sibirica,POP_POCETVITAL,info,NA,kvetoucí a plodní jedinci,NA,lok,
Ligularia sibirica,POP_VITAL,min,25,% poèet jedincù,ano,lok,
Ligularia sibirica,POP_TREND,max,1,posledních dvou let s menším poètem jedincù než je referenèní hodnota,ano,lok,
Ligularia sibirica,POP_POSKPOC,max,2,poèet typù poškození rostlin,ne,lok,
Ligularia sibirica,POP_POSKPERC,max,1,procenta poètu jedincù,ne,lok,
Ligularia sibirica,STA_POKRDREV,val,0,NA,ne,lok,
Ligularia sibirica,STA_POKRDREV,val,do 25 %,NA,ne,lok,
Ligularia sibirica,STA_POKRSTAR,val,0,NA,ne,lok,
Ligularia sibirica,STA_POKRSTAR,val,do 25 %,NA,ne,lok,
Ligularia sibirica,STA_POKRRAKOS,val,0,NA,ne,lok,
Ligularia sibirica,STA_POKRRAKOS,val,do 25 %,NA,ne,lok,
Ligularia sibirica,STA_POKRRAKOS,val,25-50 %,NA,ne,lok,
Ligularia sibirica,STA_POKRRAKOS,val,50-75 %,NA,ne,lok,
Ligularia sibirica,STA_POKRYVNOSTINVAZNI,val,0,NA,ne,lok,
Ligularia sibirica,STA_POKRYVNOSTEXPANZNI,val,0,NA,ne,lok,
Ligularia sibirica,STA_POKRYVNOSTEXPANZNI,val,do 25 %,NA,ne,lok,
Ligularia sibirica,STA_HYDROPOMERY,val,dobré,NA,ne,lok,
Ligularia sibirica,STA_HYDROPOMERY,val,zhoršené,NA,ne,lok,
Ligularia sibirica,LOK_PROCDOBR,min,50,% lokalit v dobrém stavu,ano,chu,
Aconitum firmum subsp. moravicum,POP_TREND,max,1,posledních dvou let s menším poètem jedincù než je referenèní hodnota,ano,lok,
Aconitum firmum subsp. moravicum,POP_VITAL,info,NA,kvetoucí a plodné prýty,NA,lok,
Aconitum firmum subsp. moravicum,POP_VITAL,min,30,% poèet prýtù,ano,lok,
Aconitum firmum subsp. moravicum,POP_POCET,min,50,poèet prýtù,ano,lok,
Aconitum firmum subsp. moravicum,POP_POCETSUM,info,NA,kvetoucí a plodné prýty,ne,lok,
Aconitum firmum subsp. moravicum,POP_POCETSUM,info,NA,sterilní prýty,ne,lok,
Aconitum firmum subsp. moravicum,POP_POSKPOC,max,3,poèet typù poškození rostlin,ne,lok,
Aconitum firmum subsp. moravicum,POP_POSKPERC,max,2,procenta poètu prýtù,ne,lok,
Aconitum firmum subsp. moravicum,STA_POKRYVNOSTE1,val,0,NA,ne,lok,
Aconitum firmum subsp. moravicum,STA_POKRYVNOSTE1,val,do 5 %,NA,ne,lok,
Aconitum firmum subsp. moravicum,STA_POKRYVNOSTE1,val,5-25 %,NA,ne,lok,
Aconitum firmum subsp. moravicum,STA_POKRYVNOSTE1,val,25-50 %,NA,ne,lok,
Aconitum firmum subsp. moravicum,STA_POKRYVNOSTE1,val,50-75 %,NA,ne,lok,
Aconitum firmum subsp. moravicum,STA_POKRYVNOSTINVAZNI,val,0,,ne,lok,
Aconitum firmum subsp. moravicum,STA_POKRYVNOSTEXPANZNI,val,0,,ne,lok,
Aconitum firmum subsp. moravicum,STA_POKRYVNOSTEXPANZNI,val,do 5 %,,ne,lok,
Aconitum firmum subsp. moravicum,STA_POKRYVNOSTEXPANZNI,val,5-25 %,,ne,lok,
Aconitum firmum subsp. moravicum,STA_POKRYVNOSTE2E3,val,0,NA,ne,lok,
Aconitum firmum subsp. moravicum,STA_POKRYVNOSTE2E3,val,do 5 %,NA,ne,lok,
Aconitum firmum subsp. moravicum,STA_POKRYVNOSTE2E3,val,5-25 %,NA,ne,lok,
Aconitum firmum subsp. moravicum,STA_POKRYVNOSTE2E3,val,25-50 %,NA,ne,lok,
Aconitum firmum subsp. moravicum,STA_POKRYVNOSTE2E3,val,50-75 %,NA,ne,lok,
Aconitum firmum subsp. moravicum,STA_HYDROPOMERY,val,dobré,NA,ne,lok,
Aconitum firmum subsp. moravicum,STA_HYDROPOMERY,val,zhoršené,NA,ne,lok,
Aconitum firmum subsp. moravicum,LOK_PROCDOBR,min,50,% lokalit v dobrém stavu,ano,chu,
Dianthus lumnitzeri,POP_POCET,min,25,kvetoucích a plodných trsù,ano,lok,
Dianthus lumnitzeri,POP_TREND,max,1,posledních dvou let s menším poètem jedincù než je referenèní hodnota,ano,lok,
Dianthus lumnitzeri,STA_POKRDREV,val,0,NA,ne,lok,
Dianthus lumnitzeri,STA_POKRDREV,val,do 25 %,NA,ne,lok,
Dianthus lumnitzeri,STA_POKRSTAR,val,0,NA,ne,lok,
Dianthus lumnitzeri,STA_POKRSTAR,val,do 25 %,NA,ne,lok,
Dianthus lumnitzeri,STA_POKRYVNOSTINVAZNI,val,0,NA,ne,lok,
Dianthus lumnitzeri,STA_POKRYVNOSTEXPANZNI,val,0,NA,ne,lok,
Dianthus lumnitzeri,STA_POKRYVNOSTEXPANZNI,val,do 25 %,NA,ne,lok,
Dianthus lumnitzeri,POP_POSKPOC,max,2,poèet typù poškození rostlin,ne,lok,
Dianthus lumnitzeri,POP_POSKPERC,max,1,poèet kvetoucích a plodných trsù,ne,lok,
Dianthus lumnitzeri,LOK_PROCDOBR,min,50,% lokalit v dobrém stavu,ano,chu,
Dianthus moravicus,POP_POCET,min,100,kvetoucích a plodných trsù,ano,lok,
Dianthus moravicus,POP_TREND,max,1,posledních dvou let s menším poètem jedincù než je referenèní hodnota,ano,lok,
Dianthus moravicus,STA_POKRDREV,val,0,NA,ne,lok,
Dianthus moravicus,STA_POKRDREV,val,do 25 %,NA,ne,lok,
Dianthus moravicus,STA_POKRSTAR,val,0,NA,ne,lok,
Dianthus moravicus,STA_POKRSTAR,val,do 25 %,NA,ne,lok,
Dianthus moravicus,STA_POKRYVNOSTINVAZNI,val,0,NA,ne,lok,
Dianthus moravicus,STA_POKRYVNOSTEXPANZNI,val,0,NA,ne,lok,
Dianthus moravicus,STA_POKRYVNOSTEXPANZNI,val,do 25 %,NA,ne,lok,
Dianthus moravicus,POP_POSKPOC,max,2,poèet typù poškození rostlin,ne,lok,
Dianthus moravicus,LOK_PROCDOBR,min,50,% lokalit v dobrém stavu,ano,chu,
Dianthus moravicus,POP_POSKPERC,max,1,poèet jedincù,ne,lok,
Campanula bohemica,POP_POCET,min,100,kvetoucí a plodné trsy,ano,lok,
Campanula bohemica,POP_TREND,max,1,posledních dvou let s menším poètem jedincù než je referenèní hodnota,ano,lok,
Campanula bohemica,STA_POKRSTAR,val,0,NA,ne,lok,
Campanula bohemica,STA_POKRSTAR,val,do 25 %,NA,ne,lok,
Campanula bohemica,STA_POKRDREV,val,0,,ne,lok,
Campanula bohemica,STA_POKRDREV,val,do 25 %,,ne,lok,
Campanula bohemica,STA_POKRDREV,val,25-50 %,,ne,lok,
Campanula bohemica,STA_POKRYVNOSTINVAZNI,val,0,NA,ne,lok,
Campanula bohemica,STA_POKRYVNOSTEXPANZNI,val,0,NA,ne,lok,
Campanula bohemica,STA_POKRYVNOSTEXPANZNI,val,do 25 %,NA,ne,lok,
Campanula bohemica,LOK_PROCDOBR,min,50,% lokalit v dobrém stavu,ano,chu,
Campanula bohemica,POP_POSKPOC,max,2,poèet typù poškození rostlin,ne,lok,
Campanula bohemica,POP_POSKPERC,max,1,poèet jedincù,ne,lok,
Thesium ebracteatum,POP_POCET,min,17000,prýty,ano,lok,
Thesium ebracteatum,POP_TREND,max,1,posledních dvou let s menším poètem jedincù než je referenèní hodnota,ano,lok,
Thesium ebracteatum,STA_POKRSTAR,val,0,NA,ne,lok,
Thesium ebracteatum,STA_POKRSTAR,val,do 25 %,NA,ne,lok,
Thesium ebracteatum,STA_POKRDREV,val,0,,ne,lok,
Thesium ebracteatum,STA_POKRDREV,val,do 25 %,,ne,lok,
Thesium ebracteatum,STA_POKRYVNOSTINVAZNI,val,0,NA,ne,lok,
Thesium ebracteatum,STA_POKRYVNOSTEXPANZNI,val,0,NA,ne,lok,
Thesium ebracteatum,STA_POKRYVNOSTEXPANZNI,val,do 25 %,NA,ne,lok,
Thesium ebracteatum,LOK_PROCDOBR,min,50,% lokalit v dobrém stavu,ano,chu,
Thesium ebracteatum,POP_POSKPOC,max,2,poèet typù poškození rostlin,ne,lok,
Thesium ebracteatum,POP_POSKPERC,max,1,poèet prýtù,ne,lok,
Pulsatilla grandis,POP_POCET,min,100,kvetoucí a plodné trsy,ano,lok,
Pulsatilla grandis,POP_TREND,max,1,posledních dvou let s menším poètem jedincù než je referenèní hodnota,ano,lok,
Pulsatilla grandis,POP_POSKPOC,max,2,poèet typù poškození rostlin,ne,lok,
Pulsatilla grandis,POP_POSKPERC,max,1,poèet kvetoucích a plodných trsù,ne,lok,
Pulsatilla grandis,STA_POKRSTAR,val,0,NA,ne,lok,
Pulsatilla grandis,STA_POKRSTAR,val,do 25 %,,ne,lok,
Pulsatilla grandis,STA_POKRDREV,val,0,NA,ne,lok,
Pulsatilla grandis,STA_POKRDREV,val,do 25 %,NA,ne,lok,
Pulsatilla grandis,STA_POKRYVNOSTINVAZNI,val,0,,ne,lok,
Pulsatilla grandis,STA_POKRYVNOSTEXPANZNI,val,0,,ne,lok,
Pulsatilla grandis,STA_POKRYVNOSTEXPANZNI,val,do 25 %,,ne,lok,
Pulsatilla grandis,LOK_PROCDOBR,min,50,% lokalit v dobrém stavu,ano,chu,
Asplenium adulterinum,POP_POCET,min,25,poèet trsù,ano,lok,
Asplenium adulterinum,POP_TREND,max,1,posledních dvou let s menším poètem jedincù než je referenèní hodnota,ano,lok,
Asplenium adulterinum,POP_POSKPOC,max,2,poèet typù poškození rostlin,ne,lok,
Asplenium adulterinum,POP_POSKPERC,max,1,poèet trsù,ne,lok,
Asplenium adulterinum,STA_POKRSTAR,val,0,NA,ne,lok,
Asplenium adulterinum,STA_POKRSTAR,val,do 25 %,,ne,lok,
Asplenium adulterinum,STA_POKRYVNOSTE1,val,0,NA,ne,lok,
Asplenium adulterinum,STA_POKRYVNOSTE1,val,do 25 %,NA,ne,lok,
Asplenium adulterinum,STA_POKRYVNOSTINVAZNI,val,0,,ne,lok,
Asplenium adulterinum,STA_POKRYVNOSTEXPANZNI,val,0,,ne,lok,
Asplenium adulterinum,STA_POKRYVNOSTEXPANZNI,val,do 25 %,,ne,lok,
Asplenium adulterinum,STA_ZASTINENICELK,val,0,,ne,lok,
Asplenium adulterinum,STA_ZASTINENICELK,val,do 25 %,,ne,lok,
Asplenium adulterinum,LOK_PROCDOBR,min,50,% lokalit v dobrém stavu,ano,chu,
Campanula gelida,POP_POCET,min,60,poèet trsù,ano,lok,
Campanula gelida,POP_TREND,max,1,posledních dvou let s menším poètem jedincù než je referenèní hodnota,ano,lok,
Campanula gelida,STA_POKRSTAR,val,0,NA,ne,lok,
Campanula gelida,STA_POKRSTAR,val,do 25 %,NA,ne,lok,
Campanula gelida,STA_POKRYVNOSTE1,val,0,NA,ne,lok,
Campanula gelida,STA_POKRYVNOSTE1,val,do 25 %,NA,ne,lok,
Campanula gelida,STA_POKRYVNOSTE1,val,25-50 %,NA,ne,lok,
Campanula gelida,STA_POKRYVNOSTE1,val,50-75 %,NA,ne,lok,
Campanula gelida,LOK_PROCDOBR,min,50,% lokalit v dobrém stavu,ano,chu,
Campanula gelida,POP_POSKPOC,max,2,poèet typù poškození rostlin,ne,lok,
Campanula gelida,POP_POSKPERC,max,1,poèet jedincù,ne,lok,
Cerastium alsinifolium,POP_PLOCHA,min,100,dm2,ano,lok,
Cerastium alsinifolium,POP_TREND,max,1,posledních dvou let s menší plochou než je referenèní hodnota,ano,lok,
Cerastium alsinifolium,POP_POSKPOC,max,2,poèet typù poškození rostlin,ne,lok,
Cerastium alsinifolium,POP_POSKPERC,max,1,èisté plochy populace,ne,lok,
Cerastium alsinifolium,STA_POKRSTAR,val,0,NA,ne,lok,
Cerastium alsinifolium,STA_POKRSTAR,val,do 25 %,,ne,lok,
Cerastium alsinifolium,STA_POKRYVNOSTE1,val,0,NA,ne,lok,
Cerastium alsinifolium,STA_POKRYVNOSTE1,val,do 25 %,NA,ne,lok,
Cerastium alsinifolium,STA_POKRYVNOSTE1,val,25-50 %,NA,ne,lok,
Cerastium alsinifolium,STA_POKRYVNOSTE1,val,50-75 %,NA,ne,lok,
Cerastium alsinifolium,STA_POKRYVNOSTINVAZNI,val,0,,ne,lok,
Cerastium alsinifolium,STA_POKRYVNOSTEXPANZNI,val,0,,ne,lok,
Cerastium alsinifolium,STA_POKRYVNOSTEXPANZNI,val,do 25 %,,ne,lok,
Cerastium alsinifolium,STA_ZASTINENICELK,val,0,,ne,lok,nový parametr
Cerastium alsinifolium,STA_ZASTINENICELK,val,do 25 %,,ne,lok,nový parametr
Cerastium alsinifolium,LOK_PROCDOBR,min,50,% lokalit v dobrém stavu,ano,chu,
Cirsium brachycephalum,POP_POCET,min,100,kvetoucí a plodní jedinci,ano,lok,
Cirsium brachycephalum,POP_TREND,max,1,posledních dvou let s menším poètem kvetoucích a plodných jedincù než je referenèní hodnota,ano,lok,
Cirsium brachycephalum,POP_POSKPOC,max,2,poèet typù poškození rostlin,ne,lok,
Cirsium brachycephalum,POP_POSKPERC,max,1,poèet kvetoucích a plodných trsù,ne,lok,
Cirsium brachycephalum,STA_POKRSTAR,val,0,NA,ne,lok,
Cirsium brachycephalum,STA_POKRSTAR,val,do 25 %,,ne,lok,
Cirsium brachycephalum,STA_POKRDREV,val,0,NA,ne,lok,
Cirsium brachycephalum,STA_POKRDREV,val,do 25 %,NA,ne,lok,
Cirsium brachycephalum,STA_POKRYVNOSTINVAZNI,val,0,,ne,lok,
Cirsium brachycephalum,STA_POKRYVNOSTEXPANZNI,val,0,,ne,lok,
Cirsium brachycephalum,STA_POKRYVNOSTEXPANZNI,val,do 25 %,,ne,lok,
Cirsium brachycephalum,STA_POKRVOLPUD,val,0,,ne,lok,
Cirsium brachycephalum,STA_POKRVOLPUD,val,do 25 %,,ne,lok,
Cirsium brachycephalum,LOK_PROCDOBR,min,50,% lokalit v dobrém stavu,ano,chu,
Echium maculatum,POP_POCET,min,25,poèet jedincù,ano,lok,
Echium maculatum,POP_TREND,max,1,posledních dvou let s menším poètem jedincù než je referenèní hodnota,ano,lok,
Echium maculatum,POP_POSKPOC,max,2,poèet typù poškození rostlin,ne,lok,
Echium maculatum,POP_POSKPERC,max,1,poèet jedincù,ne,lok,
Echium maculatum,STA_POKRSTAR,val,0,NA,ne,lok,
Echium maculatum,STA_POKRSTAR,val,do 25 %,,ne,lok,
Echium maculatum,STA_POKRDREV,val,0,NA,ne,lok,
Echium maculatum,STA_POKRDREV,val,do 25 %,NA,ne,lok,
Echium maculatum,STA_POKRYVNOSTINVAZNI,val,0,,ne,lok,
Echium maculatum,STA_POKRYVNOSTEXPANZNI,val,0,,ne,lok,
Echium maculatum,STA_POKRYVNOSTEXPANZNI,val,do 25 %,,ne,lok,
Echium maculatum,LOK_PROCDOBR,min,50,% lokalit v dobrém stavu,ano,chu,
Galium sudeticum,POP_PLOCHA,min,10,dm2,ano,lok,nový parametr
Galium sudeticum,POP_TREND,max,1,posledních dvou let s menší plochou než je referenèní hodnota,ano,lok,
Galium sudeticum,POP_POSKPOC,max,2,poèet typù poškození rostlin,ne,lok,
Galium sudeticum,POP_POSKPERC,max,1,èisté plochy populace,ne,lok,
Galium sudeticum,STA_POKRDREV,val,0,NA,ne,lok,
Galium sudeticum,STA_POKRDREV,val,do 25 %,NA,ne,lok,
Galium sudeticum,STA_POKRYVNOSTINVAZNI,val,0,,ne,lok,
Galium sudeticum,STA_POKRYVNOSTEXPANZNI,val,0,,ne,lok,
Galium sudeticum,STA_POKRYVNOSTEXPANZNI,val,do 25 %,,ne,lok,
Galium sudeticum,LOK_PROCDOBR,min,50,% lokalit v dobrém stavu,ano,chu,
Himantoglossum adriaticum,POP_POCETSUM,info,NA,kvetoucí a plodní jedinci,NA,lok,
Himantoglossum adriaticum,POP_POCETSUM,info,NA,sterilní jedinci,NA,lok,
Himantoglossum adriaticum,POP_POCET,min,12,poèet jedincù,ano,lok,
Himantoglossum adriaticum,POP_TREND,max,1,posledních dvou let s menším poètem jedincù než je referenèní hodnota,ano,lok,
Himantoglossum adriaticum,POP_POCETVITAL,info,NA,kvetoucí a plodní jedinci,NA,lok,
Himantoglossum adriaticum,POP_VITAL,min,30,poètu jedincù,ano,lok,
Himantoglossum adriaticum,POP_POSKPOC,max,2,poèet typù poškození rostlin,ne,lok,
Himantoglossum adriaticum,POP_POSKPERC,max,1,poèet jedincù,ne,lok,
Himantoglossum adriaticum,STA_POKRSTAR,val,0,NA,ne,lok,
Himantoglossum adriaticum,STA_POKRSTAR,val,do 25 %,,ne,lok,
Himantoglossum adriaticum,STA_POKRDREV,val,0,NA,ne,lok,
Himantoglossum adriaticum,STA_POKRDREV,val,do 25 %,NA,ne,lok,
Himantoglossum adriaticum,STA_POKRDREV,val,25-50 %,,ne,lok,
Himantoglossum adriaticum,STA_POKRYVNOSTINVAZNI,val,0,,ne,lok,
Himantoglossum adriaticum,STA_POKRYVNOSTEXPANZNI,val,0,,ne,lok,
Himantoglossum adriaticum,STA_POKRYVNOSTEXPANZNI,val,do 25 %,,ne,lok,
Himantoglossum adriaticum,LOK_PROCDOBR,min,50,% lokalit v dobrém stavu,ano,chu,
Iris humilis subsp. arenaria,POP_POCET,min,150,poèet prýtù,ano,lok,
Iris humilis subsp. arenaria,POP_TREND,max,1,posledních dvou let s menším poètem prýtù než je referenèní hodnota,ano,lok,
Iris humilis subsp. arenaria,POP_POSKPOC,max,2,poèet typù poškození rostlin,ne,lok,
Iris humilis subsp. arenaria,POP_POSKPERC,max,1,poètu prýtù,ne,lok,
Iris humilis subsp. arenaria,STA_POKRDREV,val,0,NA,ne,lok,
Iris humilis subsp. arenaria,STA_POKRDREV,val,do 25 %,NA,ne,lok,
Iris humilis subsp. arenaria,STA_POKRSTAR,val,0,NA,ne,lok,
Iris humilis subsp. arenaria,STA_POKRSTAR,val,do 25 %,,ne,lok,
Iris humilis subsp. arenaria,STA_POKRYVNOSTE1,val,0,NA,ne,lok,
Iris humilis subsp. arenaria,STA_POKRYVNOSTE1,val,do 25 %,NA,ne,lok,
Iris humilis subsp. arenaria,STA_POKRYVNOSTE1,val,25-50 %,NA,ne,lok,
Iris humilis subsp. arenaria,STA_POKRYVNOSTE1,val,50-75 %,NA,ne,lok,
Iris humilis subsp. arenaria,STA_POKRYVNOSTINVAZNI,val,0,,ne,lok,
Iris humilis subsp. arenaria,STA_POKRYVNOSTEXPANZNI,val,0,,ne,lok,
Iris humilis subsp. arenaria,STA_POKRYVNOSTEXPANZNI,val,do 25 %,,ne,lok,
Iris humilis subsp. arenaria,LOK_PROCDOBR,min,50,% lokalit v dobrém stavu,ano,chu,
Jurinea cyanoides,POP_POCET,min,100,poèet prýtù,ano,lok,
Jurinea cyanoides,POP_TREND,max,1,posledních dvou let s menším poètem prýtù než je referenèní hodnota,ano,lok,
Jurinea cyanoides,POP_POSKPOC,max,2,poèet typù poškození rostlin,ne,lok,
Jurinea cyanoides,POP_POSKPERC,max,1,poèet kvetoucích a plodných trsù,ne,lok,
Jurinea cyanoides,POP_POCETVITAL,info,NA,kvetoucí a plodné trsy,NA,lok,
Jurinea cyanoides,POP_VITAL,min,30,% plodných prýtù,ano,lok,
Jurinea cyanoides,STA_POKRSTAR,val,0,NA,ne,lok,
Jurinea cyanoides,STA_POKRSTAR,val,do 5 %,NA,ne,lok,
Jurinea cyanoides,STA_POKRSTAR,val,5-25 %,NA,ne,lok,
Jurinea cyanoides,STA_POKRYVNOSTE1,val,0,NA,ne,lok,
Jurinea cyanoides,STA_POKRYVNOSTE1,val,do 5 %,NA,ne,lok,
Jurinea cyanoides,STA_POKRYVNOSTE1,val,5-25 %,NA,ne,lok,
Jurinea cyanoides,STA_POKRYVNOSTE1,val,25-50 %,NA,ne,lok,
Jurinea cyanoides,STA_POKRYVNOSTINVAZNI,val,0,NA,ne,lok,
Jurinea cyanoides,STA_POKRYVNOSTEXPANZNI,val,0,NA,ne,lok,
Jurinea cyanoides,STA_POKRYVNOSTEXPANZNI,val,do 5 %,NA,ne,lok,
Jurinea cyanoides,STA_POKRYVNOSTEXPANZNI,val,5-25 %,NA,ne,lok,
Jurinea cyanoides,STA_POKRVOLPUD,val,0,NA,ne,lok,
Jurinea cyanoides,STA_POKRVOLPUD,val,do 5 %,NA,ne,lok,
Jurinea cyanoides,STA_POKRDREVNIZ,val,0,NA,ne,lok,
Jurinea cyanoides,STA_POKRDREVNIZ,val,do 5 %,NA,ne,lok,
Jurinea cyanoides,STA_POKRYVNOSTE2E3,val,0,NA,ne,lok,
Jurinea cyanoides,STA_POKRYVNOSTE2E3,val,do 5 %,NA,ne,lok,
Jurinea cyanoides,LOK_PROCDOBR,min,50,% lokalit v dobrém stavu,ano,chu,
Jurinea cyanoides,STA_POKRYVNOSTE2E3,val,5-25 %,NA,ne,lok,
Luronium natans,POP_POCET,min,1000,poèet rùžic,ano,lok,
Luronium natans,POP_TREND,max,1,posledních dvou let s menším poètem rùžic než je referenèní hodnota,ano,lok,
Luronium natans,POP_POSKPOC,max,2,poèet typù poškození rostlin,ne,lok,
Luronium natans,POP_POSKPERC,max,1,poèet kvetoucích a plodných trsù,ne,lok,
Luronium natans,STA_STUPENZACH,val,dobrý,NA,ne,lok,
Luronium natans,STA_STUPENZACH,val,støední,NA,ne,lok,
Luronium natans,STA_POC_OST_NATASUB_DRH,val,0,NA,ne,lok,
Luronium natans,STA_POC_OST_NATASUB_DRH,val,do 25 %,NA,ne,lok,
Luronium natans,STA_POKRYVNOSTEXPANZNI,val,0,NA,ne,lok,
Luronium natans,STA_POKRYVNOSTEXPANZNI,val,do 25 %,NA,ne,lok,
Luronium natans,LOK_PROCDOBR,min,50,% lokalit v dobrém stavu,ano,chu,
Minuartia smejkalii,POP_POCET,min,100,poèet trsù,ano,lok,
Minuartia smejkalii,POP_TREND,max,1,posledních dvou let s menším poètem trsù než je referenèní hodnota,ano,lok,
Minuartia smejkalii,POP_POCETVITAL,info,NA,kvetoucí a plodné trsy,NA,lok,
Minuartia smejkalii,POP_VITAL,min,40,% kvetoucích a plodných trsù,ano,lok,
Minuartia smejkalii,POP_POSKPOC,max,2,poèet typù poškození rostlin,ne,lok,
Minuartia smejkalii,POP_POSKPERC,max,1,èisté plochy populace,ne,lok,
Minuartia smejkalii,STA_POKRSTAR,val,0,NA,ne,lok,
Minuartia smejkalii,STA_POKRSTAR,val,do 25 %,,ne,lok,
Minuartia smejkalii,STA_POKRYVNOSTE0,val,0%,,ne,lok,
Minuartia smejkalii,STA_POKRYVNOSTE0,val,do 25 %,,ne,lok,
Minuartia smejkalii,STA_POKRYVNOSTE1,val,0,NA,ne,lok,
Minuartia smejkalii,STA_POKRYVNOSTE1,val,do 25 %,NA,ne,lok,
Minuartia smejkalii,STA_POKRYVNOSTE2E3,val,0,NA,ne,lok,
Minuartia smejkalii,STA_POKRYVNOSTE2E3,val,do 25 %,NA,ne,lok,
Minuartia smejkalii,STA_POKRYVNOSTE2E3,val,25-50 %,NA,ne,lok,
Minuartia smejkalii,STA_POKRYVNOSTINVAZNI,val,0,,ne,lok,
Minuartia smejkalii,STA_POKRYVNOSTEXPANZNI,val,0,,ne,lok,
Minuartia smejkalii,STA_POKRYVNOSTEXPANZNI,val,do 25 %,,ne,lok,
Minuartia smejkalii,LOK_PROCDOBR,min,50,% lokalit v dobrém stavu,ano,chu,
Pedicularis sudetica,POP_POCET,min,10,poèet kvetoucích a plodných lodyh,ano,lok,
Pedicularis sudetica,POP_TREND,max,1,poèet kvetoucích a plodných lodyh,ano,lok,
Pedicularis sudetica,POP_POSKPOC,max,2,poèet typù poškození rostlin,ne,lok,
Pedicularis sudetica,POP_POSKPERC,max,1,poèet kvetoucích a plodných lodyh,ne,lok,
Pedicularis sudetica,STA_POKRYVNOSTE1,val,0,NA,ne,lok,
Pedicularis sudetica,STA_POKRYVNOSTE1,val,do 25 %,NA,ne,lok,
Pedicularis sudetica,STA_POKRYVNOSTE1,val,25-50 %,NA,ne,lok,
Pedicularis sudetica,STA_POKRYVNOSTE1,val,50-75 %,NA,ne,lok,
Pedicularis sudetica,STA_POKRDREV,val,0,NA,ne,lok,
Pedicularis sudetica,STA_POKRDREV,val,do 25 %,NA,ne,lok,
Pedicularis sudetica,STA_POKRYVNOSTINVAZNI,val,0,,ne,lok,
Pedicularis sudetica,STA_POKRYVNOSTEXPANZNI,val,0,,ne,lok,
Pedicularis sudetica,STA_POKRYVNOSTEXPANZNI,val,do 25 %,,ne,lok,
Pedicularis sudetica,LOK_PROCDOBR,min,50,% lokalit v dobrém stavu,ano,chu,
Poa riphaea,POP_POCET,min,150,poèet trsù,ano,lok,
Poa riphaea,POP_TREND,max,1,posledních dvou let s menším poètem trsù než je referenèní hodnota,ano,lok,
Poa riphaea,POP_POCETVITAL,info,NA,poèet stébel\poèet trsù,NA,lok,
Poa riphaea,POP_VITAL,min,15,poèet stébel\poèet trsù,ano,lok,
Poa riphaea,POP_POSKPOC,max,2,poèet typù poškození rostlin,ne,lok,
Poa riphaea,POP_POSKPERC,max,1,poètu trsù,ne,lok,
Poa riphaea,STA_STUPENZACH,val,dobrý,,ne,lok,
Poa riphaea,STA_STUPENZACH,val,støední,,ne,lok,
Poa riphaea,LOK_PROCDOBR,min,50,% lokalit v dobrém stavu,ano,chu,
Klasea lycopifolia,POP_POPULACE,min,100,m2,ano,lok,nový parametr
Klasea lycopifolia,POP_TREND,max,1,posledních dvou let s menším poètem jedincù než je referenèní hodnota,ano,lok,
Klasea lycopifolia,POP_POCETVITAL,info,NA,kvetoucí a plodné prýty,ano,lok,
Klasea lycopifolia,POP_VITAL,min,30,podíl kvetoucích a plodných prýtù a plochy populace,ano,lok,
Klasea lycopifolia,POP_POSKPOC,max,2,poèet typù poškození rostlin,ne,lok,
Klasea lycopifolia,POP_POSKPERC,max,1,poètu prýtù,ne,lok,
Klasea lycopifolia,STA_POKRSTAR,val,0,NA,ne,lok,
Klasea lycopifolia,STA_POKRSTAR,val,do 25 %,,ne,lok,
Klasea lycopifolia,STA_POKRDREV,val,0,NA,ne,lok,
Klasea lycopifolia,STA_POKRDREV,val,do 25 %,NA,ne,lok,
Klasea lycopifolia,STA_POKRYVNOSTINVAZNI,val,0,,ne,lok,
Klasea lycopifolia,STA_POKRYVNOSTEXPANZNI,val,0,,ne,lok,
Klasea lycopifolia,STA_POKRYVNOSTEXPANZNI,val,do 25 %,,ne,lok,
Klasea lycopifolia,LOK_PROCDOBR,min,50,% lokalit v dobrém stavu,ano,chu,
Stipa zalesskii,POP_POCET,min,25,poèet trsù,ano,lok,
Stipa zalesskii,POP_TREND,max,1,posledních dvou let s menším poètem trsù než je referenèní hodnota,ano,lok,
Stipa zalesskii,POP_POSKPOC,max,2,poèet typù poškození rostlin,ne,lok,
Stipa zalesskii,POP_POSKPERC,max,1,poètu trsù,ne,lok,
Stipa zalesskii,STA_POKRSTAR,val,0,NA,ne,lok,
Stipa zalesskii,STA_POKRSTAR,val,do 25 %,,ne,lok,
Stipa zalesskii,STA_POKRYVNOSTE1,val,0,NA,ne,lok,
Stipa zalesskii,STA_POKRYVNOSTE1,val,do 25 %,NA,ne,lok,
Stipa zalesskii,STA_POKRYVNOSTE1,val,25-50 %,NA,ne,lok,
Stipa zalesskii,STA_POKRYVNOSTE1,val,50-75 %,NA,ne,lok,
Stipa zalesskii,STA_POKRYVNOSTE2E3,val,0,NA,ne,lok,
Stipa zalesskii,STA_POKRYVNOSTE2E3,val,do 25 %,NA,ne,lok,
Stipa zalesskii,STA_POKRYVNOSTINVAZNI,val,0,,ne,lok,
Stipa zalesskii,STA_POKRYVNOSTEXPANZNI,val,0,,ne,lok,
Stipa zalesskii,STA_POKRYVNOSTEXPANZNI,val,do 25 %,,ne,lok,
Stipa zalesskii,LOK_PROCDOBR,min,50,% lokalit v dobrém stavu,ano,chu,
Trichomanes speciosum,POP_PLOCHA,min,10,cm2,ano,lok,
Trichomanes speciosum,POP_TREND,max,1,posledních dvou let s menší hodnotou èisté populace než je referenèní hodnota,ano,lok,
Trichomanes speciosum,POP_POSKPOC,max,2,poèet typù poškození rostlin,ne,lok,
Trichomanes speciosum,POP_POSKPERC,max,1,èisté plochy populace,ne,lok,
Trichomanes speciosum,STA_STUPENZACH,val,dobrý,,ne,lok,
Trichomanes speciosum,STA_STUPENZACH,val,støední,,ne,lok,
Trichomanes speciosum,STA_VLHPOM,val,dobré,,ne,lok,nový parametr
Trichomanes speciosum,STA_VLHPOM,val,støední,,ne,lok,nový parametr
Trichomanes speciosum,LOK_PROCDOBR,min,50,% lokalit v dobrém stavu,ano,chu,
Cypripedium calceolus,POP_PROCDOB,min,50,% populace v dobrém stavu,ano,chu,
Liparis loeselii,POP_PROCDOB,min,50,% populace v dobrém stavu,ano,chu,
Coleanthus subtilis,POP_PROCDOB,min,50,% populace v dobrém stavu,ano,chu,
Gentianella praecox subsp. bohemica,POP_PROCDOB,min,50,% populace v dobrém stavu,ano,chu,
Adenophora liliifolia,POP_PROCDOB,min,50,% populace v dobrém stavu,ano,chu,
Dianthus arenarius subsp. bohemicus,POP_PROCDOB,min,50,% populace v dobrém stavu,ano,chu,
Pulsatilla patens,POP_PROCDOB,min,50,% populace v dobrém stavu,ano,chu,
Angelica palustris,POP_PROCDOB,min,50,% populace v dobrém stavu,ano,chu,
Tephroseris longifolia subsp. moravica,POP_PROCDOB,min,50,% populace v dobrém stavu,ano,chu,
Dracocephalum austriacum,POP_PROCDOB,min,50,% populace v dobrém stavu,ano,chu,
Gladiolus palustris,POP_PROCDOB,min,50,% populace v dobrém stavu,ano,chu,
Ligularia sibirica,POP_PROCDOB,min,50,% populace v dobrém stavu,ano,chu,
Aconitum firmum subsp. moravicum,POP_PROCDOB,min,50,% populace v dobrém stavu,ano,chu,
Dianthus lumnitzeri,POP_PROCDOB,min,50,% populace v dobrém stavu,ano,chu,
Dianthus moravicus,POP_PROCDOB,min,50,% populace v dobrém stavu,ano,chu,
Campanula bohemica,POP_PROCDOB,min,50,% populace v dobrém stavu,ano,chu,
Thesium ebracteatum,POP_PROCDOB,min,50,% populace v dobrém stavu,ano,chu,
Pulsatilla grandis,POP_PROCDOB,min,50,% populace v dobrém stavu,ano,chu,
Asplenium adulterinum,POP_PROCDOB,min,50,% populace v dobrém stavu,ano,chu,
Campanula gelida,POP_PROCDOB,min,50,% populace v dobrém stavu,ano,chu,
Cerastium alsinifolium,POP_PROCDOB,min,50,% populace v dobrém stavu,ano,chu,
Cirsium brachycephalum,POP_PROCDOB,min,50,% populace v dobrém stavu,ano,chu,
Echium maculatum,POP_PROCDOB,min,50,% populace v dobrém stavu,ano,chu,
Galium sudeticum,POP_PROCDOB,min,50,% populace v dobrém stavu,ano,chu,
Himantoglossum adriaticum,POP_PROCDOB,min,50,% populace v dobrém stavu,ano,chu,
Iris humilis subsp. arenaria,POP_PROCDOB,min,50,% populace v dobrém stavu,ano,chu,
Jurinea cyanoides,POP_PROCDOB,min,50,% populace v dobrém stavu,ano,chu,
Luronium natans,POP_PROCDOB,min,50,% populace v dobrém stavu,ano,chu,
Minuartia smejkalii,POP_PROCDOB,min,50,% populace v dobrém stavu,ano,chu,
Pedicularis sudetica,POP_PROCDOB,min,50,% populace v dobrém stavu,ano,chu,
Poa riphaea,POP_PROCDOB,min,50,% populace v dobrém stavu,ano,chu,
Klasea lycopifolia,POP_PROCDOB,min,50,% populace v dobrém stavu,ano,chu,
Stipa zalesskii,POP_PROCDOB,min,50,% populace v dobrém stavu,ano,chu,
Trichomanes speciosum,POP_PROCDOB,min,50,% populace v dobrém stavu,ano,chu,
