.target_id;SITECODE;HABITAT_CODE;status;elapsed_sec;error_message
1;CZ0520519;7140;ok;8,54113101959229e-02;
2;CZ0520519;8220;ok;3,15308570861816e-03;
3;CZ0520519;8310;ok;2,94423103332520e-03;
4;CZ0520519;9110;ok;7,29741573333740e+00;
5;CZ0520519;9410;ok;5,46438336372375e+00;
6;CZ0520519;91D0;ok;3,84879374504089e+00;
7;CZ0214005;6410;ok;2,49481201171875e-03;
8;CZ0214005;6430;ok;2,46286392211914e-03;
9;CZ0214005;6510;ok;2,41565704345703e-03;
10;CZ0214005;9170;ok;4,83603549003601e+00;
11;CZ0214005;9180;ok;2,33185696601868e+00;
12;CZ0214005;91E0;ok;3,60931730270386e+00;
13;CZ0534051;6210;ok;2,62522697448730e-03;
14;CZ0534051;6510;ok;2,43139266967773e-03;
15;CZ0534051;91E0;ok;3,22784233093262e+00;
16;CZ0610175;9110;ok;4,42075777053833e+00;
17;CZ0720013;6210;ok;2,59447097778320e-03;
18;CZ0720013;6510;ok;2,54249572753906e-03;
19;CZ0720013;91I0;ok;9,04814481735229e-01;
20;CZ0520028;7220;ok;2,64310836791992e-03;
21;CZ0520028;8210;ok;2,53915786743164e-03;
22;CZ0520028;9180;ok;1,80647921562195e+00;
23;CZ0424034;6410;ok;3,00669670104980e-03;
24;CZ0424034;6430;ok;2,97808647155762e-03;
25;CZ0424034;6510;ok;2,90131568908691e-03;
26;CZ0410404;3150;ok;2,89630889892578e-03;
27;CZ0410404;3160;ok;2,88844108581543e-03;
28;CZ0410404;7140;ok;3,04603576660156e-03;
29;CZ0410404;9410;ok;2,08558630943298e+00;
30;CZ0714082;9170;ok;5,38905262947083e+00;
31;CZ0714082;91F0;ok;2,02647852897644e+00;
32;CZ0323142;3260;ok;2,43830680847168e-03;
33;CZ0724089;3220;ok;2,35819816589355e-03;
34;CZ0724089;3240;ok;2,41398811340332e-03;
35;CZ0724089;5130;ok;2,45189666748047e-03;
36;CZ0724089;6210;ok;2,38490104675293e-03;
37;CZ0724089;6230;ok;2,37083435058594e-03;
38;CZ0724089;6430;ok;2,39896774291992e-03;
39;CZ0724089;6510;ok;2,37393379211426e-03;
40;CZ0724089;7220;ok;2,39634513854980e-03;
41;CZ0724089;7230;ok;2,38704681396484e-03;
42;CZ0724089;8220;ok;2,35295295715332e-03;
43;CZ0724089;8310;ok;2,36439704895020e-03;
44;CZ0724089;9110;ok;3,57238800525665e+02;
45;CZ0724089;9130;ok;3,43349688053131e+02;
46;CZ0724089;9140;ok;2,99852498531342e+02;
47;CZ0724089;9170;ok;3,13665457725525e+02;
48;CZ0724089;9180;ok;3,15558511972427e+02;
49;CZ0724089;9410;ok;3,08523668766022e+02;
50;CZ0724089;91E0;ok;3,11530478239059e+02;
51;CZ0424036;6210;ok;3,00335884094238e-03;
52;CZ0424036;91H0;ok;7,81500816345215e-01;
53;CZ0620001;6240;ok;2,64739990234375e-03;
54;CZ0424030;8220;ok;2,54368782043457e-03;
55;CZ0424030;9110;ok;5,99226069450378e+00;
56;CZ0424030;9130;ok;3,92934393882751e+00;
57;CZ0424030;9180;ok;2,95674824714661e+00;
58;CZ0424030;91E0;ok;4,17743301391602e+00;
59;CZ0724090;3140;ok;2,66361236572266e-03;
60;CZ0724090;6210;ok;2,66718864440918e-03;
61;CZ0724090;6230;ok;2,64596939086914e-03;
62;CZ0724090;6410;ok;2,65145301818848e-03;
63;CZ0724090;6430;ok;2,84314155578613e-03;
64;CZ0724090;6510;ok;3,17287445068359e-03;
65;CZ0724090;7220;ok;3,55029106140137e-03;
66;CZ0724090;7230;ok;3,79657745361328e-03;
67;CZ0724090;9110;ok;5,96567857265472e+01;
68;CZ0724090;9130;ok;7,74320917129517e+01;
69;CZ0724090;9170;ok;6,96092984676361e+01;
70;CZ0724090;9180;ok;5,73354251384735e+01;
71;CZ0724090;6210p;ok;5,27024269104004e-03;
72;CZ0724090;91E0;ok;6,07636430263519e+01;
73;CZ0724090;91G0;ok;5,85919857025146e+01;
74;CZ0724090;91I0;ok;5,74877481460571e+01;
75;CZ0720441;6210;ok;7,00306892395020e-03;
76;CZ0720441;6510;ok;6,26754760742188e-03;
77;CZ0720441;7220;ok;5,65838813781738e-03;
78;CZ0720441;9130;ok;3,72809648513794e+00;
79;CZ0720441;9170;ok;5,31964159011841e+00;
80;CZ0720441;6210p;ok;2,81834602355957e-03;
81;CZ0424129;6210;ok;2,73394584655762e-03;
82;CZ0424129;8230;ok;3,12733650207520e-03;
83;CZ0424129;6210p;ok;3,31664085388184e-03;
84;CZ0424129;91E0;ok;3,50583887100220e+00;
85;CZ0424135;6210;ok;2,81262397766113e-03;
86;CZ0424135;6210p;ok;2,79831886291504e-03;
87;CZ0210100;7220;ok;2,67887115478516e-03;
88;CZ0210100;9150;ok;7,71722078323364e-01;
89;CZ0210100;91E0;ok;3,15264129638672e+00;
90;CZ0623035;6250;ok;2,69722938537598e-03;
91;CZ0510441;6510;ok;2,62999534606934e-03;
92;CZ0510441;8220;ok;2,56896018981934e-03;
93;CZ0510441;9170;ok;5,45610928535461e+00;
94;CZ0510441;9180;ok;2,36025190353394e+00;
95;CZ0510441;91E0;ok;3,39885330200195e+00;
96;CZ0510441;91I0;ok;1,72746491432190e+00;
97;CZ0310629;3140;ok;4,70423698425293e-03;
98;CZ0310629;3160;ok;3,42249870300293e-03;
99;CZ0314124;3260;ok;4,73380088806152e-03;
100;CZ0314124;6190;ok;5,56635856628418e-03;
101;CZ0314124;6210;ok;5,37323951721191e-03;
102;CZ0314124;6410;ok;5,13219833374023e-03;
103;CZ0314124;6510;ok;5,17129898071289e-03;
104;CZ0314124;8220;ok;5,04732131958008e-03;
105;CZ0314124;9110;ok;2,57022559642792e+01;
106;CZ0314124;9130;ok;2,57156088352203e+01;
107;CZ0314124;9170;ok;2,24572393894196e+01;
108;CZ0314124;9180;ok;1,98790297508240e+01;
109;CZ0314124;6210p;ok;3,93438339233398e-03;
110;CZ0314124;91U0;ok;1,83014779090881e+01;
111;CZ0110142;6410;ok;3,31211090087891e-03;
112;CZ0110142;9170;ok;4,56608653068542e+00;
113;CZ0110142;9190;ok;1,27787137031555e+00;
114;CZ0410023;3150;ok;2,97260284423828e-03;
115;CZ0410023;4030;ok;2,98094749450684e-03;
116;CZ0410023;6410;ok;3,00860404968262e-03;
117;CZ0410023;6430;ok;3,12280654907227e-03;
118;CZ0410023;7140;ok;2,88248062133789e-03;
119;CZ0623324;3260;ok;2,99811363220215e-03;
120;CZ0530033;6210;ok;3,07011604309082e-03;
121;CZ0530033;6510;ok;2,95114517211914e-03;
122;CZ0530033;9110;ok;5,63878989219666e+00;
123;CZ0530033;9130;ok;3,99801564216614e+00;
124;CZ0420451;6210;ok;5,03134727478027e-03;
125;CZ0420451;6410;ok;4,94241714477539e-03;
126;CZ0420451;6510;ok;5,05328178405762e-03;
127;CZ0420451;8220;ok;4,63509559631348e-03;
128;CZ0420451;9170;ok;5,34839010238647e+00;
129;CZ0420451;9180;ok;2,04249930381775e+00;
130;CZ0420451;6210p;ok;2,83956527709961e-03;
131;CZ0420451;91E0;ok;3,62291908264160e+00;
132;CZ0314123;3150;ok;2,73704528808594e-03;
133;CZ0314123;6230;ok;2,69055366516113e-03;
134;CZ0314123;6410;ok;2,63762474060059e-03;
135;CZ0314123;6430;ok;2,79855728149414e-03;
136;CZ0314123;6510;ok;2,69269943237305e-03;
137;CZ0314123;7120;ok;2,66051292419434e-03;
138;CZ0314123;7140;ok;2,66551971435547e-03;
139;CZ0314123;8220;ok;2,67863273620605e-03;
140;CZ0314123;9110;ok;3,02390677928925e+01;
141;CZ0314123;9130;ok;2,93204810619354e+01;
142;CZ0314123;9180;ok;2,37464056015015e+01;
143;CZ0314123;91E0;ok;2,60564835071564e+01;
144;CZ0422075;6210;ok;2,72703170776367e-03;
145;CZ0422075;6510;ok;2,73728370666504e-03;
146;CZ0422075;8220;ok;2,67982482910156e-03;
147;CZ0422075;40A0;ok;2,68983840942383e-03;
148;CZ0314021;3160;ok;2,65216827392578e-03;
149;CZ0314021;6410;ok;2,62331962585449e-03;
150;CZ0314021;7140;ok;2,62856483459473e-03;
151;CZ0314021;91D0;ok;1,32975077629089e+00;
152;CZ0314021;91T0;ok;5,06073713302612e-01;
153;CZ0420026;6190;ok;2,68077850341797e-03;
154;CZ0420026;8150;ok;2,79164314270020e-03;
155;CZ0420026;8220;ok;2,63571739196777e-03;
156;CZ0420026;9180;ok;2,04868650436401e+00;
157;CZ0420026;40A0;ok;6,43992424011230e-03;
158;CZ0624094;9170;ok;4,65916347503662e+00;
159;CZ0533296;3140;ok;3,84569168090820e-03;
160;CZ0623798;91E0;ok;3,30112719535828e+00;
161;CZ0530501;8210;ok;2,87008285522461e-03;
162;CZ0530501;9130;ok;4,23957681655884e+00;
163;CZ0530501;9180;ok;2,26846528053284e+00;
164;CZ0710505;40A0;ok;2,84671783447266e-03;
165;CZ0214047;4030;ok;2,84481048583984e-03;
166;CZ0214047;7140;ok;2,92778015136719e-03;
167;CZ0214047;91D0;ok;1,10061645507812e+00;
168;CZ0520518;4030;ok;3,01814079284668e-03;
169;CZ0520518;8220;ok;2,96831130981445e-03;
170;CZ0520518;8310;ok;2,92015075683594e-03;
171;CZ0520518;9110;ok;8,99338412284851e+00;
172;CZ0520518;9130;ok;7,20620679855347e+00;
173;CZ0520178;6510;ok;4,58455085754395e-03;
174;CZ0520178;9110;ok;4,29655742645264e+00;
175;CZ0520178;9130;ok;3,16667461395264e+00;
176;CZ0520178;91E0;ok;3,81421542167664e+00;
177;CZ0212001;3130;ok;5,28788566589355e-03;
178;CZ0623004;91E0;ok;3,25451207160950e+00;
179;CZ0510405;6230;ok;2,94470787048340e-03;
180;CZ0510405;6430;ok;2,86126136779785e-03;
181;CZ0510405;7140;ok;2,83169746398926e-03;
182;CZ0510405;9130;ok;3,19976019859314e+00;
183;CZ0510405;9140;ok;9,17677879333496e-01;
184;CZ0510405;9180;ok;2,19964122772217e+00;
185;CZ0510405;9410;ok;2,43526244163513e+00;
186;CZ0510405;91D0;ok;1,20696806907654e+00;
187;CZ0413177;3160;ok;2,69317626953125e-03;
188;CZ0413177;6430;ok;2,71391868591309e-03;
189;CZ0524048;7230;ok;2,73036956787109e-03;
190;CZ0620073;2330;ok;2,65789031982422e-03;
191;CZ0620194;8220;ok;2,72798538208008e-03;
192;CZ0620194;9180;ok;1,93621730804443e+00;
193;CZ0320023;6110;ok;3,58939170837402e-03;
194;CZ0320023;9150;ok;8,44704627990723e-01;
195;CZ0320023;91U0;ok;7,83817291259766e-01;
196;CZ0320180;6410;ok;2,60853767395020e-03;
197;CZ0320180;7140;ok;2,62856483459473e-03;
198;CZ0320180;9110;ok;6,25449061393738e+00;
199;CZ0320180;9130;ok;3,66486763954163e+00;
200;CZ0320180;9180;ok;2,14413332939148e+00;
201;CZ0320180;9190;ok;1,32783269882202e+00;
202;CZ0320180;9410;ok;2,97489929199219e+00;
203;CZ0320180;91D0;ok;1,25320315361023e+00;
204;CZ0624062;6210;ok;3,83615493774414e-03;
205;CZ0624062;91G0;ok;1,08541297912598e+00;
206;CZ0624062;91I0;ok;9,22162294387817e-01;
207;CZ0534050;3150;ok;2,84433364868164e-03;
208;CZ0214004;2330;ok;2,79498100280762e-03;
209;CZ0214004;6510;ok;2,97999382019043e-03;
210;CZ0214004;9170;ok;4,49321436882019e+00;
211;CZ0214004;9190;ok;1,45216441154480e+00;
212;CZ0624072;3140;ok;5,51176071166992e-03;
213;CZ0624072;6210;ok;4,98676300048828e-03;
214;CZ0624072;6410;ok;4,89330291748047e-03;
215;CZ0624072;6430;ok;5,72562217712402e-03;
216;CZ0624072;6510;ok;5,37037849426270e-03;
217;CZ0624072;7220;ok;5,59735298156738e-03;
218;CZ0624072;9130;ok;6,93502521514893e+00;
219;CZ0624072;9170;ok;9,16322231292725e+00;
220;CZ0624072;6210p;ok;4,25934791564941e-03;
221;CZ0624072;91E0;ok;6,32851457595825e+00;
222;CZ0624072;91G0;ok;4,39460420608521e+00;
223;CZ0624072;91I0;ok;4,11202359199524e+00;
224;CZ0210704;6190;ok;2,99811363220215e-03;
225;CZ0210704;40A0;ok;3,07965278625488e-03;
226;CZ0310032;3260;ok;2,81667709350586e-03;
227;CZ0310032;8220;ok;2,88844108581543e-03;
228;CZ0310610;7120;ok;2,79259681701660e-03;
229;CZ0310610;91D0;ok;1,30811929702759e+00;
230;CZ0810001;6510;ok;2,65550613403320e-03;
231;CZ0810001;7220;ok;2,67457962036133e-03;
232;CZ0810001;9180;ok;2,19875168800354e+00;
233;CZ0424031;3260;ok;2,86889076232910e-03;
234;CZ0424031;4030;ok;3,04007530212402e-03;
235;CZ0424031;6230;ok;3,07607650756836e-03;
236;CZ0424031;6510;ok;2,85863876342773e-03;
237;CZ0424031;8160;ok;3,10349464416504e-03;
238;CZ0424031;8220;ok;2,84647941589355e-03;
239;CZ0424031;8310;ok;2,97427177429199e-03;
240;CZ0424031;9110;ok;3,60397799015045e+01;
241;CZ0424031;9130;ok;2,45130133628845e+01;
242;CZ0424031;9180;ok;2,20978100299835e+01;
243;CZ0424031;9410;ok;2,63982717990875e+01;
244;CZ0520038;9170;ok;6,26004290580750e+00;
245;CZ0520038;9190;ok;1,51419281959534e+00;
246;CZ0620002;6210;ok;2,85863876342773e-03;
247;CZ0620002;6240;ok;2,78854370117188e-03;
248;CZ0620002;6210p;ok;2,87342071533203e-03;
249;CZ0210150;7220;ok;2,82859802246094e-03;
250;CZ0210150;9170;ok;4,63338351249695e+00;
251;CZ0310630;3140;ok;7,05289840698242e-03;
252;CZ0620421;91G0;ok;1,75676751136780e+00;
253;CZ0614053;3140;ok;5,34296035766602e-03;
254;CZ0614053;6410;ok;5,27977943420410e-03;
255;CZ0614053;7140;ok;5,03015518188477e-03;
256;CZ0614053;9410;ok;2,19715023040771e+00;
257;CZ0614053;91D0;ok;1,32219481468201e+00;
258;CZ0813439;3260;ok;5,50556182861328e-03;
259;CZ0420069;91I0;ok;9,62225198745728e-01;
260;CZ0624104;6190;ok;3,20124626159668e-03;
261;CZ0624104;6210;ok;3,04388999938965e-03;
262;CZ0624104;6240;ok;3,26657295227051e-03;
263;CZ0624104;8160;ok;2,80594825744629e-03;
264;CZ0624104;8210;ok;2,90751457214355e-03;
265;CZ0624104;9180;ok;2,33530688285828e+00;
266;CZ0624104;91G0;ok;1,23559474945068e+00;
267;CZ0624104;91H0;ok;1,74220633506775e+00;
268;CZ0620414;6230;ok;4,66609001159668e-03;
269;CZ0424139;91F0;ok;1,41600346565247e+00;
270;CZ0534052;3260;ok;3,93080711364746e-03;
271;CZ0610514;3140;ok;2,97093391418457e-03;
272;CZ0610514;6230;ok;2,93660163879395e-03;
273;CZ0424125;3150;ok;2,80642509460449e-03;
274;CZ0424125;3260;ok;3,19123268127441e-03;
275;CZ0424125;5130;ok;2,81023979187012e-03;
276;CZ0424125;6210;ok;2,82502174377441e-03;
277;CZ0424125;6230;ok;2,88772583007812e-03;
278;CZ0424125;6430;ok;2,84433364868164e-03;
279;CZ0424125;6510;ok;2,77709960937500e-03;
280;CZ0424125;8160;ok;2,80213356018066e-03;
281;CZ0424125;9130;ok;7,72021262645721e+01;
282;CZ0424125;9180;ok;7,17477056980133e+01;
283;CZ0424125;40A0;ok;3,30281257629395e-03;
284;CZ0424125;91E0;ok;7,57762503623962e+01;
285;CZ0424125;91I0;ok;6,89486107826233e+01;
286;CZ0610030;3150;ok;3,44562530517578e-03;
287;CZ0623799;91F0;ok;1,71093916893005e+00;
288;CZ0710006;6510;ok;5,49054145812988e-03;
289;CZ0710006;9170;ok;5,49359011650085e+00;
290;CZ0523268;6410;ok;5,62548637390137e-03;
291;CZ0523268;9170;ok;4,56773376464844e+00;
292;CZ0523268;91E0;ok;3,39442753791809e+00;
293;CZ0622218;6210;ok;3,30615043640137e-03;
294;CZ0622218;6250;ok;3,44705581665039e-03;
295;CZ0622218;40A0;ok;3,30686569213867e-03;
296;CZ0310080;7140;ok;3,24726104736328e-03;
297;CZ0310080;7150;ok;3,07440757751465e-03;
298;CZ0620003;6210;ok;3,04961204528809e-03;
299;CZ0210101;3130;ok;3,48925590515137e-03;
300;CZ0210101;3150;ok;4,01258468627930e-03;
301;CZ0210101;6410;ok;3,09371948242188e-03;
302;CZ0210101;6510;ok;2,98190116882324e-03;
303;CZ0210101;7230;ok;2,93326377868652e-03;
304;CZ0210101;9170;ok;1,59192602634430e+01;
305;CZ0210101;9190;ok;7,40619134902954e+00;
306;CZ0210101;91E0;ok;8,96468472480774e+00;
307;CZ0210101;91H0;ok;7,19860744476318e+00;
308;CZ0210101;91I0;ok;6,80075073242188e+00;
309;CZ0420044;6210;ok;3,61132621765137e-03;
310;CZ0310001;9110;ok;4,54756903648376e+00;
311;CZ0310001;9130;ok;7,99533700942993e+00;
312;CZ0620004;4030;ok;2,57635116577148e-03;
313;CZ0620004;40A0;ok;2,55560874938965e-03;
314;CZ0620004;6210p;ok;2,49958038330078e-03;
315;CZ0420074;7110;ok;2,49576568603516e-03;
316;CZ0420074;7140;ok;2,55608558654785e-03;
317;CZ0420074;91D0;ok;1,15561008453369e+00;
318;CZ0610025;9130;ok;3,04962301254272e+00;
319;CZ0610025;9170;ok;4,05042052268982e+00;
320;CZ0714084;8220;ok;2,81238555908203e-03;
321;CZ0714084;9110;ok;4,68666887283325e+00;
322;CZ0714084;9130;ok;3,93870449066162e+00;
323;CZ0310070;5130;ok;2,51865386962891e-03;
324;CZ0610516;6230;ok;2,45213508605957e-03;
325;CZ0524050;3150;ok;2,41518020629883e-03;
326;CZ0524050;9170;ok;4,50710582733154e+00;
327;CZ0320030;9110;ok;4,89946556091309e+00;
328;CZ0320030;9180;ok;1,93818974494934e+00;
329;CZ0620415;3140;ok;2,51054763793945e-03;
330;CZ0610022;6410;ok;2,50124931335449e-03;
331;CZ0110049;4030;ok;2,45594978332520e-03;
332;CZ0530037;9180;ok;1,65487313270569e+00;
333;CZ0313098;3160;ok;2,53748893737793e-03;
334;CZ0313098;7140;ok;2,52556800842285e-03;
335;CZ0620418;3130;ok;2,54416465759277e-03;
336;CZ0810423;9170;ok;4,60346603393555e+00;
337;CZ0810423;9190;ok;9,58869934082031e-01;
338;CZ0612135;3130;ok;2,47001647949219e-03;
339;CZ0624070;2330;ok;2,52795219421387e-03;
340;CZ0624070;6260;ok;2,43496894836426e-03;
341;CZ0624070;91E0;ok;4,12278580665588e+00;
342;CZ0624070;91G0;ok;2,20457315444946e+00;
343;CZ0624070;91I0;ok;2,70653104782104e+00;
344;CZ0620005;6210;ok;4,14180755615234e-03;
345;CZ0620005;6210p;ok;4,10842895507812e-03;
346;CZ0620005;91G0;ok;9,01106119155884e-01;
347;CZ0420007;6210;ok;2,53605842590332e-03;
348;CZ0420007;9170;ok;4,11924886703491e+00;
349;CZ0420007;91H0;ok;7,53461837768555e-01;
350;CZ0424038;6190;ok;2,60114669799805e-03;
351;CZ0424038;6210;ok;2,52127647399902e-03;
352;CZ0424038;6510;ok;2,59923934936523e-03;
353;CZ0424038;8220;ok;2,56514549255371e-03;
354;CZ0424038;8230;ok;2,54964828491211e-03;
355;CZ0424038;40A0;ok;2,58040428161621e-03;
356;CZ0420014;6110;ok;2,50339508056641e-03;
357;CZ0420014;6190;ok;2,57110595703125e-03;
358;CZ0420014;6210;ok;2,56490707397461e-03;
359;CZ0420014;8220;ok;2,50649452209473e-03;
360;CZ0420014;9180;ok;2,07715511322021e+00;
361;CZ0420014;40A0;ok;2,90393829345703e-03;
362;CZ0423507;3260;ok;2,92754173278809e-03;
363;CZ0423507;6430;ok;2,88534164428711e-03;
364;CZ0314022;3140;ok;2,86674499511719e-03;
365;CZ0314022;3260;ok;2,74896621704102e-03;
366;CZ0314022;9110;ok;6,31570577621460e+00;
367;CZ0314022;9130;ok;5,09642791748047e+00;
368;CZ0314022;91E0;ok;5,64281678199768e+00;
369;CZ0610029;3130;ok;2,58755683898926e-03;
370;CZ0513506;2330;ok;2,53653526306152e-03;
371;CZ0513506;3140;ok;2,59900093078613e-03;
372;CZ0513506;3150;ok;2,48885154724121e-03;
373;CZ0513506;3260;ok;2,47859954833984e-03;
374;CZ0513506;6410;ok;2,49481201171875e-03;
375;CZ0513506;6430;ok;2,45809555053711e-03;
376;CZ0513506;7140;ok;2,45809555053711e-03;
377;CZ0513506;91D0;ok;4,71743369102478e+00;
378;CZ0513506;91E0;ok;7,14619445800781e+00;
379;CZ0724429;8310;ok;2,90656089782715e-03;
380;CZ0724429;9110;ok;6,63743948936462e+00;
381;CZ0724429;9130;ok;6,90991854667664e+00;
382;CZ0724429;9180;ok;3,87998986244202e+00;
383;CZ0210010;6210;ok;2,57062911987305e-03;
384;CZ0210010;9170;ok;4,34223365783691e+00;
385;CZ0210010;91I0;ok;9,42164182662964e-01;
386;CZ0622009;6210;ok;2,68197059631348e-03;
387;CZ0210172;3140;ok;2,49552726745605e-03;
388;CZ0210172;6210;ok;2,56323814392090e-03;
389;CZ0210172;6410;ok;2,55703926086426e-03;
390;CZ0210172;7210;ok;2,52628326416016e-03;
391;CZ0210172;7230;ok;2,49600410461426e-03;
392;CZ0210043;9110;ok;4,38052415847778e+00;
393;CZ0210043;9180;ok;1,75250983238220e+00;
394;CZ0520020;8220;ok;3,46827507019043e-03;
395;CZ0520020;9110;ok;3,91495990753174e+00;
396;CZ0520020;9130;ok;3,50922298431396e+00;
397;CZ0414127;3150;ok;2,64549255371094e-03;
398;CZ0414127;5130;ok;2,54297256469727e-03;
399;CZ0414127;6210;ok;2,52556800842285e-03;
400;CZ0414127;6230;ok;2,55155563354492e-03;
401;CZ0414127;6430;ok;2,52175331115723e-03;
402;CZ0414127;6510;ok;2,59804725646973e-03;
403;CZ0414127;8230;ok;2,52842903137207e-03;
404;CZ0414127;8310;ok;2,52461433410645e-03;
405;CZ0414127;9130;ok;6,90909101963043e+01;
406;CZ0414127;9180;ok;5,72622129917145e+01;
407;CZ0414127;40A0;ok;2,99215316772461e-03;
408;CZ0414127;91E0;ok;6,12916440963745e+01;
409;CZ0414127;91I0;ok;5,32234334945679e+01;
410;CZ0814093;91E0;ok;3,68665051460266e+00;
411;CZ0610145;91E0;ok;3,03969359397888e+00;
412;CZ0530020;8210;ok;2,73180007934570e-03;
413;CZ0530020;9130;ok;4,93493723869324e+00;
414;CZ0530020;9180;ok;2,69471192359924e+00;
415;CZ0534054;3140;ok;2,49910354614258e-03;
416;CZ0534054;6410;ok;2,49123573303223e-03;
417;CZ0534054;6430;ok;2,39586830139160e-03;
418;CZ0534054;7140;ok;2,43926048278809e-03;
419;CZ0534054;91E0;ok;3,18930315971375e+00;
420;CZ0714771;8310;ok;2,63237953186035e-03;
421;CZ0320140;9130;ok;3,57306838035583e+00;
422;CZ0320140;9180;ok;1,87455844879150e+00;
423;CZ0210109;6210;ok;2,54583358764648e-03;
424;CZ0210109;6410;ok;2,46620178222656e-03;
425;CZ0210109;9170;ok;4,90212774276733e+00;
426;CZ0320029;9170;ok;4,35324645042419e+00;
427;CZ0320029;9180;ok;1,86676239967346e+00;
428;CZ0710182;3150;ok;2,62999534606934e-03;
429;CZ0710182;6410;ok;2,56562232971191e-03;
430;CZ0710182;9170;ok;4,93989753723145e+00;
431;CZ0710182;91E0;ok;3,23437356948853e+00;
432;CZ0614136;7140;ok;2,54130363464355e-03;
433;CZ0533303;3260;ok;2,41804122924805e-03;
434;CZ0724091;6210;ok;2,39372253417969e-03;
435;CZ0724091;6410;ok;2,38299369812012e-03;
436;CZ0724091;6430;ok;2,35176086425781e-03;
437;CZ0724091;6510;ok;2,34031677246094e-03;
438;CZ0724091;7220;ok;2,34508514404297e-03;
439;CZ0724091;8220;ok;2,34031677246094e-03;
440;CZ0724091;8310;ok;2,34341621398926e-03;
441;CZ0724091;9130;ok;7,49357237815857e+01;
442;CZ0724091;9170;ok;6,60744781494141e+01;
443;CZ0724091;9180;ok;4,96376957893372e+01;
444;CZ0724091;6210p;ok;2,93993949890137e-03;
445;CZ0724091;91E0;ok;5,43649134635925e+01;
446;CZ0110040;6190;ok;3,12948226928711e-03;
447;CZ0110040;6210;ok;3,01456451416016e-03;
448;CZ0110040;9170;ok;4,89551830291748e+00;
449;CZ0110040;9180;ok;1,68434143066406e+00;
450;CZ0314634;8310;ok;2,65383720397949e-03;
451;CZ0720454;5130;ok;2,53129005432129e-03;
452;CZ0613321;6230;ok;2,56395339965820e-03;
453;CZ0620416;3130;ok;2,59304046630859e-03;
454;CZ0624066;6210;ok;2,58731842041016e-03;
455;CZ0624066;9170;ok;3,96034622192383e+00;
456;CZ0620162;6240;ok;2,66575813293457e-03;
457;CZ0620162;6250;ok;2,57396697998047e-03;
458;CZ0620162;40A0;ok;2,66361236572266e-03;
459;CZ0610179;6510;ok;2,63214111328125e-03;
460;CZ0610179;9170;ok;5,29373955726624e+00;
461;CZ0514042;2330;ok;2,60567665100098e-03;
462;CZ0514042;3140;ok;2,62832641601562e-03;
463;CZ0514042;3150;ok;2,65955924987793e-03;
464;CZ0514042;3160;ok;2,60877609252930e-03;
465;CZ0514042;4030;ok;2,70223617553711e-03;
466;CZ0514042;6410;ok;2,68411636352539e-03;
467;CZ0514042;6430;ok;2,68006324768066e-03;
468;CZ0514042;7140;ok;2,49385833740234e-03;
469;CZ0514042;7150;ok;2,43091583251953e-03;
470;CZ0514042;7230;ok;2,47979164123535e-03;
471;CZ0514042;8310;ok;2,45952606201172e-03;
472;CZ0514042;9110;ok;1,18678991794586e+01;
473;CZ0514042;9410;ok;8,39006066322327e+00;
474;CZ0514042;91D0;ok;7,55925416946411e+00;
475;CZ0514042;91T0;ok;7,45160675048828e+00;
476;CZ0623041;3260;ok;3,13997268676758e-03;
477;CZ0620078;3140;ok;2,88248062133789e-03;
478;CZ0620078;6410;ok;2,72369384765625e-03;
479;CZ0620078;7230;ok;2,60329246520996e-03;
480;CZ0410018;6210;ok;3,03196907043457e-03;
481;CZ0510509;9130;ok;3,26502585411072e+00;
482;CZ0510509;9180;ok;1,71980309486389e+00;
483;CZ0510412;4030;ok;2,47621536254883e-03;
484;CZ0510412;7110;ok;2,36153602600098e-03;
485;CZ0510412;7140;ok;2,33459472656250e-03;
486;CZ0510412;8220;ok;2,41160392761230e-03;
487;CZ0510412;9410;ok;2,38186001777649e+00;
488;CZ0510412;91D0;ok;1,49121546745300e+00;
489;CZ0510400;8220;ok;2,95162200927734e-03;
490;CZ0510400;9110;ok;1,48588848114014e+01;
491;CZ0510400;9130;ok;8,43757724761963e+00;
492;CZ0510400;9140;ok;6,23149967193604e+00;
493;CZ0510400;9180;ok;7,49051332473755e+00;
494;CZ0624236;6210;ok;3,43060493469238e-03;
495;CZ0624236;6240;ok;3,42106819152832e-03;
496;CZ0210732;6230;ok;3,49307060241699e-03;
497;CZ0210732;7140;ok;3,33666801452637e-03;
498;CZ0210105;7220;ok;3,27134132385254e-03;
499;CZ0210105;9130;ok;3,42006635665894e+00;
500;CZ0210105;9150;ok;7,94601440429688e-01;
501;CZ0210105;9180;ok;1,68525409698486e+00;
502;CZ0614132;3130;ok;2,56013870239258e-03;
503;CZ0620006;6210;ok;2,48432159423828e-03;
504;CZ0620006;6240;ok;2,52389907836914e-03;
505;CZ0520008;8210;ok;2,49385833740234e-03;
506;CZ0620007;6210;ok;2,47430801391602e-03;
507;CZ0610515;6230;ok;2,48050689697266e-03;
508;CZ0624115;6210;ok;2,49862670898438e-03;
509;CZ0624115;6240;ok;2,53701210021973e-03;
510;CZ0624115;6210p;ok;2,51507759094238e-03;
511;CZ0410413;3260;ok;2,47764587402344e-03;
512;CZ0410413;8220;ok;2,48408317565918e-03;
513;CZ0410413;9110;ok;6,01545190811157e+00;
514;CZ0410413;9130;ok;4,03186774253845e+00;
515;CZ0410413;9170;ok;5,43343710899353e+00;
516;CZ0410413;9180;ok;2,96586441993713e+00;
517;CZ0410413;91E0;ok;4,30682706832886e+00;
518;CZ0324025;8150;ok;2,45118141174316e-03;
519;CZ0324025;8220;ok;2,49266624450684e-03;
520;CZ0324025;9110;ok;4,60764169692993e+00;
521;CZ0324025;9170;ok;4,87331986427307e+00;
522;CZ0324025;9180;ok;2,39330601692200e+00;
523;CZ0110154;6190;ok;2,65312194824219e-03;
524;CZ0110154;6210;ok;2,58326530456543e-03;
525;CZ0110154;8220;ok;2,60472297668457e-03;
526;CZ0110154;8230;ok;2,62379646301270e-03;
527;CZ0110154;40A0;ok;2,60591506958008e-03;
528;CZ0620177;91G0;ok;2,12055873870850e+00;
529;CZ0620177;91I0;ok;1,23615169525146e+00;
530;CZ0214007;3150;ok;2,53653526306152e-03;
531;CZ0214007;6440;ok;2,46095657348633e-03;
532;CZ0214007;6510;ok;3,14092636108398e-03;
533;CZ0214007;7230;ok;2,44092941284180e-03;
534;CZ0214007;9170;ok;4,36614322662354e+00;
535;CZ0214007;91E0;ok;3,24072384834290e+00;
536;CZ0214007;91F0;ok;1,78387403488159e+00;
537;CZ0214002;6210;ok;2,77280807495117e-03;
538;CZ0214002;6510;ok;2,61569023132324e-03;
539;CZ0214002;7220;ok;2,64573097229004e-03;
540;CZ0214002;8160;ok;2,67744064331055e-03;
541;CZ0214002;8210;ok;2,67243385314941e-03;
542;CZ0214002;8230;ok;2,70557403564453e-03;
543;CZ0214002;8310;ok;2,76470184326172e-03;
544;CZ0214002;9130;ok;3,58607316017151e+00;
545;CZ0214002;9150;ok;8,82431507110596e-01;
546;CZ0214002;9170;ok;4,89679765701294e+00;
547;CZ0214002;9180;ok;2,41746640205383e+00;
548;CZ0214002;40A0;ok;2,95782089233398e-03;
549;CZ0214002;6210p;ok;2,92038917541504e-03;
550;CZ0214002;91H0;ok;1,13966941833496e+00;
551;CZ0214002;91I0;ok;1,21403646469116e+00;
552;CZ0214017;3260;ok;2,76780128479004e-03;
553;CZ0214017;3270;ok;2,78925895690918e-03;
554;CZ0214017;5130;ok;2,70390510559082e-03;
555;CZ0214017;6110;ok;2,73871421813965e-03;
556;CZ0214017;6190;ok;2,76994705200195e-03;
557;CZ0214017;6210;ok;2,74062156677246e-03;
558;CZ0214017;7220;ok;2,72202491760254e-03;
559;CZ0214017;8160;ok;2,80642509460449e-03;
560;CZ0214017;8210;ok;2,77161598205566e-03;
561;CZ0214017;8310;ok;2,76947021484375e-03;
562;CZ0214017;9150;ok;6,45028829574585e+00;
563;CZ0214017;9170;ok;1,26431319713593e+01;
564;CZ0214017;9180;ok;7,46451044082642e+00;
565;CZ0214017;40A0;ok;2,53486633300781e-03;
566;CZ0214017;6210p;ok;2,46572494506836e-03;
567;CZ0214017;91H0;ok;8,64054203033447e+00;
568;CZ0214017;91I0;ok;6,92583441734314e+00;
569;CZ0323151;6430;ok;2,43234634399414e-03;
570;CZ0714075;4060;ok;2,36606597900391e-03;
571;CZ0714075;6150;ok;2,34818458557129e-03;
572;CZ0714075;6430;ok;2,31599807739258e-03;
573;CZ0714075;7110;ok;2,33030319213867e-03;
574;CZ0714075;8220;ok;2,35962867736816e-03;
575;CZ0714075;9110;ok;5,79669809341431e+00;
576;CZ0714075;9410;ok;5,30584573745728e+00;
577;CZ0714075;91D0;ok;2,12694954872131e+00;
578;CZ0214044;6410;ok;2,44307518005371e-03;
579;CZ0214044;6510;ok;2,38656997680664e-03;
580;CZ0214044;9170;ok;4,24765300750732e+00;
581;CZ0214044;9190;ok;1,59609794616699e+00;
582;CZ0410414;7110;ok;2,74300575256348e-03;
583;CZ0410414;7140;ok;2,69126892089844e-03;
584;CZ0410414;9410;ok;5,53912377357483e+00;
585;CZ0410414;91D0;ok;3,13551783561707e+00;
586;CZ0422077;2330;ok;2,79736518859863e-03;
587;CZ0510508;4030;ok;2,92491912841797e-03;
588;CZ0510508;6510;ok;2,72846221923828e-03;
589;CZ0510508;8150;ok;2,74348258972168e-03;
590;CZ0510508;8220;ok;2,75635719299316e-03;
591;CZ0510508;9110;ok;4,58257961273193e+00;
592;CZ0620008;6210p;ok;2,82931327819824e-03;
593;CZ0420528;4030;ok;2,72178649902344e-03;
594;CZ0420528;6230;ok;2,90298461914062e-03;
595;CZ0420528;6430;ok;2,82955169677734e-03;
596;CZ0420528;6520;ok;2,81286239624023e-03;
597;CZ0420528;7110;ok;2,85077095031738e-03;
598;CZ0420528;7120;ok;2,84075736999512e-03;
599;CZ0420528;7140;ok;2,83288955688477e-03;
600;CZ0420528;9410;ok;3,03019356727600e+00;
601;CZ0420528;91D0;ok;1,64009785652161e+00;
602;CZ0310010;6410;ok;2,58946418762207e-03;
603;CZ0724120;3150;ok;2,59280204772949e-03;
604;CZ0724120;6510;ok;2,54034996032715e-03;
605;CZ0724120;91E0;ok;3,60461831092834e+00;
606;CZ0724120;91F0;ok;1,45266699790955e+00;
607;CZ0620417;6250;ok;2,63190269470215e-03;
608;CZ0314648;6410;ok;2,75444984436035e-03;
609;CZ0320053;8220;ok;2,79831886291504e-03;
610;CZ0320053;8230;ok;2,64310836791992e-03;
611;CZ0320053;9130;ok;4,48157596588135e+00;
612;CZ0320053;9170;ok;5,91760301589966e+00;
613;CZ0320053;9180;ok;2,86543679237366e+00;
614;CZ0810035;6510;ok;2,95472145080566e-03;
615;CZ0810035;9130;ok;3,47637319564819e+00;
616;CZ0810035;9170;ok;5,16395521163940e+00;
617;CZ0214013;3140;ok;2,72154808044434e-03;
618;CZ0214013;3150;ok;2,69675254821777e-03;
619;CZ0214013;6210;ok;2,79545783996582e-03;
620;CZ0214013;6410;ok;2,88128852844238e-03;
621;CZ0214013;6430;ok;2,93374061584473e-03;
622;CZ0214013;6510;ok;2,89869308471680e-03;
623;CZ0214013;7210;ok;2,96235084533691e-03;
624;CZ0214013;7230;ok;2,95758247375488e-03;
625;CZ0214013;8220;ok;2,86006927490234e-03;
626;CZ0214013;8230;ok;2,94518470764160e-03;
627;CZ0214013;8310;ok;3,00121307373047e-03;
628;CZ0214013;9110;ok;1,18375318050385e+02;
629;CZ0214013;91E0;ok;1,03874883651733e+02;
630;CZ0420021;8220;ok;2,61235237121582e-03;
631;CZ0420021;9110;ok;4,26842117309570e+00;
632;CZ0420021;9130;ok;3,74497103691101e+00;
633;CZ0420021;9180;ok;1,72827434539795e+00;
634;CZ0423216;3140;ok;2,81310081481934e-03;
635;CZ0714076;6210;ok;2,69603729248047e-03;
636;CZ0714076;6510;ok;2,69627571105957e-03;
637;CZ0714076;8210;ok;3,39961051940918e-03;
638;CZ0420459;6210;ok;3,34835052490234e-03;
639;CZ0420459;6510;ok;3,23534011840820e-03;
640;CZ0420459;8220;ok;3,17287445068359e-03;
641;CZ0420459;9170;ok;4,47573328018188e+00;
642;CZ0420459;9180;ok;1,78373956680298e+00;
643;CZ0420459;40A0;ok;2,81524658203125e-03;
644;CZ0420459;6210p;ok;2,78306007385254e-03;
645;CZ0420459;91H0;ok;9,22526597976685e-01;
646;CZ0420459;91I0;ok;1,43606901168823e+00;
647;CZ0214037;6110;ok;2,79831886291504e-03;
648;CZ0214037;6190;ok;2,67863273620605e-03;
649;CZ0214037;6210;ok;2,68530845642090e-03;
650;CZ0214037;8310;ok;2,60806083679199e-03;
651;CZ0720016;6210;ok;2,77733802795410e-03;
652;CZ0720016;9170;ok;4,19036936759949e+00;
653;CZ0720016;91E0;ok;3,13293528556824e+00;
654;CZ0720016;91I0;ok;9,25111293792725e-01;
655;CZ0614133;6210;ok;2,90632247924805e-03;
656;CZ0614133;6510;ok;2,94589996337891e-03;
657;CZ0210022;6210;ok;2,94947624206543e-03;
658;CZ0210022;9170;ok;4,53981876373291e+00;
659;CZ0210022;9190;ok;1,07459902763367e+00;
660;CZ0520507;6510;ok;2,96521186828613e-03;
661;CZ0520507;8210;ok;2,83408164978027e-03;
662;CZ0520507;9130;ok;3,33332085609436e+00;
663;CZ0520507;9180;ok;1,84721612930298e+00;
664;CZ0510164;9130;ok;3,76533818244934e+00;
665;CZ0510164;9170;ok;4,26445031166077e+00;
666;CZ0510164;9180;ok;1,86920642852783e+00;
667;CZ0510164;91E0;ok;3,18969631195068e+00;
668;CZ0310073;3130;ok;2,51483917236328e-03;
669;CZ0530146;4060;ok;2,49958038330078e-03;
670;CZ0530146;6150;ok;2,45547294616699e-03;
671;CZ0530146;6430;ok;2,47836112976074e-03;
672;CZ0530146;7110;ok;2,49814987182617e-03;
673;CZ0530146;8110;ok;2,39396095275879e-03;
674;CZ0530146;8220;ok;2,37226486206055e-03;
675;CZ0530146;8310;ok;3,98128986358643e-01;
676;CZ0530146;9110;ok;4,52623295783997e+00;
677;CZ0530146;9410;ok;3,41215181350708e+00;
678;CZ0530146;91D0;ok;1,31572389602661e+00;
679;CZ0710161;9170;ok;4,92765951156616e+00;
680;CZ0710161;91F0;ok;1,73682451248169e+00;
681;CZ0410401;7110;ok;2,40802764892578e-03;
682;CZ0410401;7120;ok;2,33626365661621e-03;
683;CZ0410401;7140;ok;2,33483314514160e-03;
684;CZ0410401;9410;ok;2,03232550621033e+00;
685;CZ0410401;91D0;ok;1,29228019714355e+00;
686;CZ0534053;6510;ok;2,55012512207031e-03;
687;CZ0534053;8220;ok;2,49814987182617e-03;
688;CZ0534053;9110;ok;4,87357664108276e+00;
689;CZ0534053;9130;ok;3,73416996002197e+00;
690;CZ0534053;9180;ok;2,32943034172058e+00;
691;CZ0524044;4030;ok;2,86698341369629e-03;
692;CZ0524044;4060;ok;2,75635719299316e-03;
693;CZ0524044;4070;ok;2,78019905090332e-03;
694;CZ0524044;4080;ok;2,77256965637207e-03;
695;CZ0524044;6150;ok;2,74920463562012e-03;
696;CZ0524044;6230;ok;2,75015830993652e-03;
697;CZ0524044;6430;ok;2,70485877990723e-03;
698;CZ0524044;6510;ok;2,69126892089844e-03;
699;CZ0524044;6520;ok;2,64763832092285e-03;
700;CZ0524044;7110;ok;2,70152091979980e-03;
701;CZ0524044;7140;ok;2,75468826293945e-03;
702;CZ0524044;8110;ok;2,69794464111328e-03;
703;CZ0524044;8220;ok;2,70414352416992e-03;
704;CZ0524044;8310;ok;2,73919105529785e-03;
705;CZ0524044;9110;ok;1,59961861610413e+02;
706;CZ0524044;9130;ok;1,50805234670639e+02;
707;CZ0524044;9140;ok;1,46370326757431e+02;
708;CZ0524044;9180;ok;1,42467115640640e+02;
709;CZ0524044;9410;ok;1,54796409606934e+02;
710;CZ0524044;91D0;ok;1,39766980171204e+02;
711;CZ0524044;91E0;ok;1,45597270011902e+02;
712;CZ0210107;9150;ok;8,10537576675415e-01;
713;CZ0210107;9180;ok;1,79895544052124e+00;
714;CZ0210107;91I0;ok;9,13140535354614e-01;
715;CZ0624128;6110;ok;2,90536880493164e-03;
716;CZ0624128;6190;ok;2,92015075683594e-03;
717;CZ0624128;6240;ok;2,86912918090820e-03;
718;CZ0624128;8220;ok;2,74324417114258e-03;
719;CZ0624128;40A0;ok;2,68054008483887e-03;
720;CZ0624064;6410;ok;2,77376174926758e-03;
721;CZ0624064;9170;ok;6,67418837547302e+00;
722;CZ0624064;91G0;ok;1,74502420425415e+00;
723;CZ0624064;91I0;ok;1,72851419448853e+00;
724;CZ0414110;4030;ok;2,59327888488770e-03;
725;CZ0414110;6230;ok;2,53534317016602e-03;
726;CZ0414110;6520;ok;2,47478485107422e-03;
727;CZ0414110;7110;ok;2,48146057128906e-03;
728;CZ0414110;7140;ok;2,47716903686523e-03;
729;CZ0414110;8220;ok;2,45785713195801e-03;
730;CZ0414110;9140;ok;2,35660502910614e+01;
731;CZ0414110;9410;ok;4,73299994468689e+01;
732;CZ0414110;91D0;ok;2,90541303157806e+01;
733;CZ0420406;6110;ok;2,94137001037598e-03;
734;CZ0420406;6210;ok;3,03220748901367e-03;
735;CZ0420406;40A0;ok;3,03506851196289e-03;
736;CZ0420406;6210p;ok;3,18527221679688e-03;
737;CZ0210409;6190;ok;3,09872627258301e-03;
738;CZ0210409;8160;ok;3,08775901794434e-03;
739;CZ0210409;9170;ok;4,75587248802185e+00;
740;CZ0210409;9180;ok;1,77414512634277e+00;
741;CZ0210409;91H0;ok;7,96901226043701e-01;
742;CZ0624101;6240;ok;3,01027297973633e-03;
743;CZ0624101;91G0;ok;1,89752936363220e+00;
744;CZ0624101;91I0;ok;1,60165715217590e+00;
745;CZ0624065;6240;ok;2,78544425964355e-03;
746;CZ0624065;8310;ok;2,71034240722656e-03;
747;CZ0624065;9150;ok;8,71325731277466e-01;
748;CZ0624065;9170;ok;4,89647984504700e+00;
749;CZ0624065;9180;ok;1,80279636383057e+00;
750;CZ0624065;91H0;ok;8,43716859817505e-01;
751;CZ0213039;3150;ok;2,76112556457520e-03;
752;CZ0424111;3260;ok;2,71987915039062e-03;
753;CZ0424111;3270;ok;2,71773338317871e-03;
754;CZ0424111;4030;ok;2,70271301269531e-03;
755;CZ0424111;8220;ok;2,79355049133301e-03;
756;CZ0424111;8310;ok;2,65884399414062e-03;
757;CZ0424111;9110;ok;7,40802836418152e+00;
758;CZ0424111;9180;ok;3,28432536125183e+00;
759;CZ0424111;91E0;ok;4,77905607223511e+00;
760;CZ0424111;91T0;ok;2,00253582000732e+00;
761;CZ0214008;3150;ok;2,81429290771484e-03;
762;CZ0214008;8150;ok;2,84671783447266e-03;
763;CZ0214008;8230;ok;2,93564796447754e-03;
764;CZ0214008;9110;ok;5,39508867263794e+00;
765;CZ0214008;9130;ok;4,42760348320007e+00;
766;CZ0214008;9170;ok;6,27321839332581e+00;
767;CZ0214008;9180;ok;3,07294631004333e+00;
768;CZ0214008;9190;ok;1,88270831108093e+00;
769;CZ0710034;9170;ok;4,56420731544495e+00;
770;CZ0530174;6410;ok;3,28373908996582e-03;
771;CZ0530174;91E0;ok;3,27326846122742e+00;
772;CZ0620204;9170;ok;4,23725938796997e+00;
773;CZ0620009;3130;ok;2,79593467712402e-03;
774;CZ0710007;6510;ok;2,70795822143555e-03;
775;CZ0710007;9170;ok;5,26356744766235e+00;
776;CZ0710007;91E0;ok;3,25176334381104e+00;
777;CZ0420455;9180;ok;1,65043807029724e+00;
778;CZ0420455;91I0;ok;9,18834447860718e-01;
779;CZ0714133;3130;ok;2,77185440063477e-03;
780;CZ0714133;3150;ok;2,78878211975098e-03;
781;CZ0714133;6230;ok;2,70462036132812e-03;
782;CZ0714133;6410;ok;2,67124176025391e-03;
783;CZ0714133;6430;ok;2,80213356018066e-03;
784;CZ0714133;6510;ok;2,67076492309570e-03;
785;CZ0714133;7140;ok;2,99739837646484e-03;
786;CZ0714133;8150;ok;2,99382209777832e-03;
787;CZ0714133;8220;ok;2,80141830444336e-03;
788;CZ0714133;9110;ok;3,43892183303833e+01;
789;CZ0714133;9130;ok;4,24305174350739e+01;
790;CZ0714133;9170;ok;3,49420471191406e+01;
791;CZ0714133;9180;ok;3,33171296119690e+01;
792;CZ0714133;40A0;ok;2,64048576354980e-03;
793;CZ0714133;91E0;ok;3,35479362010956e+01;
794;CZ0214009;3150;ok;2,87318229675293e-03;
795;CZ0214009;6430;ok;3,25942039489746e-03;
796;CZ0214009;6440;ok;3,28707695007324e-03;
797;CZ0214009;6510;ok;3,02219390869141e-03;
798;CZ0214009;91F0;ok;4,72397994995117e+00;
799;CZ0310014;9110;ok;4,41063308715820e+00;
800;CZ0310014;9130;ok;3,37242484092712e+00;
801;CZ0310014;9180;ok;1,69134211540222e+00;
802;CZ0810021;7220;ok;2,66933441162109e-03;
803;CZ0810021;9180;ok;1,78539204597473e+00;
804;CZ0420500;6230;ok;2,96020507812500e-03;
805;CZ0420500;6510;ok;2,68268585205078e-03;
806;CZ0420500;8220;ok;2,64167785644531e-03;
807;CZ0420500;9110;ok;4,63060569763184e+00;
808;CZ0420500;9180;ok;1,99565649032593e+00;
809;CZ0530500;6190;ok;2,67195701599121e-03;
810;CZ0530500;8220;ok;2,61425971984863e-03;
811;CZ0530500;9110;ok;4,52791023254395e+00;
812;CZ0530500;9130;ok;3,61478114128113e+00;
813;CZ0530500;9180;ok;2,82973599433899e+00;
814;CZ0420454;8150;ok;2,80547142028809e-03;
815;CZ0420454;8220;ok;2,79498100280762e-03;
816;CZ0420454;9180;ok;1,68229961395264e+00;
817;CZ0530503;8220;ok;3,03626060485840e-03;
818;CZ0530503;9110;ok;4,07861495018005e+00;
819;CZ0530503;9130;ok;3,08449172973633e+00;
820;CZ0714073;3150;ok;2,90679931640625e-03;
821;CZ0714073;6410;ok;2,79593467712402e-03;
822;CZ0714073;6510;ok;2,80356407165527e-03;
823;CZ0714073;8310;ok;3,14259529113770e-03;
824;CZ0714073;9170;ok;2,71531827449799e+01;
825;CZ0714073;91E0;ok;1,97613790035248e+01;
826;CZ0714073;91F0;ok;2,41462523937225e+01;
827;CZ0410439;3140;ok;2,85768508911133e-03;
828;CZ0414027;3130;ok;2,54034996032715e-03;
829;CZ0414027;3160;ok;2,67553329467773e-03;
830;CZ0414027;4030;ok;2,73156166076660e-03;
831;CZ0414027;6230;ok;2,71153450012207e-03;
832;CZ0414027;6410;ok;2,69031524658203e-03;
833;CZ0414027;7140;ok;2,95376777648926e-03;
834;CZ0414027;91E0;ok;3,95979762077332e+00;
835;CZ0210720;3140;ok;2,91514396667480e-03;
836;CZ0210720;7230;ok;2,89273262023926e-03;
837;CZ0210058;6230;ok;3,05986404418945e-03;
838;CZ0210058;6410;ok;2,78830528259277e-03;
839;CZ0210058;6430;ok;2,77948379516602e-03;
840;CZ0210058;6510;ok;3,76725196838379e-03;
841;CZ0210113;6410;ok;3,09467315673828e-03;
842;CZ0210113;6510;ok;3,20768356323242e-03;
843;CZ0210113;7230;ok;3,47995758056641e-03;
844;CZ0210011;5130;ok;3,19457054138184e-03;
845;CZ0210011;6210;ok;3,60822677612305e-03;
846;CZ0210011;9170;ok;4,15799689292908e+00;
847;CZ0424140;91F0;ok;1,12001204490662e+00;
848;CZ0424037;6210;ok;2,84981727600098e-03;
849;CZ0424037;8220;ok;2,74229049682617e-03;
850;CZ0424037;9110;ok;5,02507257461548e+00;
851;CZ0424037;9170;ok;4,64174246788025e+00;
852;CZ0424037;9180;ok;1,99426293373108e+00;
853;CZ0624129;6430;ok;2,69794464111328e-03;
854;CZ0624129;6510;ok;2,63786315917969e-03;
855;CZ0624129;9130;ok;3,91387987136841e+00;
856;CZ0420520;8220;ok;2,74324417114258e-03;
857;CZ0420520;9110;ok;4,47192001342773e+00;
858;CZ0420520;9130;ok;3,30283999443054e+00;
859;CZ0420520;9180;ok;1,56688666343689e+00;
860;CZ0610512;3150;ok;2,75659561157227e-03;
861;CZ0210714;3150;ok;2,64430046081543e-03;
862;CZ0210714;91E0;ok;3,86637449264526e+00;
863;CZ0210714;91F0;ok;1,21589756011963e+00;
864;CZ0624235;6110;ok;2,82907485961914e-03;
865;CZ0624235;6210;ok;2,73799896240234e-03;
866;CZ0714083;4030;ok;2,70080566406250e-03;
867;CZ0714083;6210p;ok;2,77853012084961e-03;
868;CZ0614137;7140;ok;2,77256965637207e-03;
869;CZ0620020;6210;ok;2,75969505310059e-03;
870;CZ0620020;6210p;ok;2,72870063781738e-03;
871;CZ0530064;6410;ok;2,77233123779297e-03;
872;CZ0624001;3260;ok;2,86769866943359e-03;
873;CZ0624001;6430;ok;2,84695625305176e-03;
874;CZ0410038;7140;ok;2,86149978637695e-03;
875;CZ0410038;7150;ok;2,86722183227539e-03;
876;CZ0620101;91I0;ok;9,74550008773804e-01;
877;CZ0210719;7220;ok;2,83098220825195e-03;
878;CZ0420416;6190;ok;2,76327133178711e-03;
879;CZ0420416;8220;ok;2,63428688049316e-03;
880;CZ0420416;8230;ok;2,81810760498047e-03;
881;CZ0420416;9130;ok;3,24477934837341e+00;
882;CZ0420416;9180;ok;1,86014509201050e+00;
883;CZ0420416;40A0;ok;2,79307365417480e-03;
884;CZ0420416;91E0;ok;4,01714825630188e+00;
885;CZ0520022;3150;ok;4,57191467285156e-03;
886;CZ0520022;6410;ok;3,46422195434570e-03;
887;CZ0520022;6510;ok;3,25226783752441e-03;
888;CZ0520022;7230;ok;3,18479537963867e-03;
889;CZ0520022;9170;ok;4,19226121902466e+00;
890;CZ0214006;2330;ok;2,63833999633789e-03;
891;CZ0214006;4030;ok;2,61139869689941e-03;
892;CZ0214006;6210;ok;2,57658958435059e-03;
893;CZ0214006;6510;ok;2,55680084228516e-03;
894;CZ0214006;9170;ok;4,35156464576721e+00;
895;CZ0214006;9190;ok;1,91375422477722e+00;
896;CZ0624100;6210;ok;4,47630882263184e-03;
897;CZ0624100;6240;ok;4,84919548034668e-03;
898;CZ0624100;91G0;ok;3,16017174720764e+00;
899;CZ0624100;91H0;ok;1,85697031021118e+00;
900;CZ0624100;91I0;ok;2,68905258178711e+00;
901;CZ0213047;3140;ok;2,76398658752441e-03;
902;CZ0620147;6110;ok;2,72440910339355e-03;
903;CZ0620147;6240;ok;2,76064872741699e-03;
904;CZ0314635;3130;ok;2,72321701049805e-03;
905;CZ0410438;3140;ok;2,71487236022949e-03;
906;CZ0620010;3260;ok;2,86364555358887e-03;
907;CZ0420085;6430;ok;2,80189514160156e-03;
908;CZ0714085;3150;ok;2,66933441162109e-03;
909;CZ0714085;6430;ok;2,84004211425781e-03;
910;CZ0714085;6510;ok;2,90489196777344e-03;
911;CZ0714085;91E0;ok;9,47654223442078e+00;
912;CZ0714085;91F0;ok;1,09225928783417e+01;
913;CZ0813456;3260;ok;2,91776657104492e-03;
914;CZ0813456;6430;ok;2,78592109680176e-03;
915;CZ0813456;91E0;ok;4,16157031059265e+00;
916;CZ0530034;9110;ok;4,16497778892517e+00;
917;CZ0530034;9130;ok;3,19015908241272e+00;
918;CZ0530034;91E0;ok;3,88376069068909e+00;
919;CZ0624130;6110;ok;2,75158882141113e-03;
920;CZ0624130;6190;ok;2,76088714599609e-03;
921;CZ0624130;6210;ok;2,76637077331543e-03;
922;CZ0624130;6240;ok;2,71248817443848e-03;
923;CZ0624130;6510;ok;2,63929367065430e-03;
924;CZ0624130;8160;ok;2,67934799194336e-03;
925;CZ0624130;8210;ok;2,68173217773438e-03;
926;CZ0624130;8310;ok;2,73036956787109e-03;
927;CZ0624130;9130;ok;5,08322293758392e+01;
928;CZ0624130;9150;ok;3,33884723186493e+01;
929;CZ0624130;9170;ok;4,63485677242279e+01;
930;CZ0624130;9180;ok;3,76113264560699e+01;
931;CZ0624130;91E0;ok;3,58573923110962e+01;
932;CZ0624130;91G0;ok;3,41894419193268e+01;
933;CZ0624130;91H0;ok;3,27873649597168e+01;
934;CZ0210421;9170;ok;4,62171173095703e+00;
935;CZ0210421;91H0;ok;8,06265354156494e-01;
936;CZ0624103;3150;ok;2,62165069580078e-03;
937;CZ0624103;91E0;ok;3,55932545661926e+00;
938;CZ0624103;91F0;ok;2,86332321166992e+00;
939;CZ0420015;7220;ok;2,91037559509277e-03;
940;CZ0420015;9170;ok;4,19997239112854e+00;
941;CZ0420015;91F0;ok;1,15738606452942e+00;
942;CZ0620419;6210;ok;2,76136398315430e-03;
943;CZ0620419;6240;ok;2,83312797546387e-03;
944;CZ0213065;6190;ok;2,95615196228027e-03;
945;CZ0213065;6210;ok;2,99191474914551e-03;
946;CZ0213065;40A0;ok;2,71821022033691e-03;
947;CZ0420008;91U0;ok;7,07237005233765e-01;
948;CZ0420076;6210;ok;2,83622741699219e-03;
949;CZ0210044;6210;ok;2,83026695251465e-03;
950;CZ0210044;8230;ok;2,81262397766113e-03;
951;CZ0210044;6210p;ok;2,72798538208008e-03;
952;CZ0622169;6210;ok;2,60806083679199e-03;
953;CZ0720428;6210;ok;2,64930725097656e-03;
954;CZ0720428;6510;ok;2,66003608703613e-03;
955;CZ0720428;7220;ok;2,63500213623047e-03;
956;CZ0720428;9130;ok;5,80794572830200e+00;
957;CZ0720428;9170;ok;5,91667914390564e+00;
958;CZ0720428;6210p;ok;2,78973579406738e-03;
959;CZ0420035;4030;ok;2,73752212524414e-03;
960;CZ0420035;6230;ok;2,68983840942383e-03;
961;CZ0420035;6430;ok;2,66361236572266e-03;
962;CZ0420035;6520;ok;2,68316268920898e-03;
963;CZ0420035;7120;ok;2,68554687500000e-03;
964;CZ0420035;7140;ok;2,65812873840332e-03;
965;CZ0420035;9410;ok;2,31680417060852e+00;
966;CZ0420035;91D0;ok;1,82712507247925e+00;
967;CZ0614054;4030;ok;5,43355941772461e-03;
968;CZ0614054;5130;ok;5,18584251403809e-03;
969;CZ0614054;6230;ok;4,57191467285156e-03;
970;CZ0614054;7140;ok;4,79292869567871e-03;
971;CZ0320037;6230;ok;5,56540489196777e-03;
972;CZ0320037;7140;ok;5,26332855224609e-03;
973;CZ0210003;7140;ok;6,03103637695312e-03;
974;CZ0620154;6210;ok;3,67522239685059e-03;
975;CZ0620154;8230;ok;5,49364089965820e-03;
976;CZ0724121;5130;ok;6,64305686950684e-03;
977;CZ0724121;6210;ok;6,67476654052734e-03;
978;CZ0724121;6510;ok;4,56547737121582e-03;
979;CZ0724121;7220;ok;4,28819656372070e-03;
980;CZ0724121;9130;ok;3,97509551048279e+00;
981;CZ0724121;9170;ok;4,89785385131836e+00;
982;CZ0720058;6510;ok;3,00383567810059e-03;
983;CZ0313128;7150;ok;3,05509567260742e-03;
984;CZ0410021;3160;ok;3,06558609008789e-03;
985;CZ0410021;6510;ok;3,03888320922852e-03;
986;CZ0410021;7140;ok;3,07607650756836e-03;
987;CZ0410021;9410;ok;2,68666076660156e+00;
988;CZ0410021;91D0;ok;1,23169422149658e+00;
989;CZ0724107;91F0;ok;3,73132300376892e+00;
990;CZ0520030;9170;ok;6,32710242271423e+00;
991;CZ0520030;91E0;ok;3,92736482620239e+00;
992;CZ0310084;6110;ok;2,70581245422363e-03;
993;CZ0310084;6210;ok;2,60877609252930e-03;
994;CZ0310084;8210;ok;2,59208679199219e-03;
995;CZ0214043;6410;ok;2,55894660949707e-03;
996;CZ0214043;7230;ok;2,67004966735840e-03;
997;CZ0610517;6230;ok;2,60472297668457e-03;
998;CZ0624099;3150;ok;2,57372856140137e-03;
999;CZ0624099;6440;ok;2,58278846740723e-03;
1000;CZ0624099;6510;ok;2,57945060729980e-03;
1001;CZ0624099;91E0;ok;8,10336756706238e+00;
1002;CZ0624099;91F0;ok;8,95967435836792e+00;
1003;CZ0214041;6410;ok;2,81524658203125e-03;
1004;CZ0214041;6430;ok;2,78830528259277e-03;
1005;CZ0214041;6510;ok;2,79569625854492e-03;
1006;CZ0214041;91E0;ok;8,20710015296936e+00;
1007;CZ0810004;3230;ok;2,46119499206543e-03;
1008;CZ0810004;9170;ok;4,26625132560730e+00;
1009;CZ0810004;91E0;ok;3,51780462265015e+00;
1010;CZ0324026;3260;ok;2,80880928039551e-03;
1011;CZ0324026;6430;ok;2,65622138977051e-03;
1012;CZ0324026;7140;ok;2,74872779846191e-03;
1013;CZ0324026;91E0;ok;4,38132691383362e+00;
1014;CZ0620011;6210;ok;2,52985954284668e-03;
1015;CZ0620011;6210p;ok;2,49791145324707e-03;
1016;CZ0420144;7110;ok;2,44474411010742e-03;
1017;CZ0420144;7120;ok;2,49218940734863e-03;
1018;CZ0420144;7140;ok;2,45451927185059e-03;
1019;CZ0420144;9410;ok;3,30468177795410e+00;
1020;CZ0420144;91D0;ok;2,57413196563721e+00;
1021;CZ0612137;3130;ok;2,65717506408691e-03;
1022;CZ0424039;6110;ok;2,60400772094727e-03;
1023;CZ0424039;6210;ok;2,56061553955078e-03;
1024;CZ0424039;6510;ok;2,60066986083984e-03;
1025;CZ0424039;8160;ok;2,59828567504883e-03;
1026;CZ0624071;3150;ok;2,52938270568848e-03;
1027;CZ0624071;6410;ok;2,52890586853027e-03;
1028;CZ0624071;6440;ok;2,53963470458984e-03;
1029;CZ0624071;91E0;ok;3,05425095558167e+00;
1030;CZ0624071;91F0;ok;1,64808511734009e+00;
1031;CZ0423510;3260;ok;2,48289108276367e-03;
1032;CZ0423510;6430;ok;2,43949890136719e-03;
1033;CZ0620169;6210;ok;2,44927406311035e-03;
1034;CZ0620169;91G0;ok;1,26710677146912e+00;
1035;CZ0620169;91I0;ok;1,03801727294922e+00;
1036;CZ0813516;3220;ok;2,60639190673828e-03;
1037;CZ0813516;3240;ok;2,54297256469727e-03;
1038;CZ0813516;91E0;ok;3,79525566101074e+00;
1039;CZ0420501;6410;ok;2,87032127380371e-03;
1040;CZ0420501;6520;ok;2,81262397766113e-03;
1041;CZ0420501;7140;ok;2,87222862243652e-03;
1042;CZ0420501;91D0;ok;1,32718586921692e+00;
1043;CZ0420501;91E0;ok;3,53806543350220e+00;
1044;CZ0720190;7220;ok;2,48026847839355e-03;
1045;CZ0720190;9130;ok;3,32304334640503e+00;
1046;CZ0610518;6230;ok;2,57730484008789e-03;
1047;CZ0314044;6110;ok;2,53486633300781e-03;
1048;CZ0314044;6510;ok;2,55846977233887e-03;
1049;CZ0314044;8210;ok;2,52556800842285e-03;
1050;CZ0314044;8310;ok;2,52151489257812e-03;
1051;CZ0314044;91U0;ok;4,14487123489380e-01;
1052;CZ0524049;2330;ok;2,52056121826172e-03;
1053;CZ0524049;3150;ok;2,48575210571289e-03;
1054;CZ0524049;3260;ok;2,41661071777344e-03;
1055;CZ0524049;6410;ok;2,44903564453125e-03;
1056;CZ0524049;6430;ok;2,51388549804688e-03;
1057;CZ0524049;6510;ok;2,46119499206543e-03;
1058;CZ0524049;91E0;ok;1,88809056282043e+01;
1059;CZ0524049;91F0;ok;1,51398804187775e+01;
1060;CZ0524046;6430;ok;4,36902046203613e-03;
1061;CZ0524046;6520;ok;4,34899330139160e-03;
1062;CZ0524046;9110;ok;5,18025708198547e+00;
1063;CZ0524046;9130;ok;4,15598392486572e+00;
1064;CZ0524046;9410;ok;2,40483498573303e+00;
1065;CZ0310074;3130;ok;2,56156921386719e-03;
1066;CZ0310074;3150;ok;2,51555442810059e-03;
1067;CZ0413190;3140;ok;2,45380401611328e-03;
1068;CZ0420456;8220;ok;2,46000289916992e-03;
1069;CZ0420456;9170;ok;3,95540499687195e+00;
1070;CZ0420456;91I0;ok;7,10287332534790e-01;
1071;CZ0214042;3150;ok;2,46381759643555e-03;
1072;CZ0214042;4030;ok;2,39539146423340e-03;
1073;CZ0214042;6230;ok;2,36225128173828e-03;
1074;CZ0214042;6410;ok;2,40182876586914e-03;
1075;CZ0214042;6430;ok;2,39253044128418e-03;
1076;CZ0214042;6510;ok;2,39396095275879e-03;
1077;CZ0214042;7140;ok;2,42900848388672e-03;
1078;CZ0214042;8220;ok;2,38156318664551e-03;
1079;CZ0214042;9110;ok;4,90001463890076e+00;
1080;CZ0214042;9130;ok;3,79339170455933e+00;
1081;CZ0214042;9410;ok;2,76764130592346e+00;
1082;CZ0214042;91D0;ok;1,74321603775024e+00;
1083;CZ0210733;2330;ok;2,54106521606445e-03;
1084;CZ0210733;4030;ok;2,49719619750977e-03;
1085;CZ0810031;9130;ok;3,58299779891968e+00;
1086;CZ0520603;6230;ok;2,54774093627930e-03;
1087;CZ0520603;6430;ok;2,52056121826172e-03;
1088;CZ0520603;6510;ok;2,47240066528320e-03;
1089;CZ0627016;6210;ok;2,49099731445312e-03;
1090;CZ0627016;6210p;ok;2,48456001281738e-03;
1091;CZ0310063;6110;ok;2,63404846191406e-03;
1092;CZ0314642;6410;ok;2,54559516906738e-03;
1093;CZ0322058;6230;ok;2,80928611755371e-03;
1094;CZ0210111;6210;ok;2,79259681701660e-03;
1095;CZ0210111;91U0;ok;8,50343704223633e-01;
1096;CZ0620049;6240;ok;3,01861763000488e-03;
1097;CZ0320043;91D0;ok;9,54312801361084e-01;
1098;CZ0524047;3260;ok;2,64787673950195e-03;
1099;CZ0524047;8150;ok;2,67982482910156e-03;
1100;CZ0524047;8220;ok;2,58064270019531e-03;
1101;CZ0524047;9110;ok;4,93763065338135e+00;
1102;CZ0524047;9130;ok;3,90145111083984e+00;
1103;CZ0524047;9180;ok;1,97635221481323e+00;
1104;CZ0210721;7220;ok;3,23390960693359e-03;
1105;CZ0520009;6410;ok;3,16905975341797e-03;
1106;CZ0520009;6510;ok;3,22532653808594e-03;
1107;CZ0520009;9170;ok;4,10148978233337e+00;
1108;CZ0410040;4030;ok;2,61616706848145e-03;
1109;CZ0410040;6520;ok;2,54750251770020e-03;
1110;CZ0410040;7110;ok;2,51173973083496e-03;
1111;CZ0410040;7120;ok;2,55322456359863e-03;
1112;CZ0410040;7140;ok;2,54631042480469e-03;
1113;CZ0410040;9410;ok;1,96745395660400e+00;
1114;CZ0410040;91D0;ok;1,56508874893188e+00;
1115;CZ0210730;2330;ok;2,71940231323242e-03;
1116;CZ0212023;2330;ok;2,56371498107910e-03;
1117;CZ0214049;2330;ok;2,49505043029785e-03;
1118;CZ0422084;2330;ok;2,89011001586914e-03;
1119;CZ0210064;2330;ok;2,60448455810547e-03;
1120;CZ0310615;2330;ok;2,70199775695801e-03;
1121;CZ0413184;3140;ok;2,54678726196289e-03;
1122;CZ0424138;91F0;ok;1,34982872009277e+00;
1123;CZ0310017;3150;ok;2,50458717346191e-03;
1124;CZ0310017;6430;ok;2,46214866638184e-03;
1125;CZ0310017;7120;ok;2,41160392761230e-03;
1126;CZ0310017;7140;ok;2,43163108825684e-03;
1127;CZ0310017;9410;ok;2,21778035163879e+00;
1128;CZ0310017;91D0;ok;1,33022761344910e+00;
1129;CZ0310017;91E0;ok;3,27771639823914e+00;
1130;CZ0420462;8220;ok;2,54678726196289e-03;
1131;CZ0420462;8230;ok;2,44784355163574e-03;
1132;CZ0323159;3270;ok;2,49457359313965e-03;
1133;CZ0323159;6510;ok;2,51221656799316e-03;
1134;CZ0323159;9170;ok;4,36594700813293e+00;
1135;CZ0323159;9180;ok;1,60464096069336e+00;
1136;CZ0620013;8160;ok;2,58898735046387e-03;
1137;CZ0710004;6510;ok;2,48885154724121e-03;
1138;CZ0720435;5130;ok;2,47430801391602e-03;
1139;CZ0720435;6210;ok;2,45690345764160e-03;
1140;CZ0720435;6510;ok;2,45690345764160e-03;
1141;CZ0720435;7220;ok;2,44879722595215e-03;
1142;CZ0720435;9130;ok;4,18467426300049e+00;
1143;CZ0720435;9170;ok;4,97244644165039e+00;
1144;CZ0720435;6210p;ok;2,57754325866699e-03;
1145;CZ0214014;3130;ok;2,45761871337891e-03;
1146;CZ0214014;3150;ok;2,40659713745117e-03;
1147;CZ0214014;7140;ok;2,34818458557129e-03;
1148;CZ0420160;6430;ok;2,35342979431152e-03;
1149;CZ0420160;6210p;ok;2,34961509704590e-03;
1150;CZ0420160;91E0;ok;3,08455109596252e+00;
1151;CZ0514113;3140;ok;2,50959396362305e-03;
1152;CZ0514113;3150;ok;2,53295898437500e-03;
1153;CZ0514113;8310;ok;2,47287750244141e-03;
1154;CZ0612140;3130;ok;2,43353843688965e-03;
1155;CZ0624096;3260;ok;2,43830680847168e-03;
1156;CZ0624096;4030;ok;2,45904922485352e-03;
1157;CZ0624096;5130;ok;2,49147415161133e-03;
1158;CZ0624096;6190;ok;2,49385833740234e-03;
1159;CZ0624096;6210;ok;2,52509117126465e-03;
1160;CZ0624096;6510;ok;2,52676010131836e-03;
1161;CZ0624096;8150;ok;2,53772735595703e-03;
1162;CZ0624096;8220;ok;2,40468978881836e-03;
1163;CZ0624096;8230;ok;2,38633155822754e-03;
1164;CZ0624096;8310;ok;2,37441062927246e-03;
1165;CZ0624096;9170;ok;2,68847894668579e+01;
1166;CZ0624096;9180;ok;1,54719321727753e+01;
1167;CZ0624096;40A0;ok;2,79808044433594e-03;
1168;CZ0624096;91I0;ok;1,43194901943207e+01;
1169;CZ0310057;6230;ok;2,54678726196289e-03;
1170;CZ0310057;7110;ok;2,48932838439941e-03;
1171;CZ0310057;7140;ok;3,45849990844727e-03;
1172;CZ0310057;9410;ok;2,12813162803650e+00;
1173;CZ0310057;91D0;ok;1,30839967727661e+00;
1174;CZ0210152;2330;ok;3,72219085693359e-03;
1175;CZ0210152;3150;ok;2,87771224975586e-03;
1176;CZ0210152;6410;ok;3,37147712707520e-03;
1177;CZ0210152;6430;ok;3,37743759155273e-03;
1178;CZ0210152;6440;ok;3,38053703308105e-03;
1179;CZ0210152;6510;ok;3,47065925598145e-03;
1180;CZ0210152;7210;ok;3,38006019592285e-03;
1181;CZ0210152;7230;ok;3,47590446472168e-03;
1182;CZ0210152;91E0;ok;3,52103137969971e+00;
1183;CZ0210152;91F0;ok;1,79146742820740e+00;
1184;CZ0210713;6210;ok;2,66408920288086e-03;
1185;CZ0210713;6510;ok;2,53963470458984e-03;
1186;CZ0620139;6210;ok;2,60329246520996e-03;
1187;CZ0814092;3130;ok;2,57539749145508e-03;
1188;CZ0814092;3140;ok;2,52819061279297e-03;
1189;CZ0814092;3150;ok;2,51936912536621e-03;
1190;CZ0814092;6510;ok;2,56371498107910e-03;
1191;CZ0814092;9170;ok;1,52978360652924e+01;
1192;CZ0814092;91E0;ok;1,71020150184631e+01;
1193;CZ0814092;91F0;ok;1,33889667987823e+01;
1194;CZ0424141;3150;ok;2,48146057128906e-03;
1195;CZ0424141;3260;ok;2,40015983581543e-03;
1196;CZ0424141;3270;ok;2,37059593200684e-03;
1197;CZ0424141;6110;ok;2,41804122924805e-03;
1198;CZ0424141;8150;ok;2,42280960083008e-03;
1199;CZ0424141;8160;ok;2,38370895385742e-03;
1200;CZ0424141;9180;ok;2,33751456737518e+01;
1201;CZ0424141;40A0;ok;2,71964073181152e-03;
1202;CZ0424141;91E0;ok;2,27107307910919e+01;
1203;CZ0210028;6190;ok;2,54702568054199e-03;
1204;CZ0210028;9130;ok;3,25095582008362e+00;
1205;CZ0210028;9180;ok;1,81120991706848e+00;
1206;CZ0514669;3150;ok;2,86841392517090e-03;
1207;CZ0514669;3160;ok;2,75468826293945e-03;
1208;CZ0514669;6410;ok;2,75325775146484e-03;
1209;CZ0514669;7140;ok;2,72369384765625e-03;
1210;CZ0514669;7150;ok;2,61616706848145e-03;
1211;CZ0514669;91D0;ok;1,41989517211914e+00;
1212;CZ0624060;6210;ok;2,56109237670898e-03;
1213;CZ0624060;6250;ok;2,57182121276855e-03;
1214;CZ0624060;91G0;ok;9,70907211303711e-01;
1215;CZ0624060;91I0;ok;9,29294109344482e-01;
1216;CZ0714077;4060;ok;2,49242782592773e-03;
1217;CZ0714077;4080;ok;2,47287750244141e-03;
1218;CZ0714077;6150;ok;2,43592262268066e-03;
1219;CZ0714077;6430;ok;2,45094299316406e-03;
1220;CZ0714077;7110;ok;2,42877006530762e-03;
1221;CZ0714077;7140;ok;2,41279602050781e-03;
1222;CZ0714077;8110;ok;2,40039825439453e-03;
1223;CZ0714077;8220;ok;2,40755081176758e-03;
1224;CZ0714077;9110;ok;1,05195586681366e+01;
1225;CZ0714077;9410;ok;1,44455974102020e+01;
1226;CZ0714077;91D0;ok;7,60981440544128e+00;
1227;CZ0320013;6410;ok;2,38442420959473e-03;
1228;CZ0320013;6430;ok;2,34198570251465e-03;
1229;CZ0320013;91E0;ok;3,07577204704285e+00;
1230;CZ0214045;3150;ok;2,51150131225586e-03;
1231;CZ0214045;7140;ok;2,41231918334961e-03;
1232;CZ0214045;91E0;ok;2,94578313827515e+00;
1233;CZ0110050;6110;ok;2,89273262023926e-03;
1234;CZ0110050;6190;ok;2,84004211425781e-03;
1235;CZ0110050;6210;ok;2,84099578857422e-03;
1236;CZ0110050;9180;ok;1,94514894485474e+00;
1237;CZ0510191;6210;ok;2,69794464111328e-03;
1238;CZ0510191;8210;ok;2,74395942687988e-03;
1239;CZ0510191;8220;ok;2,63953208923340e-03;
1240;CZ0510191;8310;ok;2,69174575805664e-03;
1241;CZ0510191;9110;ok;5,62035751342773e+00;
1242;CZ0510191;9130;ok;4,31527209281921e+00;
1243;CZ0510191;9150;ok;1,97530937194824e+00;
1244;CZ0510191;9180;ok;3,09468531608582e+00;
1245;CZ0510191;6210p;ok;3,00359725952148e-03;
1246;CZ0620014;6240;ok;3,07083129882812e-03;
1247;CZ0620014;6210p;ok;3,86810302734375e-03;
1248;CZ0624114;6210;ok;3,31187248229980e-03;
1249;CZ0624114;6240;ok;2,74252891540527e-03;
1250;CZ0624114;6210p;ok;3,32140922546387e-03;
1251;CZ0624114;91G0;ok;1,86316156387329e+00;
1252;CZ0624114;91I0;ok;1,41444039344788e+00;
1253;CZ0710148;6510;ok;2,60877609252930e-03;
1254;CZ0710148;9170;ok;4,05466866493225e+00;
1255;CZ0214012;8310;ok;2,48408317565918e-03;
1256;CZ0530027;6430;ok;2,41422653198242e-03;
1257;CZ0530027;9130;ok;3,56967115402222e+00;
1258;CZ0530027;91E0;ok;2,97756075859070e+00;
1259;CZ0810014;7140;ok;2,55942344665527e-03;
1260;CZ0810014;91E0;ok;2,87534952163696e+00;
1261;CZ0810032;9130;ok;2,91376805305481e+00;
1262;CZ0210023;6510;ok;2,67434120178223e-03;
1263;CZ0510403;7110;ok;2,86889076232910e-03;
1264;CZ0510403;91D0;ok;1,33091330528259e+00;
1265;CZ0714078;9110;ok;3,97193193435669e+00;
1266;CZ0714078;9130;ok;3,40407896041870e+00;
1267;CZ0714078;9180;ok;1,73272156715393e+00;
1268;CZ0423225;6210;ok;2,56872177124023e-03;
1269;CZ0423225;8220;ok;2,80690193176270e-03;
1270;CZ0114001;6190;ok;2,71415710449219e-03;
1271;CZ0114001;6210;ok;2,61807441711426e-03;
1272;CZ0114001;9170;ok;4,43428349494934e+00;
1273;CZ0114001;9180;ok;1,60068845748901e+00;
1274;CZ0114001;91H0;ok;8,13772916793823e-01;
1275;CZ0210114;2330;ok;2,65884399414062e-03;
1276;CZ0210114;4030;ok;2,60186195373535e-03;
1277;CZ0210114;6210;ok;2,58946418762207e-03;
1278;CZ0210114;8210;ok;2,54034996032715e-03;
1279;CZ0620245;6510;ok;2,57277488708496e-03;
1280;CZ0620245;8220;ok;2,60949134826660e-03;
1281;CZ0620245;9110;ok;4,38363480567932e+00;
1282;CZ0620245;9130;ok;4,11575317382812e+00;
1283;CZ0620245;9180;ok;1,99632859230042e+00;
1284;CZ0620245;91E0;ok;3,47468447685242e+00;
1285;CZ0510028;9110;ok;4,01758432388306e+00;
1286;CZ0510028;9130;ok;2,97092938423157e+00;
1287;CZ0510028;9180;ok;1,56667876243591e+00;
1288;CZ0410020;3150;ok;2,48479843139648e-03;
1289;CZ0410020;3260;ok;2,43115425109863e-03;
1290;CZ0410020;3270;ok;2,40993499755859e-03;
1291;CZ0410020;91E0;ok;4,13551688194275e+00;
1292;CZ0424033;6210;ok;2,45618820190430e-03;
1293;CZ0424033;8150;ok;2,46334075927734e-03;
1294;CZ0424033;40A0;ok;2,40015983581543e-03;
1295;CZ0610519;3140;ok;2,38299369812012e-03;
1296;CZ0610519;3160;ok;2,38585472106934e-03;
1297;CZ0610412;9110;ok;4,18482232093811e+00;
1298;CZ0610412;9130;ok;3,11757326126099e+00;
1299;CZ0610412;91E0;ok;3,17397737503052e+00;
1300;CZ0510402;6230;ok;2,51388549804688e-03;
1301;CZ0510402;7110;ok;2,47931480407715e-03;
1302;CZ0510402;7140;ok;2,56037712097168e-03;
1303;CZ0510402;9410;ok;2,28274369239807e+00;
1304;CZ0510402;91D0;ok;1,92908501625061e+00;
1305;CZ0510415;3260;ok;2,83122062683105e-03;
1306;CZ0510415;6230;ok;2,61282920837402e-03;
1307;CZ0510415;7110;ok;2,71534919738770e-03;
1308;CZ0510415;7140;ok;2,64048576354980e-03;
1309;CZ0510415;9410;ok;2,71884417533875e+00;
1310;CZ0510415;91D0;ok;2,29630136489868e+00;
1311;CZ0313513;7110;ok;2,45261192321777e-03;
1312;CZ0313513;91D0;ok;1,06749224662781e+00;
1313;CZ0420053;7110;ok;2,40802764892578e-03;
1314;CZ0420053;9410;ok;1,53195381164551e+00;
1315;CZ0420053;91D0;ok;9,63317632675171e-01;
1316;CZ0314637;3140;ok;2,82216072082520e-03;
1317;CZ0314637;7140;ok;2,71320343017578e-03;
1318;CZ0620016;6210;ok;2,70318984985352e-03;
1319;CZ0620016;6210p;ok;2,65765190124512e-03;
1320;CZ0534055;6410;ok;2,67720222473145e-03;
1321;CZ0534055;7140;ok;3,01170349121094e-03;
1322;CZ0212020;7140;ok;2,71034240722656e-03;
1323;CZ0212020;7230;ok;2,64811515808105e-03;
1324;CZ0714081;6230;ok;2,69603729248047e-03;
1325;CZ0714081;6430;ok;2,74634361267090e-03;
1326;CZ0714081;7110;ok;2,77471542358398e-03;
1327;CZ0714081;7140;ok;2,71940231323242e-03;
1328;CZ0714081;9410;ok;1,92306590080261e+00;
1329;CZ0714081;91D0;ok;1,65279769897461e+00;
1330;CZ0514670;3150;ok;3,03268432617188e-03;
1331;CZ0514670;6410;ok;2,86197662353516e-03;
1332;CZ0514670;6510;ok;2,90274620056152e-03;
1333;CZ0514670;7140;ok;2,87818908691406e-03;
1334;CZ0514670;8220;ok;2,79355049133301e-03;
1335;CZ0514670;9130;ok;3,36208868026733e+00;
1336;CZ0514670;9170;ok;4,34105110168457e+00;
1337;CZ0514670;9180;ok;1,92959856987000e+00;
1338;CZ0620412;8150;ok;2,83741950988770e-03;
1339;CZ0620412;9180;ok;1,93059706687927e+00;
1340;CZ0314109;3160;ok;2,66146659851074e-03;
1341;CZ0314109;7140;ok;2,99167633056641e-03;
1342;CZ0314109;7150;ok;3,17978858947754e-03;
1343;CZ0314109;91D0;ok;1,06343412399292e+00;
1344;CZ0720420;6210;ok;2,47693061828613e-03;
1345;CZ0720420;6510;ok;2,41565704345703e-03;
1346;CZ0720420;9170;ok;4,63270807266235e+00;
1347;CZ0720420;91E0;ok;3,68751502037048e+00;
1348;CZ0720420;91I0;ok;1,24150228500366e+00;
1349;CZ0410155;6430;ok;2,45356559753418e-03;
1350;CZ0410155;6520;ok;2,37607955932617e-03;
1351;CZ0410155;7140;ok;2,35390663146973e-03;
1352;CZ0410155;9410;ok;2,34716773033142e+00;
1353;CZ0620158;1340;ok;2,59852409362793e-03;
1354;CZ0620158;91F0;ok;1,08983016014099e+00;
1355;CZ0720185;6230;ok;2,37917900085449e-03;
1356;CZ0720185;6510;ok;2,29716300964355e-03;
1357;CZ0720185;7220;ok;2,27618217468262e-03;
1358;CZ0720185;9110;ok;3,75406765937805e+00;
1359;CZ0720185;9170;ok;4,29886746406555e+00;
1360;CZ0720185;91E0;ok;3,05332398414612e+00;
1361;CZ0310618;3150;ok;2,38204002380371e-03;
1362;CZ0310008;3150;ok;2,31266021728516e-03;
1363;CZ0612143;3130;ok;2,36678123474121e-03;
1364;CZ0214046;3130;ok;2,29716300964355e-03;
1365;CZ0314640;3130;ok;2,39396095275879e-03;
1366;CZ0314639;3140;ok;2,33459472656250e-03;
1367;CZ0314639;3160;ok;2,32434272766113e-03;
1368;CZ0614058;3130;ok;2,36725807189941e-03;
1369;CZ0614058;3150;ok;2,30765342712402e-03;
1370;CZ0710183;6510;ok;2,33530998229980e-03;
1371;CZ0710183;8220;ok;2,30884552001953e-03;
1372;CZ0710183;9110;ok;4,17692351341248e+00;
1373;CZ0710183;9130;ok;3,71554207801819e+00;
1374;CZ0710183;9180;ok;1,89792990684509e+00;
1375;CZ0710183;91E0;ok;3,22727417945862e+00;
1376;CZ0714086;6430;ok;2,46882438659668e-03;
1377;CZ0714086;6510;ok;2,39992141723633e-03;
1378;CZ0714086;7110;ok;2,37154960632324e-03;
1379;CZ0714086;8210;ok;2,40516662597656e-03;
1380;CZ0714086;8220;ok;2,40707397460938e-03;
1381;CZ0714086;8310;ok;2,41422653198242e-03;
1382;CZ0714086;9110;ok;1,78317625522614e+01;
1383;CZ0714086;9130;ok;1,33267667293549e+01;
1384;CZ0714086;9180;ok;9,46349668502808e+00;
1385;CZ0714086;9410;ok;9,09712743759155e+00;
1386;CZ0714086;91E0;ok;1,10769839286804e+01;
1387;CZ0530149;6510;ok;2,48050689697266e-03;
1388;CZ0530149;9130;ok;3,39316511154175e+00;
1389;CZ0530149;9180;ok;1,63970184326172e+00;
1390;CZ0530149;91E0;ok;3,02326369285583e+00;
1391;CZ0612145;3130;ok;2,60305404663086e-03;
1392;CZ0310067;91U0;ok;1,25561475753784e+00;
1393;CZ0813462;3220;ok;2,80427932739258e-03;
1394;CZ0813462;3240;ok;2,88152694702148e-03;
1395;CZ0210731;7140;ok;2,99310684204102e-03;
1396;CZ0420449;9180;ok;1,59801721572876e+00;
1397;CZ0720033;6210;ok;2,58588790893555e-03;
1398;CZ0720033;6430;ok;2,52223014831543e-03;
1399;CZ0720033;6510;ok;2,50601768493652e-03;
1400;CZ0720033;7140;ok;2,44212150573730e-03;
1401;CZ0720033;7220;ok;2,71773338317871e-03;
1402;CZ0720033;8220;ok;2,82859802246094e-03;
1403;CZ0720033;9130;ok;5,23739814758301e+00;
1404;CZ0720033;9170;ok;5,54734158515930e+00;
1405;CZ0720033;6210p;ok;2,42161750793457e-03;
1406;CZ0530502;2330;ok;2,37989425659180e-03;
1407;CZ0620037;9170;ok;3,90058851242065e+00;
1408;CZ0620037;91I0;ok;9,38735008239746e-01;
1409;CZ0624118;6210;ok;2,49600410461426e-03;
1410;CZ0620048;6210;ok;2,42948532104492e-03;
1411;CZ0620048;6240;ok;2,44307518005371e-03;
1412;CZ0420041;9170;ok;4,26677775382996e+00;
1413;CZ0420041;91H0;ok;7,00478792190552e-01;
1414;CZ0420041;91I0;ok;7,85264730453491e-01;
1415;CZ0810424;3140;ok;2,61211395263672e-03;
1416;CZ0810424;3150;ok;2,53057479858398e-03;
1417;CZ0210173;1340;ok;2,57301330566406e-03;
1418;CZ0620031;1340;ok;2,57706642150879e-03;
1419;CZ0620187;1340;ok;2,52008438110352e-03;
1420;CZ0624102;1340;ok;2,56967544555664e-03;
1421;CZ0420525;1340;ok;2,57277488708496e-03;
1422;CZ0420525;6210;ok;2,53701210021973e-03;
1423;CZ0212021;6410;ok;2,39348411560059e-03;
1424;CZ0510408;7110;ok;2,44998931884766e-03;
1425;CZ0510408;9110;ok;3,70169544219971e+00;
1426;CZ0510408;9410;ok;1,80801844596863e+00;
1427;CZ0510408;91D0;ok;1,08230781555176e+00;
1428;CZ0212019;7220;ok;2,56824493408203e-03;
1429;CZ0212019;7230;ok;2,49910354614258e-03;
1430;CZ0212019;9150;ok;7,34620809555054e-01;
1431;CZ0212019;9190;ok;9,47418689727783e-01;
1432;CZ0212019;91E0;ok;3,28171396255493e+00;
1433;CZ0620191;3260;ok;2,69484519958496e-03;
1434;CZ0620191;8220;ok;2,72035598754883e-03;
1435;CZ0620191;9130;ok;3,32862806320190e+00;
1436;CZ0620191;9170;ok;4,31411147117615e+00;
1437;CZ0620191;9180;ok;2,43816637992859e+00;
1438;CZ0410150;1340;ok;3,07893753051758e-03;
1439;CZ0410150;3140;ok;4,64010238647461e-03;
1440;CZ0410150;3150;ok;3,81445884704590e-03;
1441;CZ0410150;3160;ok;2,93350219726562e-03;
1442;CZ0410150;7140;ok;2,93421745300293e-03;
1443;CZ0410150;7150;ok;2,91466712951660e-03;
1444;CZ0410150;9190;ok;1,36736106872559e+00;
1445;CZ0410150;91D0;ok;1,51076006889343e+00;
1446;CZ0410150;91E0;ok;3,40709471702576e+00;
1447;CZ0624119;3130;ok;2,53462791442871e-03;
1448;CZ0624119;3150;ok;2,40731239318848e-03;
1449;CZ0624119;3260;ok;2,37917900085449e-03;
1450;CZ0624119;3270;ok;2,41231918334961e-03;
1451;CZ0624119;6210;ok;2,42829322814941e-03;
1452;CZ0624119;6410;ok;2,43926048278809e-03;
1453;CZ0624119;6430;ok;2,41231918334961e-03;
1454;CZ0624119;6440;ok;2,43234634399414e-03;
1455;CZ0624119;91E0;ok;1,42934284210205e+01;
1456;CZ0624119;91F0;ok;2,18506684303284e+01;
1457;CZ0624119;91G0;ok;1,05709559917450e+01;
1458;CZ0424134;6210;ok;2,50244140625000e-03;
1459;CZ0810018;9110;ok;4,64864087104797e+00;
1460;CZ0810018;9130;ok;5,17976999282837e+00;
1461;CZ0810018;9180;ok;2,51036667823792e+00;
1462;CZ0420083;6510;ok;2,47144699096680e-03;
1463;CZ0420083;91E0;ok;2,94241857528687e+00;
1464;CZ0520508;6510;ok;2,51626968383789e-03;
1465;CZ0520508;8210;ok;2,51984596252441e-03;
1466;CZ0520508;9130;ok;3,96052336692810e+00;
1467;CZ0622217;6210;ok;2,63071060180664e-03;
1468;CZ0624043;6190;ok;2,54654884338379e-03;
1469;CZ0624043;6210;ok;2,61735916137695e-03;
1470;CZ0624043;6240;ok;2,58755683898926e-03;
1471;CZ0624043;8160;ok;2,55370140075684e-03;
1472;CZ0624043;8210;ok;2,55823135375977e-03;
1473;CZ0624043;8310;ok;2,61068344116211e-03;
1474;CZ0624069;6210;ok;2,60210037231445e-03;
1475;CZ0624069;9170;ok;4,37039041519165e+00;
1476;CZ0624069;6210p;ok;2,63214111328125e-03;
1477;CZ0624069;91I0;ok;9,92008447647095e-01;
1478;CZ0620017;6210p;ok;2,64620780944824e-03;
1479;CZ0420061;1340;ok;2,59304046630859e-03;
1480;CZ0420061;6210;ok;2,61974334716797e-03;
1481;CZ0424133;6210;ok;2,62546539306641e-03;
1482;CZ0424136;6210;ok;2,61592864990234e-03;
1483;CZ0210734;5130;ok;2,63142585754395e-03;
1484;CZ0420059;6210;ok;2,58803367614746e-03;
1485;CZ0624020;6110;ok;2,60233879089355e-03;
1486;CZ0624020;6190;ok;2,67148017883301e-03;
1487;CZ0624020;6210;ok;2,59613990783691e-03;
1488;CZ0624020;6240;ok;2,54917144775391e-03;
1489;CZ0624020;8210;ok;2,53963470458984e-03;
1490;CZ0624020;8310;ok;2,58660316467285e-03;
1491;CZ0624068;3150;ok;2,58874893188477e-03;
1492;CZ0624068;3270;ok;2,56848335266113e-03;
1493;CZ0624068;6430;ok;2,72345542907715e-03;
1494;CZ0624068;91E0;ok;3,73758673667908e+00;
1495;CZ0624068;91F0;ok;2,35330533981323e+00;
1496;CZ0420063;6210;ok;2,54654884338379e-03;
1497;CZ0210053;4030;ok;2,46453285217285e-03;
1498;CZ0210053;6190;ok;2,49195098876953e-03;
1499;CZ0210053;8150;ok;2,43592262268066e-03;
1500;CZ0210053;8220;ok;2,46500968933105e-03;
1501;CZ0210053;9170;ok;4,18139719963074e+00;
1502;CZ0210053;9180;ok;2,30732631683350e+00;
1503;CZ0532132;6210;ok;2,67362594604492e-03;
1504;CZ0532132;6510;ok;2,69627571105957e-03;
1505;CZ0210708;6190;ok;2,63500213623047e-03;
1506;CZ0210708;8160;ok;2,59661674499512e-03;
1507;CZ0210708;9130;ok;2,97197151184082e+00;
1508;CZ0210708;9170;ok;3,84418702125549e+00;
1509;CZ0210708;9180;ok;1,61754012107849e+00;
1510;CZ0210708;40A0;ok;2,41804122924805e-03;
1511;CZ0420082;8220;ok;2,37846374511719e-03;
1512;CZ0420082;9110;ok;5,06546974182129e+00;
1513;CZ0420082;9130;ok;3,83298468589783e+00;
1514;CZ0420082;9180;ok;2,08634400367737e+00;
1515;CZ0610513;6230;ok;2,51054763793945e-03;
1516;CZ0612149;8220;ok;2,44426727294922e-03;
1517;CZ0514041;4030;ok;2,42400169372559e-03;
1518;CZ0514041;8220;ok;2,43949890136719e-03;
1519;CZ0514041;8310;ok;2,47430801391602e-03;
1520;CZ0514041;9110;ok;4,34259033203125e+00;
1521;CZ0514041;9130;ok;3,01667118072510e+00;
1522;CZ0320437;6510;ok;2,47907638549805e-03;
1523;CZ0624234;6190;ok;2,46429443359375e-03;
1524;CZ0624234;6240;ok;2,40182876586914e-03;
1525;CZ0624097;6210;ok;2,41661071777344e-03;
1526;CZ0410046;4030;ok;2,42567062377930e-03;
1527;CZ0410046;8220;ok;2,45642662048340e-03;
1528;CZ0310611;7140;ok;2,42543220520020e-03;
1529;CZ0310611;91D0;ok;9,71371889114380e-01;
1530;CZ0620051;6110;ok;2,48408317565918e-03;
1531;CZ0620051;6240;ok;2,47526168823242e-03;
1532;CZ0624112;6250;ok;2,41398811340332e-03;
1533;CZ0624116;6250;ok;2,53224372863770e-03;
1534;CZ0714080;6110;ok;2,50434875488281e-03;
1535;CZ0714080;8210;ok;2,65359878540039e-03;
1536;CZ0714080;8310;ok;2,60925292968750e-03;
1537;CZ0714080;9130;ok;3,36370706558228e+00;
1538;CZ0714080;9150;ok;1,00025534629822e+00;
1539;CZ0714080;9180;ok;1,65560340881348e+00;
1540;CZ0614059;6230;ok;2,65812873840332e-03;
1541;CZ0614059;6410;ok;2,53891944885254e-03;
1542;CZ0614059;7140;ok;2,52914428710938e-03;
1543;CZ0614059;7230;ok;2,44855880737305e-03;
1544;CZ0410047;3140;ok;2,40778923034668e-03;
1545;CZ0410047;3150;ok;2,45976448059082e-03;
1546;CZ0410047;6430;ok;2,47025489807129e-03;
1547;CZ0410047;7140;ok;2,43806838989258e-03;
1548;CZ0810036;6110;ok;2,45952606201172e-03;
1549;CZ0810036;6190;ok;2,44617462158203e-03;
1550;CZ0810036;6210;ok;2,44569778442383e-03;
1551;CZ0810036;6510;ok;2,43735313415527e-03;
1552;CZ0810036;7220;ok;2,43878364562988e-03;
1553;CZ0810036;8210;ok;2,42018699645996e-03;
1554;CZ0810036;9180;ok;1,72477459907532e+00;
1555;CZ0810036;6210p;ok;2,44331359863281e-03;
1556;CZ0314024;3130;ok;2,38585472106934e-03;
1557;CZ0314024;3150;ok;2,37560272216797e-03;
1558;CZ0314024;3160;ok;2,37035751342773e-03;
1559;CZ0314024;3260;ok;2,42018699645996e-03;
1560;CZ0314024;4030;ok;2,39992141723633e-03;
1561;CZ0314024;5130;ok;2,37989425659180e-03;
1562;CZ0314024;6230;ok;2,40945816040039e-03;
1563;CZ0314024;6410;ok;2,37369537353516e-03;
1564;CZ0314024;6430;ok;2,41708755493164e-03;
1565;CZ0314024;6510;ok;2,29454040527344e-03;
1566;CZ0314024;6520;ok;2,35962867736816e-03;
1567;CZ0314024;7110;ok;2,32553482055664e-03;
1568;CZ0314024;7120;ok;2,32005119323730e-03;
1569;CZ0314024;7140;ok;2,34317779541016e-03;
1570;CZ0314024;8220;ok;2,31027603149414e-03;
1571;CZ0314024;9110;ok;7,39483377218246e+02;
1572;CZ0314024;9130;ok;6,40444830894470e+02;
1573;CZ0314024;9180;ok;6,25533167839050e+02;
1574;CZ0314024;9410;ok;7,27222366571426e+02;
1575;CZ0314024;91D0;ok;6,51052188396454e+02;
1576;CZ0314024;91E0;ok;6,50877385377884e+02;
1577;CZ0610056;6210;ok;2,70271301269531e-03;
1578;CZ0610056;6510;ok;2,66814231872559e-03;
1579;CZ0610056;6210p;ok;2,64573097229004e-03;
1580;CZ0320022;9130;ok;4,19883751869202e+00;
1581;CZ0320022;9170;ok;4,18689203262329e+00;
1582;CZ0320022;9180;ok;1,91871786117554e+00;
1583;CZ0324029;6210;ok;2,72130966186523e-03;
1584;CZ0324029;7140;ok;2,63643264770508e-03;
1585;CZ0314636;6230;ok;2,68721580505371e-03;
1586;CZ0314636;6510;ok;2,65502929687500e-03;
1587;CZ0210062;6230;ok;2,64668464660645e-03;
1588;CZ0210062;6410;ok;2,74491310119629e-03;
1589;CZ0210062;6430;ok;2,76565551757812e-03;
1590;CZ0210062;6510;ok;2,69269943237305e-03;
1591;CZ0410001;4030;ok;2,72202491760254e-03;
1592;CZ0210054;4030;ok;2,67934799194336e-03;
1593;CZ0210054;7110;ok;2,70533561706543e-03;
1594;CZ0210054;7140;ok;2,72893905639648e-03;
1595;CZ0210054;8220;ok;2,74062156677246e-03;
1596;CZ0623046;91E0;ok;3,92902755737305e+00;
1597;CZ0520600;9110;ok;3,95269727706909e+00;
1598;CZ0520600;9130;ok;3,36642694473267e+00;
1599;CZ0520600;9410;ok;2,04181909561157e+00;
1600;CZ0622037;3130;ok;2,66027450561523e-03;
1601;CZ0613334;3260;ok;2,57539749145508e-03;
1602;CZ0720153;9130;ok;2,96875810623169e+00;
1603;CZ0720153;9170;ok;4,90634751319885e+00;
1604;CZ0210056;6410;ok;2,77590751647949e-03;
1605;CZ0210056;6430;ok;2,79331207275391e-03;
1606;CZ0210056;6510;ok;2,87675857543945e-03;
1607;CZ0314023;2330;ok;2,76947021484375e-03;
1608;CZ0314023;3150;ok;2,63261795043945e-03;
1609;CZ0314023;3160;ok;2,63762474060059e-03;
1610;CZ0314023;3260;ok;2,57611274719238e-03;
1611;CZ0314023;7140;ok;2,60162353515625e-03;
1612;CZ0314023;7150;ok;2,56919860839844e-03;
1613;CZ0314023;9190;ok;1,36719036102295e+01;
1614;CZ0314023;91E0;ok;1,48803319931030e+01;
1615;CZ0314023;91F0;ok;1,33084442615509e+01;
1616;CZ0210047;8220;ok;2,68435478210449e-03;
1617;CZ0210047;9110;ok;3,72790598869324e+00;
1618;CZ0210047;9180;ok;2,14393901824951e+00;
1619;CZ0420460;6210;ok;2,68888473510742e-03;
1620;CZ0624098;8310;ok;2,62475013732910e-03;
1621;CZ0624106;9170;ok;5,47146201133728e+00;
1622;CZ0624106;91G0;ok;2,12770175933838e+00;
1623;CZ0523290;3150;ok;4,64320182800293e-03;
1624;CZ0214011;6190;ok;5,42569160461426e-03;
1625;CZ0214011;6510;ok;5,75065612792969e-03;
1626;CZ0214011;8150;ok;4,42361831665039e-03;
1627;CZ0214011;8220;ok;4,37474250793457e-03;
1628;CZ0214011;9110;ok;5,44006681442261e+00;
1629;CZ0214011;9130;ok;6,19822001457214e+00;
1630;CZ0214011;9170;ok;6,00238847732544e+00;
1631;CZ0214011;9180;ok;4,08142876625061e+00;
1632;CZ0214011;40A0;ok;5,00369071960449e-03;
1633;CZ0214011;91E0;ok;4,83735418319702e+00;
1634;CZ0610005;5130;ok;2,56276130676270e-03;
1635;CZ0610005;9150;ok;7,16895580291748e-01;
1636;CZ0622223;6240;ok;2,88605690002441e-03;
1637;CZ0614135;7140;ok;2,77805328369141e-03;
1638;CZ0714772;8220;ok;2,81047821044922e-03;
1639;CZ0714772;9110;ok;4,18519973754883e+00;
1640;CZ0714772;9130;ok;4,84654521942139e+00;
1641;CZ0714772;9180;ok;2,25126194953918e+00;
1642;CZ0624095;3150;ok;2,69460678100586e-03;
1643;CZ0624095;3260;ok;2,67148017883301e-03;
1644;CZ0624095;3270;ok;2,66098976135254e-03;
1645;CZ0624095;6190;ok;2,64286994934082e-03;
1646;CZ0624095;6510;ok;2,64763832092285e-03;
1647;CZ0624095;8150;ok;2,81691551208496e-03;
1648;CZ0624095;8210;ok;2,75659561157227e-03;
1649;CZ0624095;8220;ok;2,90703773498535e-03;
1650;CZ0624095;8230;ok;3,31258773803711e-03;
1651;CZ0624095;9170;ok;1,12729651927948e+01;
1652;CZ0624095;9180;ok;6,40923357009888e+00;
1653;CZ0624095;40A0;ok;2,60448455810547e-03;
1654;CZ0624095;91H0;ok;3,32210874557495e+00;
1655;CZ0624095;91U0;ok;4,73694872856140e+00;
1656;CZ0420171;6430;ok;2,68316268920898e-03;
1657;CZ0420171;91E0;ok;3,67439198493958e+00;
1658;CZ0620132;6510;ok;2,77996063232422e-03;
1659;CZ0620132;8220;ok;3,01647186279297e-03;
1660;CZ0620132;9130;ok;3,09070801734924e+00;
1661;CZ0620132;9180;ok;1,70953559875488e+00;
1662;CZ0420507;3150;ok;3,16691398620605e-03;
1663;CZ0420507;7140;ok;3,03292274475098e-03;
1664;CZ0420507;8220;ok;2,93707847595215e-03;
1665;CZ0420507;8310;ok;2,80284881591797e-03;
1666;CZ0420507;9110;ok;4,40553474426270e+00;
1667;CZ0420507;9130;ok;3,31095290184021e+00;
1668;CZ0420507;91E0;ok;3,05749654769897e+00;
1669;CZ0614134;3260;ok;2,75373458862305e-03;
1670;CZ0614134;6190;ok;2,65431404113770e-03;
1671;CZ0614134;6210;ok;2,62284278869629e-03;
1672;CZ0614134;6240;ok;2,60591506958008e-03;
1673;CZ0614134;8220;ok;2,62379646301270e-03;
1674;CZ0614134;9170;ok;7,02881455421448e+00;
1675;CZ0614134;9180;ok;3,49354338645935e+00;
1676;CZ0614134;91I0;ok;2,43570852279663e+00;
1677;CZ0514672;3220;ok;2,74920463562012e-03;
1678;CZ0514672;3260;ok;2,70128250122070e-03;
1679;CZ0514672;4030;ok;2,76017189025879e-03;
1680;CZ0514672;6430;ok;2,78496742248535e-03;
1681;CZ0514672;8220;ok;2,66456604003906e-03;
1682;CZ0514672;9110;ok;5,30361342430115e+00;
1683;CZ0514672;9130;ok;4,14507150650024e+00;
1684;CZ0514672;9180;ok;2,85288953781128e+00;
1685;CZ0310033;8220;ok;2,75897979736328e-03;
1686;CZ0310033;9170;ok;4,82262635231018e+00;
1687;CZ0310033;9180;ok;1,91140198707581e+00;
1688;CZ0813474;9130;ok;3,08820104598999e+00;
1689;CZ0614131;3260;ok;2,74968147277832e-03;
1690;CZ0614131;6190;ok;2,68650054931641e-03;
1691;CZ0614131;6210;ok;2,64024734497070e-03;
1692;CZ0614131;8150;ok;2,61831283569336e-03;
1693;CZ0614131;8220;ok;2,61497497558594e-03;
1694;CZ0614131;9170;ok;9,81052875518799e+00;
1695;CZ0614131;9180;ok;5,13574457168579e+00;
1696;CZ0614131;91I0;ok;4,32190775871277e+00;
1697;CZ0214025;8310;ok;4,73952293395996e-03;
1698;CZ0420073;6210;ok;4,63700294494629e-03;
1699;CZ0420073;9170;ok;4,05578756332397e+00;
1700;CZ0420073;9180;ok;1,56088733673096e+00;
1701;CZ0420073;91H0;ok;7,78636932373047e-01;
1702;CZ0420073;91I0;ok;9,25740957260132e-01;
1703;CZ0624132;8220;ok;2,79211997985840e-03;
1704;CZ0624132;9130;ok;6,26292872428894e+00;
1705;CZ0624132;9170;ok;6,48796463012695e+00;
1706;CZ0624132;9180;ok;3,43733286857605e+00;
1707;CZ0724087;9170;ok;4,44947338104248e+00;
1708;CZ0724087;91I0;ok;1,11162519454956e+00;
1709;CZ0414026;4030;ok;2,69150733947754e-03;
1710;CZ0414026;6230;ok;2,65884399414062e-03;
1711;CZ0414026;6410;ok;2,62284278869629e-03;
1712;CZ0414026;6430;ok;2,61926651000977e-03;
1713;CZ0414026;7140;ok;2,72870063781738e-03;
1714;CZ0414026;8220;ok;2,61425971984863e-03;
1715;CZ0414026;9410;ok;2,99760675430298e+00;
1716;CZ0210186;3150;ok;3,89480590820312e-03;
1717;CZ0210186;6430;ok;5,47623634338379e-03;
1718;CZ0210186;6440;ok;4,88257408142090e-03;
1719;CZ0210186;6510;ok;5,25975227355957e-03;
1720;CZ0210186;91E0;ok;3,83128857612610e+00;
1721;CZ0210186;91F0;ok;2,61017775535583e+00;
1722;CZ0213802;6190;ok;2,69865989685059e-03;
1723;CZ0213802;8220;ok;2,56633758544922e-03;
1724;CZ0213802;9170;ok;4,53406691551208e+00;
1725;CZ0213802;9180;ok;1,61473298072815e+00;
1726;CZ0213802;40A0;ok;2,77352333068848e-03;
1727;CZ0420013;6190;ok;2,67529487609863e-03;
1728;CZ0420013;8160;ok;2,68220901489258e-03;
1729;CZ0420013;9170;ok;3,81150698661804e+00;
1730;CZ0420013;9180;ok;1,54533100128174e+00;
1731;CZ0420013;40A0;ok;2,96831130981445e-03;
1732;CZ0210118;3140;ok;3,07679176330566e-03;
1733;CZ0210118;6430;ok;3,12042236328125e-03;
1734;CZ0210118;7230;ok;2,85601615905762e-03;
1735;CZ0614056;6230;ok;3,08132171630859e-03;
1736;CZ0614056;7140;ok;2,87055969238281e-03;
1737;CZ0324032;6230;ok;2,91848182678223e-03;
1738;CZ0324032;6410;ok;2,75707244873047e-03;
1739;CZ0320005;6410;ok;3,59177589416504e-03;
1740;CZ0530028;8210;ok;2,86269187927246e-03;
1741;CZ0530028;9130;ok;3,73875117301941e+00;
1742;CZ0720437;6210;ok;2,58564949035645e-03;
1743;CZ0720437;6430;ok;2,54201889038086e-03;
1744;CZ0720437;6510;ok;2,55274772644043e-03;
1745;CZ0720437;7220;ok;2,56180763244629e-03;
1746;CZ0720437;9130;ok;3,64695835113525e+00;
1747;CZ0720437;9170;ok;5,00396656990051e+00;
1748;CZ0720437;9180;ok;2,20700073242188e+00;
1749;CZ0720437;91E0;ok;3,43786668777466e+00;
1750;CZ0620181;91E0;ok;2,63277721405029e+00;
1751;CZ0620181;91F0;ok;1,42517971992493e+00;
1752;CZ0720422;6510;ok;3,56173515319824e-03;
1753;CZ0720422;9170;ok;6,32595276832581e+00;
1754;CZ0720422;9180;ok;2,51036453247070e+00;
1755;CZ0720422;91E0;ok;4,72143077850342e+00;
1756;CZ0514668;6230;ok;2,66647338867188e-03;
1757;CZ0514668;6520;ok;2,65693664550781e-03;
1758;CZ0514668;9110;ok;3,85646986961365e+00;
1759;CZ0514668;9180;ok;1,65173006057739e+00;
1760;CZ0210726;91U0;ok;6,70729398727417e-01;
1761;CZ0620024;2330;ok;2,94470787048340e-03;
1762;CZ0620024;6260;ok;2,64573097229004e-03;
1763;CZ0720192;7220;ok;2,70128250122070e-03;
1764;CZ0720192;9130;ok;4,06433439254761e+00;
1765;CZ0720192;9170;ok;4,45710468292236e+00;
1766;CZ0720192;91E0;ok;3,48098707199097e+00;
1767;CZ0514243;8220;ok;4,59170341491699e-03;
1768;CZ0514243;8310;ok;2,86173820495605e-03;
1769;CZ0514243;9110;ok;3,96474051475525e+00;
1770;CZ0310020;9110;ok;4,08026313781738e+00;
1771;CZ0314019;3140;ok;2,82382965087891e-03;
1772;CZ0310009;3150;ok;2,78377532958984e-03;
1773;CZ0420166;6230;ok;2,84385681152344e-03;
1774;CZ0420166;6410;ok;3,02886962890625e-03;
1775;CZ0420166;6430;ok;2,91800498962402e-03;
1776;CZ0420166;7140;ok;2,79664993286133e-03;
1777;CZ0610159;9130;ok;7,23935127258301e+00;
1778;CZ0610159;9180;ok;1,48804473876953e+00;
1779;CZ0420165;6210;ok;2,50315666198730e-03;
1780;CZ0420165;91I0;ok;8,65039825439453e-01;
1781;CZ0520184;9170;ok;3,85198998451233e+00;
1782;CZ0520184;9190;ok;9,88530635833740e-01;
1783;CZ0620103;9170;ok;4,62355279922485e+00;
1784;CZ0620103;91G0;ok;1,53574109077454e+00;
1785;CZ0620103;91I0;ok;1,08498597145081e+00;
1786;CZ0620018;6210;ok;2,51150131225586e-03;
1787;CZ0620018;6240;ok;2,48289108276367e-03;
1788;CZ0210729;4030;ok;2,43234634399414e-03;
1789;CZ0210729;6110;ok;2,48479843139648e-03;
1790;CZ0210729;6190;ok;2,49528884887695e-03;
1791;CZ0210729;6210;ok;2,43234634399414e-03;
1792;CZ0210729;8220;ok;2,45618820190430e-03;
1793;CZ0210729;8230;ok;2,46834754943848e-03;
1794;CZ0410151;6210;ok;2,46071815490723e-03;
1795;CZ0410151;9170;ok;4,01791167259216e+00;
1796;CZ0410151;9180;ok;1,56592154502869e+00;
1797;CZ0410151;6210p;ok;2,41160392761230e-03;
1798;CZ0724430;6210;ok;2,39348411560059e-03;
1799;CZ0724430;6510;ok;2,37345695495605e-03;
1800;CZ0724430;7220;ok;2,42662429809570e-03;
1801;CZ0724430;9130;ok;6,63294959068298e+00;
1802;CZ0724430;9170;ok;6,79894638061523e+00;
1803;CZ0724430;9180;ok;3,57691979408264e+00;
1804;CZ0724430;6210p;ok;2,35176086425781e-03;
1805;CZ0724430;91E0;ok;4,90207982063293e+00;
1806;CZ0213009;3260;ok;2,43687629699707e-03;
1807;CZ0310035;3150;ok;2,35533714294434e-03;
1808;CZ0310035;3260;ok;2,39348411560059e-03;
1809;CZ0210027;3130;ok;2,41494178771973e-03;
1810;CZ0210027;9110;ok;4,09296059608459e+00;
1811;CZ0210027;9130;ok;2,83742976188660e+00;
1812;CZ0314638;3130;ok;2,47001647949219e-03;
1813;CZ0620084;3150;ok;2,43473052978516e-03;
1814;CZ0620084;91E0;ok;3,08928275108337e+00;
1815;CZ0620084;91F0;ok;1,90348124504089e+00;
1816;CZ0313138;3150;ok;2,37035751342773e-03;
1817;CZ0313138;6410;ok;2,30765342712402e-03;
1818;CZ0620055;91G0;ok;8,09866905212402e-01;
1819;CZ0420004;6210;ok;2,40778923034668e-03;
1820;CZ0420004;9170;ok;3,64817476272583e+00;
1821;CZ0623030;3130;ok;2,34556198120117e-03;
1822;CZ0210034;7210;ok;2,27975845336914e-03;
1823;CZ0214015;8150;ok;2,28810310363770e-03;
1824;CZ0214015;8220;ok;2,38537788391113e-03;
1825;CZ0214015;9130;ok;2,94946765899658e+00;
1826;CZ0214015;9170;ok;4,56400084495544e+00;
1827;CZ0214015;9180;ok;1,81958031654358e+00;
1828;CZ0214015;91E0;ok;3,00102066993713e+00;
1829;CZ0214015;91I0;ok;9,85685825347900e-01;
1830;CZ0424127;4030;ok;2,41327285766602e-03;
1831;CZ0424127;6230;ok;2,37751007080078e-03;
1832;CZ0424127;6430;ok;2,40516662597656e-03;
1833;CZ0424127;6520;ok;2,34794616699219e-03;
1834;CZ0424127;8220;ok;2,36749649047852e-03;
1835;CZ0424127;9110;ok;6,57123844623566e+01;
1836;CZ0424127;9130;ok;5,16946434974670e+01;
1837;CZ0424127;9180;ok;4,49536614418030e+01;
1838;CZ0424127;9410;ok;4,49599764347076e+01;
1839;CZ0424127;91D0;ok;4,36262857913971e+01;
1840;CZ0424127;91E0;ok;4,72438511848450e+01;
1841;CZ0620056;6210;ok;2,48384475708008e-03;
1842;CZ0620413;8150;ok;3,00049781799316e-03;
1843;CZ0620413;8220;ok;3,77941131591797e-03;
1844;CZ0310022;8220;ok;3,58366966247559e-03;
1845;CZ0410168;6230;ok;3,62038612365723e-03;
1846;CZ0410168;6520;ok;3,66187095642090e-03;
1847;CZ0410168;7140;ok;3,58819961547852e-03;
1848;CZ0410168;9410;ok;2,09385013580322e+00;
1849;CZ0410168;91D0;ok;1,14570140838623e+00;
1850;CZ0410176;4030;ok;2,52842903137207e-03;
1851;CZ0410176;8220;ok;2,50816345214844e-03;
1852;CZ0610003;9130;ok;3,42508816719055e+00;
1853;CZ0712225;6210;ok;2,33650207519531e-03;
1854;CZ0210029;6210;ok;2,36678123474121e-03;
1855;CZ0210008;7230;ok;2,33292579650879e-03;
1856;CZ0210008;91F0;ok;1,01059007644653e+00;
1857;CZ0523267;6520;ok;2,39396095275879e-03;
1858;CZ0523267;91E0;ok;4,60063576698303e+00;
1859;CZ0514667;8310;ok;2,35366821289062e-03;
1860;CZ0524045;6410;ok;2,29430198669434e-03;
1861;CZ0524045;91E0;ok;2,77366900444031e+00;
1862;CZ0524045;91F0;ok;1,04046773910522e+00;
1863;CZ0520604;8220;ok;2,44951248168945e-03;
1864;CZ0520604;9110;ok;5,06877422332764e+00;
1865;CZ0520604;9130;ok;3,79663109779358e+00;
1866;CZ0520604;9180;ok;2,54027485847473e+00;
1867;CZ0310019;3130;ok;2,62975692749023e-03;
1868;CZ0310019;3150;ok;2,69556045532227e-03;
1869;CZ0610170;3130;ok;2,46095657348633e-03;
1870;CZ0610170;6230;ok;2,58183479309082e-03;
1871;CZ0610170;7140;ok;2,56800651550293e-03;
1872;CZ0624108;6250;ok;2,74085998535156e-03;
1873;CZ0214003;5130;ok;2,57182121276855e-03;
1874;CZ0214003;6110;ok;2,76184082031250e-03;
1875;CZ0214003;6210;ok;2,37965583801270e-03;
1876;CZ0214003;8310;ok;2,40087509155273e-03;
1877;CZ0214003;9170;ok;4,21385693550110e+00;
1878;CZ0314641;6410;ok;2,58207321166992e-03;
1879;CZ0314641;6430;ok;2,58159637451172e-03;
1880;CZ0314641;6510;ok;2,58469581604004e-03;
1881;CZ0314641;7140;ok;2,59399414062500e-03;
1882;CZ0314641;91E0;ok;3,21877670288086e+00;
1883;CZ0620120;6210;ok;2,43973731994629e-03;
1884;CZ0620120;9170;ok;3,95400047302246e+00;
1885;CZ0620120;91I0;ok;7,76886701583862e-01;
1886;CZ0614057;3130;ok;2,34103202819824e-03;
1887;CZ0620076;1340;ok;2,28404998779297e-03;
1888;CZ0530504;6230;ok;2,30741500854492e-03;
1889;CZ0210153;6190;ok;2,34103202819824e-03;
1890;CZ0210153;8220;ok;2,30717658996582e-03;
1891;CZ0210153;9170;ok;3,77545833587646e+00;
1892;CZ0210153;9180;ok;1,55060076713562e+00;
1893;CZ0210153;40A0;ok;2,45928764343262e-03;
1894;CZ0610401;9110;ok;3,83886623382568e+00;
1895;CZ0610401;9130;ok;2,81783986091614e+00;
1896;CZ0520511;6510;ok;2,46214866638184e-03;
1897;CZ0520511;9110;ok;3,59613251686096e+00;
1898;CZ0520511;9130;ok;3,07151269912720e+00;
1899;CZ0520511;91E0;ok;2,91370820999146e+00;
1900;CZ0214050;3150;ok;2,45237350463867e-03;
1901;CZ0214050;6210;ok;2,45213508605957e-03;
1902;CZ0214050;6410;ok;2,41661071777344e-03;
1903;CZ0214050;6440;ok;2,39896774291992e-03;
1904;CZ0214050;6510;ok;2,38919258117676e-03;
1905;CZ0214050;7230;ok;2,41422653198242e-03;
1906;CZ0214050;6210p;ok;2,42638587951660e-03;
1907;CZ0214050;91H0;ok;9,29163217544556e-01;
1908;CZ0214050;91I0;ok;1,00092315673828e+00;
1909;CZ0420012;3260;ok;2,38847732543945e-03;
1910;CZ0420012;3270;ok;2,30503082275391e-03;
1911;CZ0420012;4030;ok;2,30336189270020e-03;
1912;CZ0420012;5130;ok;2,30765342712402e-03;
1913;CZ0420012;6190;ok;2,30717658996582e-03;
1914;CZ0420012;6210;ok;2,31170654296875e-03;
1915;CZ0420012;8220;ok;2,34365463256836e-03;
1916;CZ0420012;8230;ok;2,29763984680176e-03;
1917;CZ0420012;40A0;ok;2,29740142822266e-03;
1918;CZ0420012;91E0;ok;2,86234474182129e+00;
1919;CZ0210066;6210;ok;2,39920616149902e-03;
1920;CZ0810425;3140;ok;2,36248970031738e-03;
1921;CZ0530021;3150;ok;2,39491462707520e-03;
1922;CZ0530021;7140;ok;2,35724449157715e-03;
1923;CZ0530021;9170;ok;4,25608086585999e+00;
1924;CZ0530021;9190;ok;1,00889205932617e+00;
1925;CZ0210175;9170;ok;5,39964556694031e+00;
1926;CZ0210175;9190;ok;2,28221416473389e+00;
1927;CZ0210175;91I0;ok;1,48433852195740e+00;
1928;CZ0310605;91D0;ok;1,41223144531250e+00;
1929;CZ0310163;9110;ok;3,92316269874573e+00;
1930;CZ0310163;9130;ok;3,75914454460144e+00;
1931;CZ0310163;9410;ok;1,99840474128723e+00;
