TYP_CHU;SITECODE;HABITAT_CODE;ROZLOHA_PASEKY;ROZLOHA_HOLINY;POCET_SEGMENTU_PASEKY;DATUM_VYPOCTU
EVL;CZ0520519;7140;;;;2026-09-24
EVL;CZ0520519;8220;;;;2026-09-24
EVL;CZ0520519;8310;;;;2026-09-24
EVL;CZ0520519;9110;6,84144563725416e-01;0,00000000000000;19;2026-09-24
EVL;CZ0520519;9410;8,64274809376362e-01;0,00000000000000;14;2026-09-24
EVL;CZ0520519;91D0;5,73412686618710e-01;0,00000000000000;5;2026-09-24
EVL;CZ0214005;6410;;;;2026-09-24
EVL;CZ0214005;6430;;;;2026-09-24
EVL;CZ0214005;6510;;;;2026-09-24
EVL;CZ0214005;9170;0,00000000000000e+00;0,00000000000000;0;2026-09-24
EVL;CZ0214005;9180;0,00000000000000e+00;0,00000000000000;0;2026-09-24
EVL;CZ0214005;91E0;0,00000000000000e+00;0,00000000000000;0;2026-09-24
EVL;CZ0534051;6210;;;;2026-09-24
EVL;CZ0534051;6510;;;;2026-09-24
EVL;CZ0534051;91E0;0,00000000000000e+00;0,00000000000000;0;2026-09-24
EVL;CZ0610175;9110;0,00000000000000e+00;0,00000000000000;0;2026-09-24
EVL;CZ0720013;6210;;;;2026-09-24
EVL;CZ0720013;6510;;;;2026-09-24
EVL;CZ0720013;91I0;0,00000000000000e+00;0,00000000000000;0;2026-09-24
EVL;CZ0520028;7220;;;;2026-09-24
EVL;CZ0520028;8210;;;;2026-09-24
EVL;CZ0520028;9180;7,75120877817029e-03;0,00000000000000;2;2026-09-24
EVL;CZ0424034;6410;;;;2026-09-24
EVL;CZ0424034;6430;;;;2026-09-24
EVL;CZ0424034;6510;;;;2026-09-24
EVL;CZ0410404;3150;;;;2026-09-24
EVL;CZ0410404;3160;;;;2026-09-24
EVL;CZ0410404;7140;;;;2026-09-24
EVL;CZ0410404;9410;2,55727071017380e+00;1,01159714495964;7;2026-09-24
EVL;CZ0714082;9170;0,00000000000000e+00;0,00000000000000;0;2026-09-24
EVL;CZ0714082;91F0;0,00000000000000e+00;0,00000000000000;0;2026-09-24
EVL;CZ0323142;3260;;;;2026-09-24
EVL;CZ0724089;3220;;;;2026-09-24
EVL;CZ0724089;3240;;;;2026-09-24
EVL;CZ0724089;5130;;;;2026-09-24
EVL;CZ0724089;6210;;;;2026-09-24
EVL;CZ0724089;6230;;;;2026-09-24
EVL;CZ0724089;6430;;;;2026-09-24
EVL;CZ0724089;6510;;;;2026-09-24
EVL;CZ0724089;7220;;;;2026-09-24
EVL;CZ0724089;7230;;;;2026-09-24
EVL;CZ0724089;8220;;;;2026-09-24
EVL;CZ0724089;8310;;;;2026-09-24
EVL;CZ0724089;9110;3,61748566419410e+02;231,87152487310561;498;2026-09-24
EVL;CZ0724089;9130;2,49978648936325e+02;102,63016136200895;481;2026-09-24
EVL;CZ0724089;9140;3,54083353601911e+00;2,02647096443504;13;2026-09-24
EVL;CZ0724089;9170;2,45794848557639e+01;6,55452160777759;84;2026-09-24
EVL;CZ0724089;9180;1,68659121351828e+01;6,09246183353333;72;2026-09-24
EVL;CZ0724089;9410;2,25324718940285e+01;14,51791881295470;40;2026-09-24
EVL;CZ0724089;91E0;2,29408753427392e+01;11,49312117948268;55;2026-09-24
EVL;CZ0424036;6210;;;;2026-09-24
EVL;CZ0424036;91H0;0,00000000000000e+00;0,00000000000000;0;2026-09-24
EVL;CZ0620001;6240;;;;2026-09-24
EVL;CZ0424030;8220;;;;2026-09-24
EVL;CZ0424030;9110;4,90271830202011e+00;0,00000000000000;26;2026-09-24
EVL;CZ0424030;9130;1,22764817261618e+00;0,00000000000000;2;2026-09-24
EVL;CZ0424030;9180;3,15948122119889e-01;0,00000000000000;2;2026-09-24
EVL;CZ0424030;91E0;3,82409687319554e-01;0,00000000000000;3;2026-09-24
EVL;CZ0724090;3140;;;;2026-09-24
EVL;CZ0724090;6210;;;;2026-09-24
EVL;CZ0724090;6230;;;;2026-09-24
EVL;CZ0724090;6410;;;;2026-09-24
EVL;CZ0724090;6430;;;;2026-09-24
EVL;CZ0724090;6510;;;;2026-09-24
EVL;CZ0724090;7220;;;;2026-09-24
EVL;CZ0724090;7230;;;;2026-09-24
EVL;CZ0724090;9110;5,49243848363172e-01;0,00000000000000;4;2026-09-24
EVL;CZ0724090;9130;1,43696130964477e+02;67,89549418164005;164;2026-09-24
EVL;CZ0724090;9170;4,15415622833904e+01;8,62736458298988;102;2026-09-24
EVL;CZ0724090;9180;2,39782542552170e-02;0,00000000000000;1;2026-09-24
EVL;CZ0724090;6210p;;;;2026-09-24
EVL;CZ0724090;91E0;2,55719961556211e-01;0,00000000000000;10;2026-09-24
EVL;CZ0724090;91G0;7,77362675103474e-01;0,00000000000000;6;2026-09-24
EVL;CZ0724090;91I0;4,70908286145714e-04;0,00000000000000;1;2026-09-24
EVL;CZ0720441;6210;;;;2026-09-24
EVL;CZ0720441;6510;;;;2026-09-24
EVL;CZ0720441;7220;;;;2026-09-24
EVL;CZ0720441;9130;5,68011040781361e-01;0,00000000000000;2;2026-09-24
EVL;CZ0720441;9170;1,27579367539287e-01;0,00000000000000;1;2026-09-24
EVL;CZ0720441;6210p;;;;2026-09-24
EVL;CZ0424129;6210;;;;2026-09-24
EVL;CZ0424129;8230;;;;2026-09-24
EVL;CZ0424129;6210p;;;;2026-09-24
EVL;CZ0424129;91E0;0,00000000000000e+00;0,00000000000000;0;2026-09-24
EVL;CZ0424135;6210;;;;2026-09-24
EVL;CZ0424135;6210p;;;;2026-09-24
EVL;CZ0210100;7220;;;;2026-09-24
EVL;CZ0210100;9150;0,00000000000000e+00;0,00000000000000;0;2026-09-24
EVL;CZ0210100;91E0;0,00000000000000e+00;0,00000000000000;0;2026-09-24
EVL;CZ0623035;6250;;;;2026-09-24
EVL;CZ0510441;6510;;;;2026-09-24
EVL;CZ0510441;8220;;;;2026-09-24
EVL;CZ0510441;9170;2,34639874220668e+00;0,00000000000000;10;2026-09-24
EVL;CZ0510441;9180;4,34326688144526e+00;0,00000000000000;17;2026-09-24
EVL;CZ0510441;91E0;8,87895046288660e-02;0,00000000000000;2;2026-09-24
EVL;CZ0510441;91I0;1,73339504962597e+00;0,00000000000000;8;2026-09-24
EVL;CZ0310629;3140;;;;2026-09-24
EVL;CZ0310629;3160;;;;2026-09-24
EVL;CZ0314124;3260;;;;2026-09-24
EVL;CZ0314124;6190;;;;2026-09-24
EVL;CZ0314124;6210;;;;2026-09-24
EVL;CZ0314124;6410;;;;2026-09-24
EVL;CZ0314124;6510;;;;2026-09-24
EVL;CZ0314124;8220;;;;2026-09-24
EVL;CZ0314124;9110;9,18137904533880e+01;65,41437428233436;97;2026-09-24
EVL;CZ0314124;9130;6,82210611250058e+01;46,86967497717801;75;2026-09-24
EVL;CZ0314124;9170;5,21357013478408e+00;3,19884431914425;20;2026-09-24
EVL;CZ0314124;9180;2,44697975401300e+00;0,00000000000000;18;2026-09-24
EVL;CZ0314124;6210p;;;;2026-09-24
EVL;CZ0314124;91U0;0,00000000000000e+00;0,00000000000000;0;2026-09-24
EVL;CZ0110142;6410;;;;2026-09-24
EVL;CZ0110142;9170;0,00000000000000e+00;0,00000000000000;0;2026-09-24
EVL;CZ0110142;9190;5,00579266770603e-01;0,00000000000000;2;2026-09-24
EVL;CZ0410023;3150;;;;2026-09-24
EVL;CZ0410023;4030;;;;2026-09-24
EVL;CZ0410023;6410;;;;2026-09-24
EVL;CZ0410023;6430;;;;2026-09-24
EVL;CZ0410023;7140;;;;2026-09-24
EVL;CZ0623324;3260;;;;2026-09-24
EVL;CZ0530033;6210;;;;2026-09-24
EVL;CZ0530033;6510;;;;2026-09-24
EVL;CZ0530033;9110;1,88685745549084e+01;12,77369246240101;23;2026-09-24
EVL;CZ0530033;9130;1,25396990520253e+01;10,55341776232895;16;2026-09-24
EVL;CZ0420451;6210;;;;2026-09-24
EVL;CZ0420451;6410;;;;2026-09-24
EVL;CZ0420451;6510;;;;2026-09-24
EVL;CZ0420451;8220;;;;2026-09-24
EVL;CZ0420451;9170;9,14784530087002e-01;0,00000000000000;5;2026-09-24
EVL;CZ0420451;9180;3,96220984490274e-02;0,00000000000000;1;2026-09-24
EVL;CZ0420451;6210p;;;;2026-09-24
EVL;CZ0420451;91E0;1,38239920466449e+00;0,00000000000000;5;2026-09-24
EVL;CZ0314123;3150;;;;2026-09-24
EVL;CZ0314123;6230;;;;2026-09-24
EVL;CZ0314123;6410;;;;2026-09-24
EVL;CZ0314123;6430;;;;2026-09-24
EVL;CZ0314123;6510;;;;2026-09-24
EVL;CZ0314123;7120;;;;2026-09-24
EVL;CZ0314123;7140;;;;2026-09-24
EVL;CZ0314123;8220;;;;2026-09-24
EVL;CZ0314123;9110;1,67081968624920e+02;86,82898981219890;272;2026-09-24
EVL;CZ0314123;9130;4,67300821483623e+02;348,05059320346282;367;2026-09-24
EVL;CZ0314123;9180;2,02700362650963e+01;11,55968061965109;54;2026-09-24
EVL;CZ0314123;91E0;1,96089220040785e+01;13,14564974722492;45;2026-09-24
EVL;CZ0422075;6210;;;;2026-09-24
EVL;CZ0422075;6510;;;;2026-09-24
EVL;CZ0422075;8220;;;;2026-09-24
EVL;CZ0422075;40A0;;;;2026-09-24
EVL;CZ0314021;3160;;;;2026-09-24
EVL;CZ0314021;6410;;;;2026-09-24
EVL;CZ0314021;7140;;;;2026-09-24
EVL;CZ0314021;91D0;0,00000000000000e+00;0,00000000000000;0;2026-09-24
EVL;CZ0314021;91T0;0,00000000000000e+00;0,00000000000000;0;2026-09-24
EVL;CZ0420026;6190;;;;2026-09-24
EVL;CZ0420026;8150;;;;2026-09-24
EVL;CZ0420026;8220;;;;2026-09-24
EVL;CZ0420026;9180;0,00000000000000e+00;0,00000000000000;0;2026-09-24
EVL;CZ0420026;40A0;;;;2026-09-24
EVL;CZ0624094;9170;0,00000000000000e+00;0,00000000000000;0;2026-09-24
EVL;CZ0533296;3140;;;;2026-09-24
EVL;CZ0623798;91E0;4,03693899161951e-02;0,00000000000000;1;2026-09-24
EVL;CZ0530501;8210;;;;2026-09-24
EVL;CZ0530501;9130;1,10499731503686e+00;0,00000000000000;4;2026-09-24
EVL;CZ0530501;9180;1,16032344966724e+00;0,00000000000000;5;2026-09-24
EVL;CZ0710505;40A0;;;;2026-09-24
EVL;CZ0214047;4030;;;;2026-09-24
EVL;CZ0214047;7140;;;;2026-09-24
EVL;CZ0214047;91D0;0,00000000000000e+00;0,00000000000000;0;2026-09-24
EVL;CZ0520518;4030;;;;2026-09-24
EVL;CZ0520518;8220;;;;2026-09-24
EVL;CZ0520518;8310;;;;2026-09-24
EVL;CZ0520518;9110;3,07463203666943e+00;0,00000000000000;37;2026-09-24
EVL;CZ0520518;9130;1,28468600783954e+00;0,00000000000000;16;2026-09-24
EVL;CZ0520178;6510;;;;2026-09-24
EVL;CZ0520178;9110;6,00215171886773e-01;0,00000000000000;3;2026-09-24
EVL;CZ0520178;9130;9,55768737678002e-01;0,00000000000000;6;2026-09-24
EVL;CZ0520178;91E0;8,50471275292989e-02;0,00000000000000;1;2026-09-24
EVL;CZ0212001;3130;;;;2026-09-24
EVL;CZ0623004;91E0;2,08428433095735e+00;2,08428433095735;1;2026-09-24
EVL;CZ0510405;6230;;;;2026-09-24
EVL;CZ0510405;6430;;;;2026-09-24
EVL;CZ0510405;7140;;;;2026-09-24
EVL;CZ0510405;9130;0,00000000000000e+00;0,00000000000000;0;2026-09-24
EVL;CZ0510405;9140;0,00000000000000e+00;0,00000000000000;0;2026-09-24
EVL;CZ0510405;9180;1,14489266643954e-01;0,00000000000000;3;2026-09-24
EVL;CZ0510405;9410;0,00000000000000e+00;0,00000000000000;0;2026-09-24
EVL;CZ0510405;91D0;0,00000000000000e+00;0,00000000000000;0;2026-09-24
EVL;CZ0413177;3160;;;;2026-09-24
EVL;CZ0413177;6430;;;;2026-09-24
EVL;CZ0524048;7230;;;;2026-09-24
EVL;CZ0620073;2330;;;;2026-09-24
EVL;CZ0620194;8220;;;;2026-09-24
EVL;CZ0620194;9180;1,05264323082537e+00;0,00000000000000;6;2026-09-24
EVL;CZ0320023;6110;;;;2026-09-24
EVL;CZ0320023;9150;2,29713638725842e+00;1,77660528276223;4;2026-09-24
EVL;CZ0320023;91U0;7,85862394547090e-02;0,00000000000000;1;2026-09-24
EVL;CZ0320180;6410;;;;2026-09-24
EVL;CZ0320180;7140;;;;2026-09-24
EVL;CZ0320180;9110;3,05724175682921e+01;16,24723015677205;42;2026-09-24
EVL;CZ0320180;9130;1,84885456322355e+00;0,00000000000000;5;2026-09-24
EVL;CZ0320180;9180;0,00000000000000e+00;0,00000000000000;0;2026-09-24
EVL;CZ0320180;9190;0,00000000000000e+00;0,00000000000000;0;2026-09-24
EVL;CZ0320180;9410;8,00824962952174e-04;0,00000000000000;1;2026-09-24
EVL;CZ0320180;91D0;1,65258074204996e-01;0,00000000000000;1;2026-09-24
EVL;CZ0624062;6210;;;;2026-09-24
EVL;CZ0624062;91G0;0,00000000000000e+00;0,00000000000000;0;2026-09-24
EVL;CZ0624062;91I0;0,00000000000000e+00;0,00000000000000;0;2026-09-24
EVL;CZ0534050;3150;;;;2026-09-24
EVL;CZ0214004;2330;;;;2026-09-24
EVL;CZ0214004;6510;;;;2026-09-24
EVL;CZ0214004;9170;5,54498860419524e-03;0,00000000000000;4;2026-09-24
EVL;CZ0214004;9190;0,00000000000000e+00;0,00000000000000;0;2026-09-24
EVL;CZ0624072;3140;;;;2026-09-24
EVL;CZ0624072;6210;;;;2026-09-24
EVL;CZ0624072;6410;;;;2026-09-24
EVL;CZ0624072;6430;;;;2026-09-24
EVL;CZ0624072;6510;;;;2026-09-24
EVL;CZ0624072;7220;;;;2026-09-24
EVL;CZ0624072;9130;7,73611518014032e+00;2,86562511656538;22;2026-09-24
EVL;CZ0624072;9170;2,20118111188584e+01;7,39802944624052;36;2026-09-24
EVL;CZ0624072;6210p;;;;2026-09-24
EVL;CZ0624072;91E0;1,04955222296662e-02;0,00000000000000;3;2026-09-24
EVL;CZ0624072;91G0;3,54396302617780e+00;0,00000000000000;28;2026-09-24
EVL;CZ0624072;91I0;0,00000000000000e+00;0,00000000000000;0;2026-09-24
EVL;CZ0210704;6190;;;;2026-09-24
EVL;CZ0210704;40A0;;;;2026-09-24
EVL;CZ0310032;3260;;;;2026-09-24
EVL;CZ0310032;8220;;;;2026-09-24
EVL;CZ0310610;7120;;;;2026-09-24
EVL;CZ0310610;91D0;5,85858588368100e+00;5,20627280357778;3;2026-09-24
EVL;CZ0810001;6510;;;;2026-09-24
EVL;CZ0810001;7220;;;;2026-09-24
EVL;CZ0810001;9180;5,41563019009597e-05;0,00000000000000;16;2026-09-24
EVL;CZ0424031;3260;;;;2026-09-24
EVL;CZ0424031;4030;;;;2026-09-24
EVL;CZ0424031;6230;;;;2026-09-24
EVL;CZ0424031;6510;;;;2026-09-24
EVL;CZ0424031;8160;;;;2026-09-24
EVL;CZ0424031;8220;;;;2026-09-24
EVL;CZ0424031;8310;;;;2026-09-24
EVL;CZ0424031;9110;2,74629364136355e+02;237,90891931772413;230;2026-09-24
EVL;CZ0424031;9130;8,95678991815693e-01;0,00000000000000;14;2026-09-24
EVL;CZ0424031;9180;3,40228422685381e-01;0,00000000000000;8;2026-09-24
EVL;CZ0424031;9410;5,22447198546710e+00;0,00000000000000;32;2026-09-24
EVL;CZ0520038;9170;9,62185938114829e+00;0,00000000000000;27;2026-09-24
EVL;CZ0520038;9190;4,94572223396105e-01;0,00000000000000;3;2026-09-24
EVL;CZ0620002;6210;;;;2026-09-24
EVL;CZ0620002;6240;;;;2026-09-24
EVL;CZ0620002;6210p;;;;2026-09-24
EVL;CZ0210150;7220;;;;2026-09-24
EVL;CZ0210150;9170;5,18779672650715e-01;0,00000000000000;2;2026-09-24
EVL;CZ0310630;3140;;;;2026-09-24
EVL;CZ0620421;91G0;2,78489714442339e+01;6,43073555944218;45;2026-09-24
EVL;CZ0614053;3140;;;;2026-09-24
EVL;CZ0614053;6410;;;;2026-09-24
EVL;CZ0614053;7140;;;;2026-09-24
EVL;CZ0614053;9410;7,73738643234300e+00;6,72603565546563;4;2026-09-24
EVL;CZ0614053;91D0;6,37295986201311e+00;5,70337335083133;3;2026-09-24
EVL;CZ0813439;3260;;;;2026-09-24
EVL;CZ0420069;91I0;0,00000000000000e+00;0,00000000000000;0;2026-09-24
EVL;CZ0624104;6190;;;;2026-09-24
EVL;CZ0624104;6210;;;;2026-09-24
EVL;CZ0624104;6240;;;;2026-09-24
EVL;CZ0624104;8160;;;;2026-09-24
EVL;CZ0624104;8210;;;;2026-09-24
EVL;CZ0624104;9180;4,68107123461973e+00;2,49015553855023;6;2026-09-24
EVL;CZ0624104;91G0;4,22916508032565e-01;0,00000000000000;2;2026-09-24
EVL;CZ0624104;91H0;0,00000000000000e+00;0,00000000000000;0;2026-09-24
EVL;CZ0620414;6230;;;;2026-09-24
EVL;CZ0424139;91F0;1,83346877829635e+00;0,00000000000000;6;2026-09-24
EVL;CZ0534052;3260;;;;2026-09-24
EVL;CZ0610514;3140;;;;2026-09-24
EVL;CZ0610514;6230;;;;2026-09-24
EVL;CZ0424125;3150;;;;2026-09-24
EVL;CZ0424125;3260;;;;2026-09-24
EVL;CZ0424125;5130;;;;2026-09-24
EVL;CZ0424125;6210;;;;2026-09-24
EVL;CZ0424125;6230;;;;2026-09-24
EVL;CZ0424125;6430;;;;2026-09-24
EVL;CZ0424125;6510;;;;2026-09-24
EVL;CZ0424125;8160;;;;2026-09-24
EVL;CZ0424125;9130;1,64422119556112e+01;1,42413044796072;72;2026-09-24
EVL;CZ0424125;9180;1,23174807498102e+01;3,19574774506973;58;2026-09-24
EVL;CZ0424125;40A0;;;;2026-09-24
EVL;CZ0424125;91E0;2,29288699783956e+00;0,00000000000000;25;2026-09-24
EVL;CZ0424125;91I0;2,50624774036010e+00;1,32555528109814;8;2026-09-24
EVL;CZ0610030;3150;;;;2026-09-24
EVL;CZ0623799;91F0;6,21027815754706e+00;4,36694727855013;5;2026-09-24
EVL;CZ0710006;6510;;;;2026-09-24
EVL;CZ0710006;9170;2,35989956467022e+00;0,00000000000000;12;2026-09-24
EVL;CZ0523268;6410;;;;2026-09-24
EVL;CZ0523268;9170;0,00000000000000e+00;0,00000000000000;0;2026-09-24
EVL;CZ0523268;91E0;0,00000000000000e+00;0,00000000000000;0;2026-09-24
EVL;CZ0622218;6210;;;;2026-09-24
EVL;CZ0622218;6250;;;;2026-09-24
EVL;CZ0622218;40A0;;;;2026-09-24
EVL;CZ0310080;7140;;;;2026-09-24
EVL;CZ0310080;7150;;;;2026-09-24
EVL;CZ0620003;6210;;;;2026-09-24
EVL;CZ0210101;3130;;;;2026-09-24
EVL;CZ0210101;3150;;;;2026-09-24
EVL;CZ0210101;6410;;;;2026-09-24
EVL;CZ0210101;6510;;;;2026-09-24
EVL;CZ0210101;7230;;;;2026-09-24
EVL;CZ0210101;9170;1,24499251736605e+02;18,29723867763921;249;2026-09-24
EVL;CZ0210101;9190;1,52501513591671e+01;3,69363852486730;49;2026-09-24
EVL;CZ0210101;91E0;6,72534132168489e-01;0,00000000000000;4;2026-09-24
EVL;CZ0210101;91H0;1,37181331118694e+00;0,00000000000000;7;2026-09-24
EVL;CZ0210101;91I0;1,18445950585417e-01;0,00000000000000;1;2026-09-24
EVL;CZ0420044;6210;;;;2026-09-24
EVL;CZ0310001;9110;1,21815580813690e+00;0,00000000000000;11;2026-09-24
EVL;CZ0310001;9130;4,40303391600028e-04;0,00000000000000;1;2026-09-24
EVL;CZ0620004;4030;;;;2026-09-24
EVL;CZ0620004;40A0;;;;2026-09-24
EVL;CZ0620004;6210p;;;;2026-09-24
EVL;CZ0420074;7110;;;;2026-09-24
EVL;CZ0420074;7140;;;;2026-09-24
EVL;CZ0420074;91D0;2,65922664357943e-01;0,00000000000000;2;2026-09-24
EVL;CZ0610025;9130;4,79949723527057e-01;0,00000000000000;8;2026-09-24
EVL;CZ0610025;9170;1,92405627767893e-01;0,00000000000000;6;2026-09-24
EVL;CZ0714084;8220;;;;2026-09-24
EVL;CZ0714084;9110;3,68020582947843e+00;0,00000000000000;8;2026-09-24
EVL;CZ0714084;9130;9,41019069261257e+00;0,00000000000000;38;2026-09-24
EVL;CZ0310070;5130;;;;2026-09-24
EVL;CZ0610516;6230;;;;2026-09-24
EVL;CZ0524050;3150;;;;2026-09-24
EVL;CZ0524050;9170;9,16114774157130e+00;0,00000000000000;22;2026-09-24
EVL;CZ0320030;9110;8,51986999787049e+00;1,25826165479254;17;2026-09-24
EVL;CZ0320030;9180;0,00000000000000e+00;0,00000000000000;0;2026-09-24
EVL;CZ0620415;3140;;;;2026-09-24
EVL;CZ0610022;6410;;;;2026-09-24
EVL;CZ0110049;4030;;;;2026-09-24
EVL;CZ0530037;9180;2,73996117010117e-01;0,00000000000000;2;2026-09-24
EVL;CZ0313098;3160;;;;2026-09-24
EVL;CZ0313098;7140;;;;2026-09-24
EVL;CZ0620418;3130;;;;2026-09-24
EVL;CZ0810423;9170;0,00000000000000e+00;0,00000000000000;0;2026-09-24
EVL;CZ0810423;9190;0,00000000000000e+00;0,00000000000000;0;2026-09-24
EVL;CZ0612135;3130;;;;2026-09-24
EVL;CZ0624070;2330;;;;2026-09-24
EVL;CZ0624070;6260;;;;2026-09-24
EVL;CZ0624070;91E0;5,85707031706706e+00;1,01351985481763;12;2026-09-24
EVL;CZ0624070;91G0;1,22887165725008e+01;2,35161437275023;29;2026-09-24
EVL;CZ0624070;91I0;2,08880532629020e+01;9,75445524540258;38;2026-09-24
EVL;CZ0620005;6210;;;;2026-09-24
EVL;CZ0620005;6210p;;;;2026-09-24
EVL;CZ0620005;91G0;0,00000000000000e+00;0,00000000000000;0;2026-09-24
EVL;CZ0420007;6210;;;;2026-09-24
EVL;CZ0420007;9170;0,00000000000000e+00;0,00000000000000;0;2026-09-24
EVL;CZ0420007;91H0;0,00000000000000e+00;0,00000000000000;0;2026-09-24
EVL;CZ0424038;6190;;;;2026-09-24
EVL;CZ0424038;6210;;;;2026-09-24
EVL;CZ0424038;6510;;;;2026-09-24
EVL;CZ0424038;8220;;;;2026-09-24
EVL;CZ0424038;8230;;;;2026-09-24
EVL;CZ0424038;40A0;;;;2026-09-24
EVL;CZ0420014;6110;;;;2026-09-24
EVL;CZ0420014;6190;;;;2026-09-24
EVL;CZ0420014;6210;;;;2026-09-24
EVL;CZ0420014;8220;;;;2026-09-24
EVL;CZ0420014;9180;0,00000000000000e+00;0,00000000000000;0;2026-09-24
EVL;CZ0420014;40A0;;;;2026-09-24
EVL;CZ0423507;3260;;;;2026-09-24
EVL;CZ0423507;6430;;;;2026-09-24
EVL;CZ0314022;3140;;;;2026-09-24
EVL;CZ0314022;3260;;;;2026-09-24
EVL;CZ0314022;9110;3,49966239133986e+00;0,00000000000000;13;2026-09-24
EVL;CZ0314022;9130;2,65493001530000e+00;0,00000000000000;7;2026-09-24
EVL;CZ0314022;91E0;5,02919948383607e-01;0,00000000000000;2;2026-09-24
EVL;CZ0610029;3130;;;;2026-09-24
EVL;CZ0513506;2330;;;;2026-09-24
EVL;CZ0513506;3140;;;;2026-09-24
EVL;CZ0513506;3150;;;;2026-09-24
EVL;CZ0513506;3260;;;;2026-09-24
EVL;CZ0513506;6410;;;;2026-09-24
EVL;CZ0513506;6430;;;;2026-09-24
EVL;CZ0513506;7140;;;;2026-09-24
EVL;CZ0513506;91D0;6,39372796539939e-01;0,00000000000000;4;2026-09-24
EVL;CZ0513506;91E0;0,00000000000000e+00;0,00000000000000;0;2026-09-24
EVL;CZ0724429;8310;;;;2026-09-24
EVL;CZ0724429;9110;7,60472815133423e+00;0,00000000000000;31;2026-09-24
EVL;CZ0724429;9130;2,99071936551361e+01;10,33738623142301;79;2026-09-24
EVL;CZ0724429;9180;2,00831880961918e+00;0,00000000000000;16;2026-09-24
EVL;CZ0210010;6210;;;;2026-09-24
EVL;CZ0210010;9170;2,51611657069530e-02;0,00000000000000;1;2026-09-24
EVL;CZ0210010;91I0;0,00000000000000e+00;0,00000000000000;0;2026-09-24
EVL;CZ0622009;6210;;;;2026-09-24
EVL;CZ0210172;3140;;;;2026-09-24
EVL;CZ0210172;6210;;;;2026-09-24
EVL;CZ0210172;6410;;;;2026-09-24
EVL;CZ0210172;7210;;;;2026-09-24
EVL;CZ0210172;7230;;;;2026-09-24
EVL;CZ0210043;9110;0,00000000000000e+00;0,00000000000000;0;2026-09-24
EVL;CZ0210043;9180;2,58322058729385e-02;0,00000000000000;1;2026-09-24
EVL;CZ0520020;8220;;;;2026-09-24
EVL;CZ0520020;9110;0,00000000000000e+00;0,00000000000000;0;2026-09-24
EVL;CZ0520020;9130;6,62048196420239e-01;0,00000000000000;2;2026-09-24
EVL;CZ0414127;3150;;;;2026-09-24
EVL;CZ0414127;5130;;;;2026-09-24
EVL;CZ0414127;6210;;;;2026-09-24
EVL;CZ0414127;6230;;;;2026-09-24
EVL;CZ0414127;6430;;;;2026-09-24
EVL;CZ0414127;6510;;;;2026-09-24
EVL;CZ0414127;8230;;;;2026-09-24
EVL;CZ0414127;8310;;;;2026-09-24
EVL;CZ0414127;9130;2,34354444401752e+02;140,13060134161427;394;2026-09-24
EVL;CZ0414127;9180;2,67799478133236e+01;9,82891012231699;102;2026-09-24
EVL;CZ0414127;40A0;;;;2026-09-24
EVL;CZ0414127;91E0;1,61993201477756e+01;5,68639849160148;99;2026-09-24
EVL;CZ0414127;91I0;2,42054050087793e+01;11,20333248458857;41;2026-09-24
EVL;CZ0814093;91E0;1,11796042438308e-01;0,00000000000000;3;2026-09-24
EVL;CZ0610145;91E0;0,00000000000000e+00;0,00000000000000;0;2026-09-24
EVL;CZ0530020;8210;;;;2026-09-24
EVL;CZ0530020;9130;1,87510162386003e+01;3,37644009241890;51;2026-09-24
EVL;CZ0530020;9180;1,37425281887408e+00;0,00000000000000;10;2026-09-24
EVL;CZ0534054;3140;;;;2026-09-24
EVL;CZ0534054;6410;;;;2026-09-24
EVL;CZ0534054;6430;;;;2026-09-24
EVL;CZ0534054;7140;;;;2026-09-24
EVL;CZ0534054;91E0;1,58332663656603e+00;0,00000000000000;6;2026-09-24
EVL;CZ0714771;8310;;;;2026-09-24
EVL;CZ0320140;9130;2,97603949620497e+00;0,00000000000000;14;2026-09-24
EVL;CZ0320140;9180;2,03429039342282e-01;0,00000000000000;3;2026-09-24
EVL;CZ0210109;6210;;;;2026-09-24
EVL;CZ0210109;6410;;;;2026-09-24
EVL;CZ0210109;9170;5,13453305384821e-01;0,00000000000000;2;2026-09-24
EVL;CZ0320029;9170;0,00000000000000e+00;0,00000000000000;0;2026-09-24
EVL;CZ0320029;9180;0,00000000000000e+00;0,00000000000000;0;2026-09-24
EVL;CZ0710182;3150;;;;2026-09-24
EVL;CZ0710182;6410;;;;2026-09-24
EVL;CZ0710182;9170;2,86879574231145e+00;2,21023838839218;3;2026-09-24
EVL;CZ0710182;91E0;0,00000000000000e+00;0,00000000000000;0;2026-09-24
EVL;CZ0614136;7140;;;;2026-09-24
EVL;CZ0533303;3260;;;;2026-09-24
EVL;CZ0724091;6210;;;;2026-09-24
EVL;CZ0724091;6410;;;;2026-09-24
EVL;CZ0724091;6430;;;;2026-09-24
EVL;CZ0724091;6510;;;;2026-09-24
EVL;CZ0724091;7220;;;;2026-09-24
EVL;CZ0724091;8220;;;;2026-09-24
EVL;CZ0724091;8310;;;;2026-09-24
EVL;CZ0724091;9130;2,74412396806483e+02;145,73863306440552;444;2026-09-24
EVL;CZ0724091;9170;8,42294400624945e+01;23,69186457815104;270;2026-09-24
EVL;CZ0724091;9180;9,96885136669065e-02;0,00000000000000;1;2026-09-24
EVL;CZ0724091;6210p;;;;2026-09-24
EVL;CZ0724091;91E0;2,77506590715482e+00;0,00000000000000;39;2026-09-24
EVL;CZ0110040;6190;;;;2026-09-24
EVL;CZ0110040;6210;;;;2026-09-24
EVL;CZ0110040;9170;1,34321494364666e+00;1,19258768856861;4;2026-09-24
EVL;CZ0110040;9180;1,77619936109078e-01;0,00000000000000;1;2026-09-24
EVL;CZ0314634;8310;;;;2026-09-24
EVL;CZ0720454;5130;;;;2026-09-24
EVL;CZ0613321;6230;;;;2026-09-24
EVL;CZ0620416;3130;;;;2026-09-24
EVL;CZ0624066;6210;;;;2026-09-24
EVL;CZ0624066;9170;0,00000000000000e+00;0,00000000000000;0;2026-09-24
EVL;CZ0620162;6240;;;;2026-09-24
EVL;CZ0620162;6250;;;;2026-09-24
EVL;CZ0620162;40A0;;;;2026-09-24
EVL;CZ0610179;6510;;;;2026-09-24
EVL;CZ0610179;9170;3,17103743243539e+00;0,00000000000000;28;2026-09-24
EVL;CZ0514042;2330;;;;2026-09-24
EVL;CZ0514042;3140;;;;2026-09-24
EVL;CZ0514042;3150;;;;2026-09-24
EVL;CZ0514042;3160;;;;2026-09-24
EVL;CZ0514042;4030;;;;2026-09-24
EVL;CZ0514042;6410;;;;2026-09-24
EVL;CZ0514042;6430;;;;2026-09-24
EVL;CZ0514042;7140;;;;2026-09-24
EVL;CZ0514042;7150;;;;2026-09-24
EVL;CZ0514042;7230;;;;2026-09-24
EVL;CZ0514042;8310;;;;2026-09-24
EVL;CZ0514042;9110;1,20595760474233e+01;5,45377541932908;19;2026-09-24
EVL;CZ0514042;9410;1,42042625401984e+01;10,56116897685950;19;2026-09-24
EVL;CZ0514042;91D0;4,78283224319598e+00;0,00000000000000;19;2026-09-24
EVL;CZ0514042;91T0;9,88173547969612e-02;0,00000000000000;1;2026-09-24
EVL;CZ0623041;3260;;;;2026-09-24
EVL;CZ0620078;3140;;;;2026-09-24
EVL;CZ0620078;6410;;;;2026-09-24
EVL;CZ0620078;7230;;;;2026-09-24
EVL;CZ0410018;6210;;;;2026-09-24
EVL;CZ0510509;9130;3,46984161197883e-01;0,00000000000000;1;2026-09-24
EVL;CZ0510509;9180;8,67460402994708e-02;0,00000000000000;1;2026-09-24
EVL;CZ0510412;4030;;;;2026-09-24
EVL;CZ0510412;7110;;;;2026-09-24
EVL;CZ0510412;7140;;;;2026-09-24
EVL;CZ0510412;8220;;;;2026-09-24
EVL;CZ0510412;9410;5,00538998889949e+00;1,76870169374739;17;2026-09-24
EVL;CZ0510412;91D0;3,82848267355169e+00;1,32341716636288;11;2026-09-24
EVL;CZ0510400;8220;;;;2026-09-24
EVL;CZ0510400;9110;2,43591897361406e+01;1,19380557345040;62;2026-09-24
EVL;CZ0510400;9130;3,86463814414293e-01;0,00000000000000;2;2026-09-24
EVL;CZ0510400;9140;6,33157730821188e+00;4,94791584303514;7;2026-09-24
EVL;CZ0510400;9180;0,00000000000000e+00;0,00000000000000;0;2026-09-24
EVL;CZ0624236;6210;;;;2026-09-24
EVL;CZ0624236;6240;;;;2026-09-24
EVL;CZ0210732;6230;;;;2026-09-24
EVL;CZ0210732;7140;;;;2026-09-24
EVL;CZ0210105;7220;;;;2026-09-24
EVL;CZ0210105;9130;0,00000000000000e+00;0,00000000000000;0;2026-09-24
EVL;CZ0210105;9150;0,00000000000000e+00;0,00000000000000;0;2026-09-24
EVL;CZ0210105;9180;0,00000000000000e+00;0,00000000000000;0;2026-09-24
EVL;CZ0614132;3130;;;;2026-09-24
EVL;CZ0620006;6210;;;;2026-09-24
EVL;CZ0620006;6240;;;;2026-09-24
EVL;CZ0520008;8210;;;;2026-09-24
EVL;CZ0620007;6210;;;;2026-09-24
EVL;CZ0610515;6230;;;;2026-09-24
EVL;CZ0624115;6210;;;;2026-09-24
EVL;CZ0624115;6240;;;;2026-09-24
EVL;CZ0624115;6210p;;;;2026-09-24
EVL;CZ0410413;3260;;;;2026-09-24
EVL;CZ0410413;8220;;;;2026-09-24
EVL;CZ0410413;9110;1,69262042093501e+00;0,00000000000000;28;2026-09-24
EVL;CZ0410413;9130;0,00000000000000e+00;0,00000000000000;0;2026-09-24
EVL;CZ0410413;9170;4,08960728893779e-01;0,00000000000000;2;2026-09-24
EVL;CZ0410413;9180;9,25534909522933e-02;0,00000000000000;4;2026-09-24
EVL;CZ0410413;91E0;3,32496711118862e-02;0,00000000000000;5;2026-09-24
EVL;CZ0324025;8150;;;;2026-09-24
EVL;CZ0324025;8220;;;;2026-09-24
EVL;CZ0324025;9110;3,05531764451005e-01;0,00000000000000;1;2026-09-24
EVL;CZ0324025;9170;5,30474006959973e-02;0,00000000000000;1;2026-09-24
EVL;CZ0324025;9180;3,01516663854476e-03;0,00000000000000;2;2026-09-24
EVL;CZ0110154;6190;;;;2026-09-24
EVL;CZ0110154;6210;;;;2026-09-24
EVL;CZ0110154;8220;;;;2026-09-24
EVL;CZ0110154;8230;;;;2026-09-24
EVL;CZ0110154;40A0;;;;2026-09-24
EVL;CZ0620177;91G0;2,76149445413869e+01;8,71461095784693;52;2026-09-24
EVL;CZ0620177;91I0;1,11382014725422e+01;6,23759817300355;14;2026-09-24
EVL;CZ0214007;3150;;;;2026-09-24
EVL;CZ0214007;6440;;;;2026-09-24
EVL;CZ0214007;6510;;;;2026-09-24
EVL;CZ0214007;7230;;;;2026-09-24
EVL;CZ0214007;9170;0,00000000000000e+00;0,00000000000000;0;2026-09-24
EVL;CZ0214007;91E0;0,00000000000000e+00;0,00000000000000;0;2026-09-24
EVL;CZ0214007;91F0;0,00000000000000e+00;0,00000000000000;0;2026-09-24
EVL;CZ0214002;6210;;;;2026-09-24
EVL;CZ0214002;6510;;;;2026-09-24
EVL;CZ0214002;7220;;;;2026-09-24
EVL;CZ0214002;8160;;;;2026-09-24
EVL;CZ0214002;8210;;;;2026-09-24
EVL;CZ0214002;8230;;;;2026-09-24
EVL;CZ0214002;8310;;;;2026-09-24
EVL;CZ0214002;9130;6,33876616251655e-05;0,00000000000000;1;2026-09-24
EVL;CZ0214002;9150;2,44913014864549e-02;0,00000000000000;1;2026-09-24
EVL;CZ0214002;9170;7,45782942554479e-01;0,00000000000000;7;2026-09-24
EVL;CZ0214002;9180;1,56985327812724e-01;0,00000000000000;2;2026-09-24
EVL;CZ0214002;40A0;;;;2026-09-24
EVL;CZ0214002;6210p;;;;2026-09-24
EVL;CZ0214002;91H0;2,55629915947374e-01;0,00000000000000;3;2026-09-24
EVL;CZ0214002;91I0;8,75501845471445e-04;0,00000000000000;1;2026-09-24
EVL;CZ0214017;3260;;;;2026-09-24
EVL;CZ0214017;3270;;;;2026-09-24
EVL;CZ0214017;5130;;;;2026-09-24
EVL;CZ0214017;6110;;;;2026-09-24
EVL;CZ0214017;6190;;;;2026-09-24
EVL;CZ0214017;6210;;;;2026-09-24
EVL;CZ0214017;7220;;;;2026-09-24
EVL;CZ0214017;8160;;;;2026-09-24
EVL;CZ0214017;8210;;;;2026-09-24
EVL;CZ0214017;8310;;;;2026-09-24
EVL;CZ0214017;9150;3,43599030265158e+00;1,97489425808397;9;2026-09-24
EVL;CZ0214017;9170;8,24389513992372e+00;0,00000000000000;33;2026-09-24
EVL;CZ0214017;9180;1,16987656998322e+00;1,12809001278477;3;2026-09-24
EVL;CZ0214017;40A0;;;;2026-09-24
EVL;CZ0214017;6210p;;;;2026-09-24
EVL;CZ0214017;91H0;1,45321354762554e-01;0,00000000000000;3;2026-09-24
EVL;CZ0214017;91I0;1,78616891070624e-01;0,00000000000000;1;2026-09-24
EVL;CZ0323151;6430;;;;2026-09-24
EVL;CZ0714075;4060;;;;2026-09-24
EVL;CZ0714075;6150;;;;2026-09-24
EVL;CZ0714075;6430;;;;2026-09-24
EVL;CZ0714075;7110;;;;2026-09-24
EVL;CZ0714075;8220;;;;2026-09-24
EVL;CZ0714075;9110;3,79475627722891e+01;22,95749923574935;47;2026-09-24
EVL;CZ0714075;9410;1,35271345165163e+02;92,40097619586331;79;2026-09-24
EVL;CZ0714075;91D0;2,67955671292533e-01;0,00000000000000;3;2026-09-24
EVL;CZ0214044;6410;;;;2026-09-24
EVL;CZ0214044;6510;;;;2026-09-24
EVL;CZ0214044;9170;8,60035919182283e-01;0,00000000000000;7;2026-09-24
EVL;CZ0214044;9190;2,65650905539543e+00;0,00000000000000;10;2026-09-24
EVL;CZ0410414;7110;;;;2026-09-24
EVL;CZ0410414;7140;;;;2026-09-24
EVL;CZ0410414;9410;2,84762742977526e+01;9,25498966814262;81;2026-09-24
EVL;CZ0410414;91D0;1,04581157281866e+00;0,00000000000000;7;2026-09-24
EVL;CZ0422077;2330;;;;2026-09-24
EVL;CZ0510508;4030;;;;2026-09-24
EVL;CZ0510508;6510;;;;2026-09-24
EVL;CZ0510508;8150;;;;2026-09-24
EVL;CZ0510508;8220;;;;2026-09-24
EVL;CZ0510508;9110;4,15121214225254e+00;3,37412357529644;8;2026-09-24
EVL;CZ0620008;6210p;;;;2026-09-24
EVL;CZ0420528;4030;;;;2026-09-24
EVL;CZ0420528;6230;;;;2026-09-24
EVL;CZ0420528;6430;;;;2026-09-24
EVL;CZ0420528;6520;;;;2026-09-24
EVL;CZ0420528;7110;;;;2026-09-24
EVL;CZ0420528;7120;;;;2026-09-24
EVL;CZ0420528;7140;;;;2026-09-24
EVL;CZ0420528;9410;2,41764309494411e+00;1,47521466532114;3;2026-09-24
EVL;CZ0420528;91D0;3,70370332745835e-02;0,00000000000000;1;2026-09-24
EVL;CZ0310010;6410;;;;2026-09-24
EVL;CZ0724120;3150;;;;2026-09-24
EVL;CZ0724120;6510;;;;2026-09-24
EVL;CZ0724120;91E0;0,00000000000000e+00;0,00000000000000;0;2026-09-24
EVL;CZ0724120;91F0;9,61985600431562e+00;5,66381488546830;8;2026-09-24
EVL;CZ0620417;6250;;;;2026-09-24
EVL;CZ0314648;6410;;;;2026-09-24
EVL;CZ0320053;8220;;;;2026-09-24
EVL;CZ0320053;8230;;;;2026-09-24
EVL;CZ0320053;9130;1,76267650016221e+01;3,18844236733261;53;2026-09-24
EVL;CZ0320053;9170;9,87370560593304e+00;0,00000000000000;40;2026-09-24
EVL;CZ0320053;9180;1,41293991575165e+00;0,00000000000000;15;2026-09-24
EVL;CZ0810035;6510;;;;2026-09-24
EVL;CZ0810035;9130;0,00000000000000e+00;0,00000000000000;0;2026-09-24
EVL;CZ0810035;9170;0,00000000000000e+00;0,00000000000000;0;2026-09-24
EVL;CZ0214013;3140;;;;2026-09-24
EVL;CZ0214013;3150;;;;2026-09-24
EVL;CZ0214013;6210;;;;2026-09-24
EVL;CZ0214013;6410;;;;2026-09-24
EVL;CZ0214013;6430;;;;2026-09-24
EVL;CZ0214013;6510;;;;2026-09-24
EVL;CZ0214013;7210;;;;2026-09-24
EVL;CZ0214013;7230;;;;2026-09-24
EVL;CZ0214013;8220;;;;2026-09-24
EVL;CZ0214013;8230;;;;2026-09-24
EVL;CZ0214013;8310;;;;2026-09-24
EVL;CZ0214013;9110;2,65623131907901e+01;1,37736818631648;161;2026-09-24
EVL;CZ0214013;91E0;2,39893256204737e-01;0,00000000000000;6;2026-09-24
EVL;CZ0420021;8220;;;;2026-09-24
EVL;CZ0420021;9110;0,00000000000000e+00;0,00000000000000;0;2026-09-24
EVL;CZ0420021;9130;4,87871377113461e-02;0,00000000000000;1;2026-09-24
EVL;CZ0420021;9180;9,55454859893070e-04;0,00000000000000;1;2026-09-24
EVL;CZ0423216;3140;;;;2026-09-24
EVL;CZ0714076;6210;;;;2026-09-24
EVL;CZ0714076;6510;;;;2026-09-24
EVL;CZ0714076;8210;;;;2026-09-24
EVL;CZ0420459;6210;;;;2026-09-24
EVL;CZ0420459;6510;;;;2026-09-24
EVL;CZ0420459;8220;;;;2026-09-24
EVL;CZ0420459;9170;1,26697126759251e+00;0,00000000000000;10;2026-09-24
EVL;CZ0420459;9180;0,00000000000000e+00;0,00000000000000;0;2026-09-24
EVL;CZ0420459;40A0;;;;2026-09-24
EVL;CZ0420459;6210p;;;;2026-09-24
EVL;CZ0420459;91H0;4,49316198639572e-03;0,00000000000000;1;2026-09-24
EVL;CZ0420459;91I0;1,31635848960001e-01;0,00000000000000;2;2026-09-24
EVL;CZ0214037;6110;;;;2026-09-24
EVL;CZ0214037;6190;;;;2026-09-24
EVL;CZ0214037;6210;;;;2026-09-24
EVL;CZ0214037;8310;;;;2026-09-24
EVL;CZ0720016;6210;;;;2026-09-24
EVL;CZ0720016;9170;0,00000000000000e+00;0,00000000000000;0;2026-09-24
EVL;CZ0720016;91E0;0,00000000000000e+00;0,00000000000000;0;2026-09-24
EVL;CZ0720016;91I0;0,00000000000000e+00;0,00000000000000;0;2026-09-24
EVL;CZ0614133;6210;;;;2026-09-24
EVL;CZ0614133;6510;;;;2026-09-24
EVL;CZ0210022;6210;;;;2026-09-24
EVL;CZ0210022;9170;3,73250821365674e+00;0,00000000000000;11;2026-09-24
EVL;CZ0210022;9190;2,71301219399087e-02;0,00000000000000;1;2026-09-24
EVL;CZ0520507;6510;;;;2026-09-24
EVL;CZ0520507;8210;;;;2026-09-24
EVL;CZ0520507;9130;9,69220799507426e-02;0,00000000000000;3;2026-09-24
EVL;CZ0520507;9180;7,57007733852052e-02;0,00000000000000;2;2026-09-24
EVL;CZ0510164;9130;7,15641950630131e+00;1,25558959781755;25;2026-09-24
EVL;CZ0510164;9170;9,18964113073412e-01;0,00000000000000;6;2026-09-24
EVL;CZ0510164;9180;3,15423527887062e-01;0,00000000000000;4;2026-09-24
EVL;CZ0510164;91E0;1,44744786502237e+00;0,00000000000000;7;2026-09-24
EVL;CZ0310073;3130;;;;2026-09-24
EVL;CZ0530146;4060;;;;2026-09-24
EVL;CZ0530146;6150;;;;2026-09-24
EVL;CZ0530146;6430;;;;2026-09-24
EVL;CZ0530146;7110;;;;2026-09-24
EVL;CZ0530146;8110;;;;2026-09-24
EVL;CZ0530146;8220;;;;2026-09-24
EVL;CZ0530146;8310;;;;2026-09-24
EVL;CZ0530146;9110;0,00000000000000e+00;0,00000000000000;0;2026-09-24
EVL;CZ0530146;9410;1,18761264963594e+01;6,37750353163323;9;2026-09-24
EVL;CZ0530146;91D0;1,71790715401892e-01;0,00000000000000;1;2026-09-24
EVL;CZ0710161;9170;3,45905553298780e+00;0,00000000000000;21;2026-09-24
EVL;CZ0710161;91F0;4,13773846363531e+00;2,47711802823609;12;2026-09-24
EVL;CZ0410401;7110;;;;2026-09-24
EVL;CZ0410401;7120;;;;2026-09-24
EVL;CZ0410401;7140;;;;2026-09-24
EVL;CZ0410401;9410;2,08867816901289e+00;1,29062872352310;4;2026-09-24
EVL;CZ0410401;91D0;2,98638039954481e+00;1,04035107302252;6;2026-09-24
EVL;CZ0534053;6510;;;;2026-09-24
EVL;CZ0534053;8220;;;;2026-09-24
EVL;CZ0534053;9110;5,25488076051953e-01;0,00000000000000;4;2026-09-24
EVL;CZ0534053;9130;5,00291302371546e-01;0,00000000000000;4;2026-09-24
EVL;CZ0534053;9180;9,39229097378510e-02;0,00000000000000;2;2026-09-24
EVL;CZ0524044;4030;;;;2026-09-24
EVL;CZ0524044;4060;;;;2026-09-24
EVL;CZ0524044;4070;;;;2026-09-24
EVL;CZ0524044;4080;;;;2026-09-24
EVL;CZ0524044;6150;;;;2026-09-24
EVL;CZ0524044;6230;;;;2026-09-24
EVL;CZ0524044;6430;;;;2026-09-24
EVL;CZ0524044;6510;;;;2026-09-24
EVL;CZ0524044;6520;;;;2026-09-24
EVL;CZ0524044;7110;;;;2026-09-24
EVL;CZ0524044;7140;;;;2026-09-24
EVL;CZ0524044;8110;;;;2026-09-24
EVL;CZ0524044;8220;;;;2026-09-24
EVL;CZ0524044;8310;;;;2026-09-24
EVL;CZ0524044;9110;2,41670100145549e+02;149,07736520519416;347;2026-09-24
EVL;CZ0524044;9130;4,31616109891880e+01;17,01215003822550;129;2026-09-24
EVL;CZ0524044;9140;3,51714491903115e+01;14,22187531880460;140;2026-09-24
EVL;CZ0524044;9180;7,26054876955523e+00;2,43523811403165;32;2026-09-24
EVL;CZ0524044;9410;3,37976136245137e+02;282,58348960038910;137;2026-09-24
EVL;CZ0524044;91D0;4,04318902126800e+00;0,00000000000000;15;2026-09-24
EVL;CZ0524044;91E0;4,36357193626868e+00;0,00000000000000;41;2026-09-24
EVL;CZ0210107;9150;0,00000000000000e+00;0,00000000000000;0;2026-09-24
EVL;CZ0210107;9180;0,00000000000000e+00;0,00000000000000;0;2026-09-24
EVL;CZ0210107;91I0;0,00000000000000e+00;0,00000000000000;0;2026-09-24
EVL;CZ0624128;6110;;;;2026-09-24
EVL;CZ0624128;6190;;;;2026-09-24
EVL;CZ0624128;6240;;;;2026-09-24
EVL;CZ0624128;8220;;;;2026-09-24
EVL;CZ0624128;40A0;;;;2026-09-24
EVL;CZ0624064;6410;;;;2026-09-24
EVL;CZ0624064;9170;7,82983831979764e+00;2,28097500879334;26;2026-09-24
EVL;CZ0624064;91G0;1,39079187107139e+00;0,00000000000000;3;2026-09-24
EVL;CZ0624064;91I0;6,46766989429165e-01;0,00000000000000;2;2026-09-24
EVL;CZ0414110;4030;;;;2026-09-24
EVL;CZ0414110;6230;;;;2026-09-24
EVL;CZ0414110;6520;;;;2026-09-24
EVL;CZ0414110;7110;;;;2026-09-24
EVL;CZ0414110;7140;;;;2026-09-24
EVL;CZ0414110;8220;;;;2026-09-24
EVL;CZ0414110;9140;0,00000000000000e+00;0,00000000000000;0;2026-09-24
EVL;CZ0414110;9410;3,08733248232688e+02;151,00093225681277;411;2026-09-24
EVL;CZ0414110;91D0;1,24991288412001e+01;1,23175505733786;95;2026-09-24
EVL;CZ0420406;6110;;;;2026-09-24
EVL;CZ0420406;6210;;;;2026-09-24
EVL;CZ0420406;40A0;;;;2026-09-24
EVL;CZ0420406;6210p;;;;2026-09-24
EVL;CZ0210409;6190;;;;2026-09-24
EVL;CZ0210409;8160;;;;2026-09-24
EVL;CZ0210409;9170;0,00000000000000e+00;0,00000000000000;0;2026-09-24
EVL;CZ0210409;9180;0,00000000000000e+00;0,00000000000000;0;2026-09-24
EVL;CZ0210409;91H0;0,00000000000000e+00;0,00000000000000;0;2026-09-24
EVL;CZ0624101;6240;;;;2026-09-24
EVL;CZ0624101;91G0;1,50145040182829e+01;8,18679517066693;23;2026-09-24
EVL;CZ0624101;91I0;1,01188741829170e+01;1,25777402462298;19;2026-09-24
EVL;CZ0624065;6240;;;;2026-09-24
EVL;CZ0624065;8310;;;;2026-09-24
EVL;CZ0624065;9150;1,32603569163028e-01;0,00000000000000;1;2026-09-24
EVL;CZ0624065;9170;0,00000000000000e+00;0,00000000000000;0;2026-09-24
EVL;CZ0624065;9180;0,00000000000000e+00;0,00000000000000;0;2026-09-24
EVL;CZ0624065;91H0;1,91130387342302e-03;0,00000000000000;1;2026-09-24
EVL;CZ0213039;3150;;;;2026-09-24
EVL;CZ0424111;3260;;;;2026-09-24
EVL;CZ0424111;3270;;;;2026-09-24
EVL;CZ0424111;4030;;;;2026-09-24
EVL;CZ0424111;8220;;;;2026-09-24
EVL;CZ0424111;8310;;;;2026-09-24
EVL;CZ0424111;9110;1,12408119961942e+01;4,63424572336822;25;2026-09-24
EVL;CZ0424111;9180;2,44927188785840e-01;0,00000000000000;1;2026-09-24
EVL;CZ0424111;91E0;5,08173417518172e-01;0,00000000000000;4;2026-09-24
EVL;CZ0424111;91T0;6,32301666381222e-02;0,00000000000000;5;2026-09-24
EVL;CZ0214008;3150;;;;2026-09-24
EVL;CZ0214008;8150;;;;2026-09-24
EVL;CZ0214008;8230;;;;2026-09-24
EVL;CZ0214008;9110;1,00019423422297e+01;3,20876083718674;25;2026-09-24
EVL;CZ0214008;9130;1,30420385894609e+01;7,89815293937507;25;2026-09-24
EVL;CZ0214008;9170;9,05240988629950e+00;4,69261313814921;20;2026-09-24
EVL;CZ0214008;9180;3,30878159418190e-01;0,00000000000000;5;2026-09-24
EVL;CZ0214008;9190;6,12958293956425e-02;0,00000000000000;2;2026-09-24
EVL;CZ0710034;9170;0,00000000000000e+00;0,00000000000000;0;2026-09-24
EVL;CZ0530174;6410;;;;2026-09-24
EVL;CZ0530174;91E0;1,28316545789130e-04;0,00000000000000;1;2026-09-24
EVL;CZ0620204;9170;1,18610465752195e+00;1,10188681237040;4;2026-09-24
EVL;CZ0620009;3130;;;;2026-09-24
EVL;CZ0710007;6510;;;;2026-09-24
EVL;CZ0710007;9170;3,13556360246479e+00;0,00000000000000;8;2026-09-24
EVL;CZ0710007;91E0;2,02042549606725e-01;0,00000000000000;3;2026-09-24
EVL;CZ0420455;9180;5,83032015887974e-01;0,00000000000000;2;2026-09-24
EVL;CZ0420455;91I0;0,00000000000000e+00;0,00000000000000;0;2026-09-24
EVL;CZ0714133;3130;;;;2026-09-24
EVL;CZ0714133;3150;;;;2026-09-24
EVL;CZ0714133;6230;;;;2026-09-24
EVL;CZ0714133;6410;;;;2026-09-24
EVL;CZ0714133;6430;;;;2026-09-24
EVL;CZ0714133;6510;;;;2026-09-24
EVL;CZ0714133;7140;;;;2026-09-24
EVL;CZ0714133;8150;;;;2026-09-24
EVL;CZ0714133;8220;;;;2026-09-24
EVL;CZ0714133;9110;6,57882511922386e+00;3,81642601660182;10;2026-09-24
EVL;CZ0714133;9130;8,37593615681879e+01;21,73617282238109;182;2026-09-24
EVL;CZ0714133;9170;2,36502123156824e+01;3,94252290189338;79;2026-09-24
EVL;CZ0714133;9180;8,76687074649276e+00;0,00000000000000;53;2026-09-24
EVL;CZ0714133;40A0;;;;2026-09-24
EVL;CZ0714133;91E0;7,10288360043710e-01;0,00000000000000;17;2026-09-24
EVL;CZ0214009;3150;;;;2026-09-24
EVL;CZ0214009;6430;;;;2026-09-24
EVL;CZ0214009;6440;;;;2026-09-24
EVL;CZ0214009;6510;;;;2026-09-24
EVL;CZ0214009;91F0;9,48240561313312e+00;1,23967734549395;23;2026-09-24
EVL;CZ0310014;9110;0,00000000000000e+00;0,00000000000000;0;2026-09-24
EVL;CZ0310014;9130;0,00000000000000e+00;0,00000000000000;0;2026-09-24
EVL;CZ0310014;9180;0,00000000000000e+00;0,00000000000000;0;2026-09-24
EVL;CZ0810021;7220;;;;2026-09-24
EVL;CZ0810021;9180;3,23416360522814e-01;0,00000000000000;5;2026-09-24
EVL;CZ0420500;6230;;;;2026-09-24
EVL;CZ0420500;6510;;;;2026-09-24
EVL;CZ0420500;8220;;;;2026-09-24
EVL;CZ0420500;9110;2,27030907874667e+00;0,00000000000000;17;2026-09-24
EVL;CZ0420500;9180;4,19643611702447e-01;0,00000000000000;6;2026-09-24
EVL;CZ0530500;6190;;;;2026-09-24
EVL;CZ0530500;8220;;;;2026-09-24
EVL;CZ0530500;9110;2,50446394007225e-01;0,00000000000000;4;2026-09-24
EVL;CZ0530500;9130;4,98747644782108e-01;0,00000000000000;10;2026-09-24
EVL;CZ0530500;9180;1,05261225299202e-01;0,00000000000000;3;2026-09-24
EVL;CZ0420454;8150;;;;2026-09-24
EVL;CZ0420454;8220;;;;2026-09-24
EVL;CZ0420454;9180;1,70667437758355e-02;0,00000000000000;1;2026-09-24
EVL;CZ0530503;8220;;;;2026-09-24
EVL;CZ0530503;9110;8,17989092372903e-01;0,00000000000000;3;2026-09-24
EVL;CZ0530503;9130;1,69591245282862e+00;0,00000000000000;2;2026-09-24
EVL;CZ0714073;3150;;;;2026-09-24
EVL;CZ0714073;6410;;;;2026-09-24
EVL;CZ0714073;6510;;;;2026-09-24
EVL;CZ0714073;8310;;;;2026-09-24
EVL;CZ0714073;9170;1,24364058097445e+02;23,08963558593668;244;2026-09-24
EVL;CZ0714073;91E0;2,45838343992097e+00;0,00000000000000;26;2026-09-24
EVL;CZ0714073;91F0;1,34711510805458e+02;42,82013021622222;224;2026-09-24
EVL;CZ0410439;3140;;;;2026-09-24
EVL;CZ0414027;3130;;;;2026-09-24
EVL;CZ0414027;3160;;;;2026-09-24
EVL;CZ0414027;4030;;;;2026-09-24
EVL;CZ0414027;6230;;;;2026-09-24
EVL;CZ0414027;6410;;;;2026-09-24
EVL;CZ0414027;7140;;;;2026-09-24
EVL;CZ0414027;91E0;7,01002930932209e-01;0,00000000000000;2;2026-09-24
EVL;CZ0210720;3140;;;;2026-09-24
EVL;CZ0210720;7230;;;;2026-09-24
EVL;CZ0210058;6230;;;;2026-09-24
EVL;CZ0210058;6410;;;;2026-09-24
EVL;CZ0210058;6430;;;;2026-09-24
EVL;CZ0210058;6510;;;;2026-09-24
EVL;CZ0210113;6410;;;;2026-09-24
EVL;CZ0210113;6510;;;;2026-09-24
EVL;CZ0210113;7230;;;;2026-09-24
EVL;CZ0210011;5130;;;;2026-09-24
EVL;CZ0210011;6210;;;;2026-09-24
EVL;CZ0210011;9170;0,00000000000000e+00;0,00000000000000;0;2026-09-24
EVL;CZ0424140;91F0;0,00000000000000e+00;0,00000000000000;0;2026-09-24
EVL;CZ0424037;6210;;;;2026-09-24
EVL;CZ0424037;8220;;;;2026-09-24
EVL;CZ0424037;9110;3,75634543746477e-01;0,00000000000000;1;2026-09-24
EVL;CZ0424037;9170;1,43656118746034e+00;0,00000000000000;4;2026-09-24
EVL;CZ0424037;9180;0,00000000000000e+00;0,00000000000000;0;2026-09-24
EVL;CZ0624129;6430;;;;2026-09-24
EVL;CZ0624129;6510;;;;2026-09-24
EVL;CZ0624129;9130;2,64622512655612e+00;1,41044311116645;16;2026-09-24
EVL;CZ0420520;8220;;;;2026-09-24
EVL;CZ0420520;9110;7,35775246856204e+00;1,75852460557688;17;2026-09-24
EVL;CZ0420520;9130;2,93261160198747e+00;0,00000000000000;10;2026-09-24
EVL;CZ0420520;9180;0,00000000000000e+00;0,00000000000000;0;2026-09-24
EVL;CZ0610512;3150;;;;2026-09-24
EVL;CZ0210714;3150;;;;2026-09-24
EVL;CZ0210714;91E0;0,00000000000000e+00;0,00000000000000;0;2026-09-24
EVL;CZ0210714;91F0;0,00000000000000e+00;0,00000000000000;0;2026-09-24
EVL;CZ0624235;6110;;;;2026-09-24
EVL;CZ0624235;6210;;;;2026-09-24
EVL;CZ0714083;4030;;;;2026-09-24
EVL;CZ0714083;6210p;;;;2026-09-24
EVL;CZ0614137;7140;;;;2026-09-24
EVL;CZ0620020;6210;;;;2026-09-24
EVL;CZ0620020;6210p;;;;2026-09-24
EVL;CZ0530064;6410;;;;2026-09-24
EVL;CZ0624001;3260;;;;2026-09-24
EVL;CZ0624001;6430;;;;2026-09-24
EVL;CZ0410038;7140;;;;2026-09-24
EVL;CZ0410038;7150;;;;2026-09-24
EVL;CZ0620101;91I0;8,80912836754394e+00;6,89706698342968;11;2026-09-24
EVL;CZ0210719;7220;;;;2026-09-24
EVL;CZ0420416;6190;;;;2026-09-24
EVL;CZ0420416;8220;;;;2026-09-24
EVL;CZ0420416;8230;;;;2026-09-24
EVL;CZ0420416;9130;0,00000000000000e+00;0,00000000000000;0;2026-09-24
EVL;CZ0420416;9180;1,88038713781163e-02;0,00000000000000;1;2026-09-24
EVL;CZ0420416;40A0;;;;2026-09-24
EVL;CZ0420416;91E0;9,66300353816571e-02;0,00000000000000;2;2026-09-24
EVL;CZ0520022;3150;;;;2026-09-24
EVL;CZ0520022;6410;;;;2026-09-24
EVL;CZ0520022;6510;;;;2026-09-24
EVL;CZ0520022;7230;;;;2026-09-24
EVL;CZ0520022;9170;9,10683013091446e-02;0,00000000000000;1;2026-09-24
EVL;CZ0214006;2330;;;;2026-09-24
EVL;CZ0214006;4030;;;;2026-09-24
EVL;CZ0214006;6210;;;;2026-09-24
EVL;CZ0214006;6510;;;;2026-09-24
EVL;CZ0214006;9170;9,06198842064838e-01;0,00000000000000;4;2026-09-24
EVL;CZ0214006;9190;1,10283254660182e+00;0,00000000000000;3;2026-09-24
EVL;CZ0624100;6210;;;;2026-09-24
EVL;CZ0624100;6240;;;;2026-09-24
EVL;CZ0624100;91G0;4,92549856298273e+01;41,84943020318548;17;2026-09-24
EVL;CZ0624100;91H0;8,15011190032886e-02;0,00000000000000;2;2026-09-24
EVL;CZ0624100;91I0;2,95112927793837e+01;22,58626591192256;12;2026-09-24
EVL;CZ0213047;3140;;;;2026-09-24
EVL;CZ0620147;6110;;;;2026-09-24
EVL;CZ0620147;6240;;;;2026-09-24
EVL;CZ0314635;3130;;;;2026-09-24
EVL;CZ0410438;3140;;;;2026-09-24
EVL;CZ0620010;3260;;;;2026-09-24
EVL;CZ0420085;6430;;;;2026-09-24
EVL;CZ0714085;3150;;;;2026-09-24
EVL;CZ0714085;6430;;;;2026-09-24
EVL;CZ0714085;6510;;;;2026-09-24
EVL;CZ0714085;91E0;4,08946387164888e-01;0,00000000000000;13;2026-09-24
EVL;CZ0714085;91F0;1,62421361662551e+02;100,33030619062666;187;2026-09-24
EVL;CZ0813456;3260;;;;2026-09-24
EVL;CZ0813456;6430;;;;2026-09-24
EVL;CZ0813456;91E0;0,00000000000000e+00;0,00000000000000;0;2026-09-24
EVL;CZ0530034;9110;1,02499092534237e+00;0,00000000000000;5;2026-09-24
EVL;CZ0530034;9130;2,79381799249912e+00;1,17973811180541;3;2026-09-24
EVL;CZ0530034;91E0;0,00000000000000e+00;0,00000000000000;0;2026-09-24
EVL;CZ0624130;6110;;;;2026-09-24
EVL;CZ0624130;6190;;;;2026-09-24
EVL;CZ0624130;6210;;;;2026-09-24
EVL;CZ0624130;6240;;;;2026-09-24
EVL;CZ0624130;6510;;;;2026-09-24
EVL;CZ0624130;8160;;;;2026-09-24
EVL;CZ0624130;8210;;;;2026-09-24
EVL;CZ0624130;8310;;;;2026-09-24
EVL;CZ0624130;9130;6,84023088239060e+01;18,37228249092361;174;2026-09-24
EVL;CZ0624130;9150;5,85775444575841e-01;0,00000000000000;8;2026-09-24
EVL;CZ0624130;9170;2,82666954712255e+01;4,06836818435376;138;2026-09-24
EVL;CZ0624130;9180;1,73898324077003e+00;0,00000000000000;28;2026-09-24
EVL;CZ0624130;91E0;2,52667879812374e-01;0,00000000000000;10;2026-09-24
EVL;CZ0624130;91G0;4,15464584769169e+00;1,90607182811485;20;2026-09-24
EVL;CZ0624130;91H0;4,17363579617813e-07;0,00000000000000;1;2026-09-24
EVL;CZ0210421;9170;1,43908988126380e+00;0,00000000000000;5;2026-09-24
EVL;CZ0210421;91H0;0,00000000000000e+00;0,00000000000000;0;2026-09-24
EVL;CZ0624103;3150;;;;2026-09-24
EVL;CZ0624103;91E0;0,00000000000000e+00;0,00000000000000;0;2026-09-24
EVL;CZ0624103;91F0;3,82359604569980e+01;28,07739487190237;38;2026-09-24
EVL;CZ0420015;7220;;;;2026-09-24
EVL;CZ0420015;9170;1,31705802870295e+00;0,00000000000000;4;2026-09-24
EVL;CZ0420015;91F0;2,32548601383925e-02;0,00000000000000;2;2026-09-24
EVL;CZ0620419;6210;;;;2026-09-24
EVL;CZ0620419;6240;;;;2026-09-24
EVL;CZ0213065;6190;;;;2026-09-24
EVL;CZ0213065;6210;;;;2026-09-24
EVL;CZ0213065;40A0;;;;2026-09-24
EVL;CZ0420008;91U0;0,00000000000000e+00;0,00000000000000;0;2026-09-24
EVL;CZ0420076;6210;;;;2026-09-24
EVL;CZ0210044;6210;;;;2026-09-24
EVL;CZ0210044;8230;;;;2026-09-24
EVL;CZ0210044;6210p;;;;2026-09-24
EVL;CZ0622169;6210;;;;2026-09-24
EVL;CZ0720428;6210;;;;2026-09-24
EVL;CZ0720428;6510;;;;2026-09-24
EVL;CZ0720428;7220;;;;2026-09-24
EVL;CZ0720428;9130;2,90996070626215e+01;20,76957528246064;30;2026-09-24
EVL;CZ0720428;9170;5,29954622546368e+00;2,25142645275760;15;2026-09-24
EVL;CZ0720428;6210p;;;;2026-09-24
EVL;CZ0420035;4030;;;;2026-09-24
EVL;CZ0420035;6230;;;;2026-09-24
EVL;CZ0420035;6430;;;;2026-09-24
EVL;CZ0420035;6520;;;;2026-09-24
EVL;CZ0420035;7120;;;;2026-09-24
EVL;CZ0420035;7140;;;;2026-09-24
EVL;CZ0420035;9410;0,00000000000000e+00;0,00000000000000;0;2026-09-24
EVL;CZ0420035;91D0;0,00000000000000e+00;0,00000000000000;0;2026-09-24
EVL;CZ0614054;4030;;;;2026-09-24
EVL;CZ0614054;5130;;;;2026-09-24
EVL;CZ0614054;6230;;;;2026-09-24
EVL;CZ0614054;7140;;;;2026-09-24
EVL;CZ0320037;6230;;;;2026-09-24
EVL;CZ0320037;7140;;;;2026-09-24
EVL;CZ0210003;7140;;;;2026-09-24
EVL;CZ0620154;6210;;;;2026-09-24
EVL;CZ0620154;8230;;;;2026-09-24
EVL;CZ0724121;5130;;;;2026-09-24
EVL;CZ0724121;6210;;;;2026-09-24
EVL;CZ0724121;6510;;;;2026-09-24
EVL;CZ0724121;7220;;;;2026-09-24
EVL;CZ0724121;9130;2,12925327384525e-06;0,00000000000000;6;2026-09-24
EVL;CZ0724121;9170;1,08953154926737e-01;0,00000000000000;8;2026-09-24
EVL;CZ0720058;6510;;;;2026-09-24
EVL;CZ0313128;7150;;;;2026-09-24
EVL;CZ0410021;3160;;;;2026-09-24
EVL;CZ0410021;6510;;;;2026-09-24
EVL;CZ0410021;7140;;;;2026-09-24
EVL;CZ0410021;9410;3,80249380279047e+00;1,30167397786017;9;2026-09-24
EVL;CZ0410021;91D0;7,03839254516222e-01;0,00000000000000;5;2026-09-24
EVL;CZ0724107;91F0;3,08745134350435e+01;18,58908875453611;46;2026-09-24
EVL;CZ0520030;9170;4,49739877190216e+01;11,72233621085167;80;2026-09-24
EVL;CZ0520030;91E0;5,47662367713707e-01;0,00000000000000;3;2026-09-24
EVL;CZ0310084;6110;;;;2026-09-24
EVL;CZ0310084;6210;;;;2026-09-24
EVL;CZ0310084;8210;;;;2026-09-24
EVL;CZ0214043;6410;;;;2026-09-24
EVL;CZ0214043;7230;;;;2026-09-24
EVL;CZ0610517;6230;;;;2026-09-24
EVL;CZ0624099;3150;;;;2026-09-24
EVL;CZ0624099;6440;;;;2026-09-24
EVL;CZ0624099;6510;;;;2026-09-24
EVL;CZ0624099;91E0;1,56830668469807e+00;0,00000000000000;9;2026-09-24
EVL;CZ0624099;91F0;5,68029989962497e+01;28,38752725170954;74;2026-09-24
EVL;CZ0214041;6410;;;;2026-09-24
EVL;CZ0214041;6430;;;;2026-09-24
EVL;CZ0214041;6510;;;;2026-09-24
EVL;CZ0214041;91E0;2,90519369355675e-01;0,00000000000000;4;2026-09-24
EVL;CZ0810004;3230;;;;2026-09-24
EVL;CZ0810004;9170;0,00000000000000e+00;0,00000000000000;0;2026-09-24
EVL;CZ0810004;91E0;0,00000000000000e+00;0,00000000000000;0;2026-09-24
EVL;CZ0324026;3260;;;;2026-09-24
EVL;CZ0324026;6430;;;;2026-09-24
EVL;CZ0324026;7140;;;;2026-09-24
EVL;CZ0324026;91E0;1,11609524389253e+01;9,63456851134058;13;2026-09-24
EVL;CZ0620011;6210;;;;2026-09-24
EVL;CZ0620011;6210p;;;;2026-09-24
EVL;CZ0420144;7110;;;;2026-09-24
EVL;CZ0420144;7120;;;;2026-09-24
EVL;CZ0420144;7140;;;;2026-09-24
EVL;CZ0420144;9410;1,54246163219799e+01;6,78979437917717;25;2026-09-24
EVL;CZ0420144;91D0;5,41609454137289e+00;1,13452314241131;15;2026-09-24
EVL;CZ0612137;3130;;;;2026-09-24
EVL;CZ0424039;6110;;;;2026-09-24
EVL;CZ0424039;6210;;;;2026-09-24
EVL;CZ0424039;6510;;;;2026-09-24
EVL;CZ0424039;8160;;;;2026-09-24
EVL;CZ0624071;3150;;;;2026-09-24
EVL;CZ0624071;6410;;;;2026-09-24
EVL;CZ0624071;6440;;;;2026-09-24
EVL;CZ0624071;91E0;0,00000000000000e+00;0,00000000000000;0;2026-09-24
EVL;CZ0624071;91F0;2,65786436492181e+00;0,00000000000000;7;2026-09-24
EVL;CZ0423510;3260;;;;2026-09-24
EVL;CZ0423510;6430;;;;2026-09-24
EVL;CZ0620169;6210;;;;2026-09-24
EVL;CZ0620169;91G0;1,83433616198715e+01;2,93264381243438;25;2026-09-24
EVL;CZ0620169;91I0;1,82354008663423e+00;0,00000000000000;4;2026-09-24
EVL;CZ0813516;3220;;;;2026-09-24
EVL;CZ0813516;3240;;;;2026-09-24
EVL;CZ0813516;91E0;0,00000000000000e+00;0,00000000000000;0;2026-09-24
EVL;CZ0420501;6410;;;;2026-09-24
EVL;CZ0420501;6520;;;;2026-09-24
EVL;CZ0420501;7140;;;;2026-09-24
EVL;CZ0420501;91D0;1,89006883858938e+00;1,60050886676824;7;2026-09-24
EVL;CZ0420501;91E0;6,32788479716190e-01;0,00000000000000;8;2026-09-24
EVL;CZ0720190;7220;;;;2026-09-24
EVL;CZ0720190;9130;2,72194160171878e-01;0,00000000000000;1;2026-09-24
EVL;CZ0610518;6230;;;;2026-09-24
EVL;CZ0314044;6110;;;;2026-09-24
EVL;CZ0314044;6510;;;;2026-09-24
EVL;CZ0314044;8210;;;;2026-09-24
EVL;CZ0314044;8310;;;;2026-09-24
EVL;CZ0314044;91U0;0,00000000000000e+00;0,00000000000000;0;2026-09-24
EVL;CZ0524049;2330;;;;2026-09-24
EVL;CZ0524049;3150;;;;2026-09-24
EVL;CZ0524049;3260;;;;2026-09-24
EVL;CZ0524049;6410;;;;2026-09-24
EVL;CZ0524049;6430;;;;2026-09-24
EVL;CZ0524049;6510;;;;2026-09-24
EVL;CZ0524049;91E0;3,66122938303639e-01;0,00000000000000;18;2026-09-24
EVL;CZ0524049;91F0;6,74188545041051e-02;0,00000000000000;11;2026-09-24
EVL;CZ0524046;6430;;;;2026-09-24
EVL;CZ0524046;6520;;;;2026-09-24
EVL;CZ0524046;9110;4,10162653623240e+01;21,06870469202556;46;2026-09-24
EVL;CZ0524046;9130;1,27147909988690e+00;0,00000000000000;8;2026-09-24
EVL;CZ0524046;9410;5,70269989536645e+00;2,11958690102594;11;2026-09-24
EVL;CZ0310074;3130;;;;2026-09-24
EVL;CZ0310074;3150;;;;2026-09-24
EVL;CZ0413190;3140;;;;2026-09-24
EVL;CZ0420456;8220;;;;2026-09-24
EVL;CZ0420456;9170;0,00000000000000e+00;0,00000000000000;0;2026-09-24
EVL;CZ0420456;91I0;5,33645339726284e-01;0,00000000000000;1;2026-09-24
EVL;CZ0214042;3150;;;;2026-09-24
EVL;CZ0214042;4030;;;;2026-09-24
EVL;CZ0214042;6230;;;;2026-09-24
EVL;CZ0214042;6410;;;;2026-09-24
EVL;CZ0214042;6430;;;;2026-09-24
EVL;CZ0214042;6510;;;;2026-09-24
EVL;CZ0214042;7140;;;;2026-09-24
EVL;CZ0214042;8220;;;;2026-09-24
EVL;CZ0214042;9110;2,25070280866216e+00;1,97262027932350;4;2026-09-24
EVL;CZ0214042;9130;0,00000000000000e+00;0,00000000000000;0;2026-09-24
EVL;CZ0214042;9410;1,59099667207866e+01;11,01589732501161;28;2026-09-24
EVL;CZ0214042;91D0;6,44193515523726e-01;0,00000000000000;8;2026-09-24
EVL;CZ0210733;2330;;;;2026-09-24
EVL;CZ0210733;4030;;;;2026-09-24
EVL;CZ0810031;9130;2,66003060873696e+00;0,00000000000000;12;2026-09-24
EVL;CZ0520603;6230;;;;2026-09-24
EVL;CZ0520603;6430;;;;2026-09-24
EVL;CZ0520603;6510;;;;2026-09-24
EVL;CZ0627016;6210;;;;2026-09-24
EVL;CZ0627016;6210p;;;;2026-09-24
EVL;CZ0310063;6110;;;;2026-09-24
EVL;CZ0314642;6410;;;;2026-09-24
EVL;CZ0322058;6230;;;;2026-09-24
EVL;CZ0210111;6210;;;;2026-09-24
EVL;CZ0210111;91U0;3,09367190798908e-01;0,00000000000000;5;2026-09-24
EVL;CZ0620049;6240;;;;2026-09-24
EVL;CZ0320043;91D0;0,00000000000000e+00;0,00000000000000;0;2026-09-24
EVL;CZ0524047;3260;;;;2026-09-24
EVL;CZ0524047;8150;;;;2026-09-24
EVL;CZ0524047;8220;;;;2026-09-24
EVL;CZ0524047;9110;1,15031773936203e+01;0,00000000000000;47;2026-09-24
EVL;CZ0524047;9130;8,29012385863832e-01;0,00000000000000;5;2026-09-24
EVL;CZ0524047;9180;1,05126922251104e-01;0,00000000000000;2;2026-09-24
EVL;CZ0210721;7220;;;;2026-09-24
EVL;CZ0520009;6410;;;;2026-09-24
EVL;CZ0520009;6510;;;;2026-09-24
EVL;CZ0520009;9170;3,77226308522126e+00;0,00000000000000;5;2026-09-24
EVL;CZ0410040;4030;;;;2026-09-24
EVL;CZ0410040;6520;;;;2026-09-24
EVL;CZ0410040;7110;;;;2026-09-24
EVL;CZ0410040;7120;;;;2026-09-24
EVL;CZ0410040;7140;;;;2026-09-24
EVL;CZ0410040;9410;7,13742665420547e-02;0,00000000000000;2;2026-09-24
EVL;CZ0410040;91D0;1,13998084556796e-02;0,00000000000000;2;2026-09-24
EVL;CZ0210730;2330;;;;2026-09-24
EVL;CZ0212023;2330;;;;2026-09-24
EVL;CZ0214049;2330;;;;2026-09-24
EVL;CZ0422084;2330;;;;2026-09-24
EVL;CZ0210064;2330;;;;2026-09-24
EVL;CZ0310615;2330;;;;2026-09-24
EVL;CZ0413184;3140;;;;2026-09-24
EVL;CZ0424138;91F0;6,56155847766576e-01;0,00000000000000;2;2026-09-24
EVL;CZ0310017;3150;;;;2026-09-24
EVL;CZ0310017;6430;;;;2026-09-24
EVL;CZ0310017;7120;;;;2026-09-24
EVL;CZ0310017;7140;;;;2026-09-24
EVL;CZ0310017;9410;5,49191825508904e+00;2,25317999946512;13;2026-09-24
EVL;CZ0310017;91D0;8,22662591980770e-04;0,00000000000000;1;2026-09-24
EVL;CZ0310017;91E0;4,35457915589447e-01;0,00000000000000;4;2026-09-24
EVL;CZ0420462;8220;;;;2026-09-24
EVL;CZ0420462;8230;;;;2026-09-24
EVL;CZ0323159;3270;;;;2026-09-24
EVL;CZ0323159;6510;;;;2026-09-24
EVL;CZ0323159;9170;0,00000000000000e+00;0,00000000000000;0;2026-09-24
EVL;CZ0323159;9180;0,00000000000000e+00;0,00000000000000;0;2026-09-24
EVL;CZ0620013;8160;;;;2026-09-24
EVL;CZ0710004;6510;;;;2026-09-24
EVL;CZ0720435;5130;;;;2026-09-24
EVL;CZ0720435;6210;;;;2026-09-24
EVL;CZ0720435;6510;;;;2026-09-24
EVL;CZ0720435;7220;;;;2026-09-24
EVL;CZ0720435;9130;8,29064295392185e+00;0,00000000000000;19;2026-09-24
EVL;CZ0720435;9170;6,13568867724389e-03;0,00000000000000;1;2026-09-24
EVL;CZ0720435;6210p;;;;2026-09-24
EVL;CZ0214014;3130;;;;2026-09-24
EVL;CZ0214014;3150;;;;2026-09-24
EVL;CZ0214014;7140;;;;2026-09-24
EVL;CZ0420160;6430;;;;2026-09-24
EVL;CZ0420160;6210p;;;;2026-09-24
EVL;CZ0420160;91E0;0,00000000000000e+00;0,00000000000000;0;2026-09-24
EVL;CZ0514113;3140;;;;2026-09-24
EVL;CZ0514113;3150;;;;2026-09-24
EVL;CZ0514113;8310;;;;2026-09-24
EVL;CZ0612140;3130;;;;2026-09-24
EVL;CZ0624096;3260;;;;2026-09-24
EVL;CZ0624096;4030;;;;2026-09-24
EVL;CZ0624096;5130;;;;2026-09-24
EVL;CZ0624096;6190;;;;2026-09-24
EVL;CZ0624096;6210;;;;2026-09-24
EVL;CZ0624096;6510;;;;2026-09-24
EVL;CZ0624096;8150;;;;2026-09-24
EVL;CZ0624096;8220;;;;2026-09-24
EVL;CZ0624096;8230;;;;2026-09-24
EVL;CZ0624096;8310;;;;2026-09-24
EVL;CZ0624096;9170;1,52934186869805e+01;3,79978068292117;67;2026-09-24
EVL;CZ0624096;9180;1,40682331649692e-02;0,00000000000000;1;2026-09-24
EVL;CZ0624096;40A0;;;;2026-09-24
EVL;CZ0624096;91I0;4,81343343454264e-02;0,00000000000000;3;2026-09-24
EVL;CZ0310057;6230;;;;2026-09-24
EVL;CZ0310057;7110;;;;2026-09-24
EVL;CZ0310057;7140;;;;2026-09-24
EVL;CZ0310057;9410;1,31203855647529e+00;0,00000000000000;4;2026-09-24
EVL;CZ0310057;91D0;1,49653612263302e-01;0,00000000000000;1;2026-09-24
EVL;CZ0210152;2330;;;;2026-09-24
EVL;CZ0210152;3150;;;;2026-09-24
EVL;CZ0210152;6410;;;;2026-09-24
EVL;CZ0210152;6430;;;;2026-09-24
EVL;CZ0210152;6440;;;;2026-09-24
EVL;CZ0210152;6510;;;;2026-09-24
EVL;CZ0210152;7210;;;;2026-09-24
EVL;CZ0210152;7230;;;;2026-09-24
EVL;CZ0210152;91E0;0,00000000000000e+00;0,00000000000000;0;2026-09-24
EVL;CZ0210152;91F0;0,00000000000000e+00;0,00000000000000;0;2026-09-24
EVL;CZ0210713;6210;;;;2026-09-24
EVL;CZ0210713;6510;;;;2026-09-24
EVL;CZ0620139;6210;;;;2026-09-24
EVL;CZ0814092;3130;;;;2026-09-24
EVL;CZ0814092;3140;;;;2026-09-24
EVL;CZ0814092;3150;;;;2026-09-24
EVL;CZ0814092;6510;;;;2026-09-24
EVL;CZ0814092;9170;3,64702441725331e+00;0,00000000000000;23;2026-09-24
EVL;CZ0814092;91E0;1,34759856829966e+01;7,10537905505158;52;2026-09-24
EVL;CZ0814092;91F0;1,35257683722144e+01;6,35958752086321;40;2026-09-24
EVL;CZ0424141;3150;;;;2026-09-24
EVL;CZ0424141;3260;;;;2026-09-24
EVL;CZ0424141;3270;;;;2026-09-24
EVL;CZ0424141;6110;;;;2026-09-24
EVL;CZ0424141;8150;;;;2026-09-24
EVL;CZ0424141;8160;;;;2026-09-24
EVL;CZ0424141;9180;6,73516964758589e+00;0,00000000000000;58;2026-09-24
EVL;CZ0424141;40A0;;;;2026-09-24
EVL;CZ0424141;91E0;8,46373079121040e-01;0,00000000000000;12;2026-09-24
EVL;CZ0210028;6190;;;;2026-09-24
EVL;CZ0210028;9130;0,00000000000000e+00;0,00000000000000;0;2026-09-24
EVL;CZ0210028;9180;8,54506154032424e-04;0,00000000000000;1;2026-09-24
EVL;CZ0514669;3150;;;;2026-09-24
EVL;CZ0514669;3160;;;;2026-09-24
EVL;CZ0514669;6410;;;;2026-09-24
EVL;CZ0514669;7140;;;;2026-09-24
EVL;CZ0514669;7150;;;;2026-09-24
EVL;CZ0514669;91D0;0,00000000000000e+00;0,00000000000000;0;2026-09-24
EVL;CZ0624060;6210;;;;2026-09-24
EVL;CZ0624060;6250;;;;2026-09-24
EVL;CZ0624060;91G0;8,59964441887953e-01;0,00000000000000;2;2026-09-24
EVL;CZ0624060;91I0;5,52502028454561e-02;0,00000000000000;1;2026-09-24
EVL;CZ0714077;4060;;;;2026-09-24
EVL;CZ0714077;4080;;;;2026-09-24
EVL;CZ0714077;6150;;;;2026-09-24
EVL;CZ0714077;6430;;;;2026-09-24
EVL;CZ0714077;7110;;;;2026-09-24
EVL;CZ0714077;7140;;;;2026-09-24
EVL;CZ0714077;8110;;;;2026-09-24
EVL;CZ0714077;8220;;;;2026-09-24
EVL;CZ0714077;9110;1,81179713230498e+01;9,50179708491644;34;2026-09-24
EVL;CZ0714077;9410;1,80641482415534e+02;147,96684104460581;108;2026-09-24
EVL;CZ0714077;91D0;1,18993137471221e-01;0,00000000000000;4;2026-09-24
EVL;CZ0320013;6410;;;;2026-09-24
EVL;CZ0320013;6430;;;;2026-09-24
EVL;CZ0320013;91E0;0,00000000000000e+00;0,00000000000000;0;2026-09-24
EVL;CZ0214045;3150;;;;2026-09-24
EVL;CZ0214045;7140;;;;2026-09-24
EVL;CZ0214045;91E0;0,00000000000000e+00;0,00000000000000;0;2026-09-24
EVL;CZ0110050;6110;;;;2026-09-24
EVL;CZ0110050;6190;;;;2026-09-24
EVL;CZ0110050;6210;;;;2026-09-24
EVL;CZ0110050;9180;1,04035188201319e+00;1,01401788447963;2;2026-09-24
EVL;CZ0510191;6210;;;;2026-09-24
EVL;CZ0510191;8210;;;;2026-09-24
EVL;CZ0510191;8220;;;;2026-09-24
EVL;CZ0510191;8310;;;;2026-09-24
EVL;CZ0510191;9110;8,59767332369596e-01;0,00000000000000;7;2026-09-24
EVL;CZ0510191;9130;7,88274235220077e-01;0,00000000000000;4;2026-09-24
EVL;CZ0510191;9150;6,49086128472103e-02;0,00000000000000;1;2026-09-24
EVL;CZ0510191;9180;1,09809423621278e-02;0,00000000000000;1;2026-09-24
EVL;CZ0510191;6210p;;;;2026-09-24
EVL;CZ0620014;6240;;;;2026-09-24
EVL;CZ0620014;6210p;;;;2026-09-24
EVL;CZ0624114;6210;;;;2026-09-24
EVL;CZ0624114;6240;;;;2026-09-24
EVL;CZ0624114;6210p;;;;2026-09-24
EVL;CZ0624114;91G0;2,40126917204590e+01;7,17754093100726;39;2026-09-24
EVL;CZ0624114;91I0;9,24286641046142e+00;4,31879619364676;17;2026-09-24
EVL;CZ0710148;6510;;;;2026-09-24
EVL;CZ0710148;9170;4,14982431674590e+00;0,00000000000000;6;2026-09-24
EVL;CZ0214012;8310;;;;2026-09-24
EVL;CZ0530027;6430;;;;2026-09-24
EVL;CZ0530027;9130;2,84611373454619e+00;0,00000000000000;9;2026-09-24
EVL;CZ0530027;91E0;1,99673815972569e-01;0,00000000000000;2;2026-09-24
EVL;CZ0810014;7140;;;;2026-09-24
EVL;CZ0810014;91E0;0,00000000000000e+00;0,00000000000000;0;2026-09-24
EVL;CZ0810032;9130;8,00424665464297e-01;0,00000000000000;8;2026-09-24
EVL;CZ0210023;6510;;;;2026-09-24
EVL;CZ0510403;7110;;;;2026-09-24
EVL;CZ0510403;91D0;0,00000000000000e+00;0,00000000000000;0;2026-09-24
EVL;CZ0714078;9110;1,05480834680434e+00;1,05480834680434;1;2026-09-24
EVL;CZ0714078;9130;8,12563527135392e+00;4,76586238440969;6;2026-09-24
EVL;CZ0714078;9180;2,00476513003075e-02;0,00000000000000;1;2026-09-24
EVL;CZ0423225;6210;;;;2026-09-24
EVL;CZ0423225;8220;;;;2026-09-24
EVL;CZ0114001;6190;;;;2026-09-24
EVL;CZ0114001;6210;;;;2026-09-24
EVL;CZ0114001;9170;8,88666948736552e-02;0,00000000000000;3;2026-09-24
EVL;CZ0114001;9180;0,00000000000000e+00;0,00000000000000;0;2026-09-24
EVL;CZ0114001;91H0;0,00000000000000e+00;0,00000000000000;0;2026-09-24
EVL;CZ0210114;2330;;;;2026-09-24
EVL;CZ0210114;4030;;;;2026-09-24
EVL;CZ0210114;6210;;;;2026-09-24
EVL;CZ0210114;8210;;;;2026-09-24
EVL;CZ0620245;6510;;;;2026-09-24
EVL;CZ0620245;8220;;;;2026-09-24
EVL;CZ0620245;9110;7,17572003606255e+00;2,08842878061771;23;2026-09-24
EVL;CZ0620245;9130;1,36836566143126e+01;2,51123235332444;28;2026-09-24
EVL;CZ0620245;9180;1,77279655595079e-01;0,00000000000000;7;2026-09-24
EVL;CZ0620245;91E0;3,63466064333765e-02;0,00000000000000;3;2026-09-24
EVL;CZ0510028;9110;8,28681900436105e-01;0,00000000000000;1;2026-09-24
EVL;CZ0510028;9130;0,00000000000000e+00;0,00000000000000;0;2026-09-24
EVL;CZ0510028;9180;0,00000000000000e+00;0,00000000000000;0;2026-09-24
EVL;CZ0410020;3150;;;;2026-09-24
EVL;CZ0410020;3260;;;;2026-09-24
EVL;CZ0410020;3270;;;;2026-09-24
EVL;CZ0410020;91E0;0,00000000000000e+00;0,00000000000000;0;2026-09-24
EVL;CZ0424033;6210;;;;2026-09-24
EVL;CZ0424033;8150;;;;2026-09-24
EVL;CZ0424033;40A0;;;;2026-09-24
EVL;CZ0610519;3140;;;;2026-09-24
EVL;CZ0610519;3160;;;;2026-09-24
EVL;CZ0610412;9110;0,00000000000000e+00;0,00000000000000;0;2026-09-24
EVL;CZ0610412;9130;0,00000000000000e+00;0,00000000000000;0;2026-09-24
EVL;CZ0610412;91E0;0,00000000000000e+00;0,00000000000000;0;2026-09-24
EVL;CZ0510402;6230;;;;2026-09-24
EVL;CZ0510402;7110;;;;2026-09-24
EVL;CZ0510402;7140;;;;2026-09-24
EVL;CZ0510402;9410;0,00000000000000e+00;0,00000000000000;0;2026-09-24
EVL;CZ0510402;91D0;3,93427359247784e-04;0,00000000000000;1;2026-09-24
EVL;CZ0510415;3260;;;;2026-09-24
EVL;CZ0510415;6230;;;;2026-09-24
EVL;CZ0510415;7110;;;;2026-09-24
EVL;CZ0510415;7140;;;;2026-09-24
EVL;CZ0510415;9410;0,00000000000000e+00;0,00000000000000;0;2026-09-24
EVL;CZ0510415;91D0;4,71567584554514e-02;0,00000000000000;1;2026-09-24
EVL;CZ0313513;7110;;;;2026-09-24
EVL;CZ0313513;91D0;0,00000000000000e+00;0,00000000000000;0;2026-09-24
EVL;CZ0420053;7110;;;;2026-09-24
EVL;CZ0420053;9410;0,00000000000000e+00;0,00000000000000;0;2026-09-24
EVL;CZ0420053;91D0;0,00000000000000e+00;0,00000000000000;0;2026-09-24
EVL;CZ0314637;3140;;;;2026-09-24
EVL;CZ0314637;7140;;;;2026-09-24
EVL;CZ0620016;6210;;;;2026-09-24
EVL;CZ0620016;6210p;;;;2026-09-24
EVL;CZ0534055;6410;;;;2026-09-24
EVL;CZ0534055;7140;;;;2026-09-24
EVL;CZ0212020;7140;;;;2026-09-24
EVL;CZ0212020;7230;;;;2026-09-24
EVL;CZ0714081;6230;;;;2026-09-24
EVL;CZ0714081;6430;;;;2026-09-24
EVL;CZ0714081;7110;;;;2026-09-24
EVL;CZ0714081;7140;;;;2026-09-24
EVL;CZ0714081;9410;0,00000000000000e+00;0,00000000000000;0;2026-09-24
EVL;CZ0714081;91D0;0,00000000000000e+00;0,00000000000000;0;2026-09-24
EVL;CZ0514670;3150;;;;2026-09-24
EVL;CZ0514670;6410;;;;2026-09-24
EVL;CZ0514670;6510;;;;2026-09-24
EVL;CZ0514670;7140;;;;2026-09-24
EVL;CZ0514670;8220;;;;2026-09-24
EVL;CZ0514670;9130;0,00000000000000e+00;0,00000000000000;0;2026-09-24
EVL;CZ0514670;9170;5,54806552597880e-01;0,00000000000000;2;2026-09-24
EVL;CZ0514670;9180;0,00000000000000e+00;0,00000000000000;0;2026-09-24
EVL;CZ0620412;8150;;;;2026-09-24
EVL;CZ0620412;9180;0,00000000000000e+00;0,00000000000000;0;2026-09-24
EVL;CZ0314109;3160;;;;2026-09-24
EVL;CZ0314109;7140;;;;2026-09-24
EVL;CZ0314109;7150;;;;2026-09-24
EVL;CZ0314109;91D0;0,00000000000000e+00;0,00000000000000;0;2026-09-24
EVL;CZ0720420;6210;;;;2026-09-24
EVL;CZ0720420;6510;;;;2026-09-24
EVL;CZ0720420;9170;8,79355603850926e+00;6,89200686050062;10;2026-09-24
EVL;CZ0720420;91E0;1,21621492546437e+00;1,05357688377537;2;2026-09-24
EVL;CZ0720420;91I0;0,00000000000000e+00;0,00000000000000;0;2026-09-24
EVL;CZ0410155;6430;;;;2026-09-24
EVL;CZ0410155;6520;;;;2026-09-24
EVL;CZ0410155;7140;;;;2026-09-24
EVL;CZ0410155;9410;1,55227552483941e+00;0,00000000000000;6;2026-09-24
EVL;CZ0620158;1340;;;;2026-09-24
EVL;CZ0620158;91F0;2,10327366137299e+00;2,09800089210910;3;2026-09-24
EVL;CZ0720185;6230;;;;2026-09-24
EVL;CZ0720185;6510;;;;2026-09-24
EVL;CZ0720185;7220;;;;2026-09-24
EVL;CZ0720185;9110;2,40256598411361e-04;0,00000000000000;1;2026-09-24
EVL;CZ0720185;9170;0,00000000000000e+00;0,00000000000000;0;2026-09-24
EVL;CZ0720185;91E0;0,00000000000000e+00;0,00000000000000;0;2026-09-24
EVL;CZ0310618;3150;;;;2026-09-24
EVL;CZ0310008;3150;;;;2026-09-24
EVL;CZ0612143;3130;;;;2026-09-24
EVL;CZ0214046;3130;;;;2026-09-24
EVL;CZ0314640;3130;;;;2026-09-24
EVL;CZ0314639;3140;;;;2026-09-24
EVL;CZ0314639;3160;;;;2026-09-24
EVL;CZ0614058;3130;;;;2026-09-24
EVL;CZ0614058;3150;;;;2026-09-24
EVL;CZ0710183;6510;;;;2026-09-24
EVL;CZ0710183;8220;;;;2026-09-24
EVL;CZ0710183;9110;2,40155315646660e+00;1,65083683628021;5;2026-09-24
EVL;CZ0710183;9130;1,29366805632329e-03;0,00000000000000;2;2026-09-24
EVL;CZ0710183;9180;6,03193483057985e-03;0,00000000000000;2;2026-09-24
EVL;CZ0710183;91E0;0,00000000000000e+00;0,00000000000000;0;2026-09-24
EVL;CZ0714086;6430;;;;2026-09-24
EVL;CZ0714086;6510;;;;2026-09-24
EVL;CZ0714086;7110;;;;2026-09-24
EVL;CZ0714086;8210;;;;2026-09-24
EVL;CZ0714086;8220;;;;2026-09-24
EVL;CZ0714086;8310;;;;2026-09-24
EVL;CZ0714086;9110;1,28692941866131e+02;69,82106269549875;184;2026-09-24
EVL;CZ0714086;9130;5,96013446971939e+01;41,36164283709857;110;2026-09-24
EVL;CZ0714086;9180;6,71565955334744e+00;3,64329059094175;37;2026-09-24
EVL;CZ0714086;9410;2,03408104525535e+01;15,87849240785745;13;2026-09-24
EVL;CZ0714086;91E0;4,17283178152602e+00;0,00000000000000;23;2026-09-24
EVL;CZ0530149;6510;;;;2026-09-24
EVL;CZ0530149;9130;6,13031792969355e+00;1,60805531514222;18;2026-09-24
EVL;CZ0530149;9180;1,03525059058226e-01;0,00000000000000;1;2026-09-24
EVL;CZ0530149;91E0;7,83490601809181e-01;0,00000000000000;1;2026-09-24
EVL;CZ0612145;3130;;;;2026-09-24
EVL;CZ0310067;91U0;0,00000000000000e+00;0,00000000000000;0;2026-09-24
EVL;CZ0813462;3220;;;;2026-09-24
EVL;CZ0813462;3240;;;;2026-09-24
EVL;CZ0210731;7140;;;;2026-09-24
EVL;CZ0420449;9180;1,21648588722898e-02;0,00000000000000;2;2026-09-24
EVL;CZ0720033;6210;;;;2026-09-24
EVL;CZ0720033;6430;;;;2026-09-24
EVL;CZ0720033;6510;;;;2026-09-24
EVL;CZ0720033;7140;;;;2026-09-24
EVL;CZ0720033;7220;;;;2026-09-24
EVL;CZ0720033;8220;;;;2026-09-24
EVL;CZ0720033;9130;3,73908971808259e+00;2,13442044170007;7;2026-09-24
EVL;CZ0720033;9170;1,10052150614894e+00;0,00000000000000;5;2026-09-24
EVL;CZ0720033;6210p;;;;2026-09-24
EVL;CZ0530502;2330;;;;2026-09-24
EVL;CZ0620037;9170;1,17994524265179e+00;0,00000000000000;6;2026-09-24
EVL;CZ0620037;91I0;1,44936692573095e+00;0,00000000000000;4;2026-09-24
EVL;CZ0624118;6210;;;;2026-09-24
EVL;CZ0620048;6210;;;;2026-09-24
EVL;CZ0620048;6240;;;;2026-09-24
EVL;CZ0420041;9170;0,00000000000000e+00;0,00000000000000;0;2026-09-24
EVL;CZ0420041;91H0;0,00000000000000e+00;0,00000000000000;0;2026-09-24
EVL;CZ0420041;91I0;0,00000000000000e+00;0,00000000000000;0;2026-09-24
EVL;CZ0810424;3140;;;;2026-09-24
EVL;CZ0810424;3150;;;;2026-09-24
EVL;CZ0210173;1340;;;;2026-09-24
EVL;CZ0620031;1340;;;;2026-09-24
EVL;CZ0620187;1340;;;;2026-09-24
EVL;CZ0624102;1340;;;;2026-09-24
EVL;CZ0420525;1340;;;;2026-09-24
EVL;CZ0420525;6210;;;;2026-09-24
EVL;CZ0212021;6410;;;;2026-09-24
EVL;CZ0510408;7110;;;;2026-09-24
EVL;CZ0510408;9110;6,69843058911797e-02;0,00000000000000;3;2026-09-24
EVL;CZ0510408;9410;5,18222060806325e-01;0,00000000000000;5;2026-09-24
EVL;CZ0510408;91D0;1,68335475670625e+00;0,00000000000000;7;2026-09-24
EVL;CZ0212019;7220;;;;2026-09-24
EVL;CZ0212019;7230;;;;2026-09-24
EVL;CZ0212019;9150;1,21301555295294e-01;0,00000000000000;1;2026-09-24
EVL;CZ0212019;9190;3,95927467268556e-01;0,00000000000000;1;2026-09-24
EVL;CZ0212019;91E0;7,73128946559392e-02;0,00000000000000;1;2026-09-24
EVL;CZ0620191;3260;;;;2026-09-24
EVL;CZ0620191;8220;;;;2026-09-24
EVL;CZ0620191;9130;0,00000000000000e+00;0,00000000000000;0;2026-09-24
EVL;CZ0620191;9170;9,91455683086067e-02;0,00000000000000;1;2026-09-24
EVL;CZ0620191;9180;0,00000000000000e+00;0,00000000000000;0;2026-09-24
EVL;CZ0410150;1340;;;;2026-09-24
EVL;CZ0410150;3140;;;;2026-09-24
EVL;CZ0410150;3150;;;;2026-09-24
EVL;CZ0410150;3160;;;;2026-09-24
EVL;CZ0410150;7140;;;;2026-09-24
EVL;CZ0410150;7150;;;;2026-09-24
EVL;CZ0410150;9190;0,00000000000000e+00;0,00000000000000;0;2026-09-24
EVL;CZ0410150;91D0;0,00000000000000e+00;0,00000000000000;0;2026-09-24
EVL;CZ0410150;91E0;2,04259047984984e-02;0,00000000000000;1;2026-09-24
EVL;CZ0624119;3130;;;;2026-09-24
EVL;CZ0624119;3150;;;;2026-09-24
EVL;CZ0624119;3260;;;;2026-09-24
EVL;CZ0624119;3270;;;;2026-09-24
EVL;CZ0624119;6210;;;;2026-09-24
EVL;CZ0624119;6410;;;;2026-09-24
EVL;CZ0624119;6430;;;;2026-09-24
EVL;CZ0624119;6440;;;;2026-09-24
EVL;CZ0624119;91E0;4,22338485123758e-01;0,00000000000000;14;2026-09-24
EVL;CZ0624119;91F0;2,87206586126337e+02;234,86612632912295;163;2026-09-24
EVL;CZ0624119;91G0;4,54449289519479e+00;4,41479663787393;6;2026-09-24
EVL;CZ0424134;6210;;;;2026-09-24
EVL;CZ0810018;9110;4,57471592056160e+00;2,28487114007711;10;2026-09-24
EVL;CZ0810018;9130;5,02964587047799e+01;34,98029073473114;51;2026-09-24
EVL;CZ0810018;9180;9,98151686768850e-01;0,00000000000000;9;2026-09-24
EVL;CZ0420083;6510;;;;2026-09-24
EVL;CZ0420083;91E0;0,00000000000000e+00;0,00000000000000;0;2026-09-24
EVL;CZ0520508;6510;;;;2026-09-24
EVL;CZ0520508;8210;;;;2026-09-24
EVL;CZ0520508;9130;5,85902304589636e-01;0,00000000000000;7;2026-09-24
EVL;CZ0622217;6210;;;;2026-09-24
EVL;CZ0624043;6190;;;;2026-09-24
EVL;CZ0624043;6210;;;;2026-09-24
EVL;CZ0624043;6240;;;;2026-09-24
EVL;CZ0624043;8160;;;;2026-09-24
EVL;CZ0624043;8210;;;;2026-09-24
EVL;CZ0624043;8310;;;;2026-09-24
EVL;CZ0624069;6210;;;;2026-09-24
EVL;CZ0624069;9170;9,61616355434684e+00;1,00521015241072;15;2026-09-24
EVL;CZ0624069;6210p;;;;2026-09-24
EVL;CZ0624069;91I0;0,00000000000000e+00;0,00000000000000;0;2026-09-24
EVL;CZ0620017;6210p;;;;2026-09-24
EVL;CZ0420061;1340;;;;2026-09-24
EVL;CZ0420061;6210;;;;2026-09-24
EVL;CZ0424133;6210;;;;2026-09-24
EVL;CZ0424136;6210;;;;2026-09-24
EVL;CZ0210734;5130;;;;2026-09-24
EVL;CZ0420059;6210;;;;2026-09-24
EVL;CZ0624020;6110;;;;2026-09-24
EVL;CZ0624020;6190;;;;2026-09-24
EVL;CZ0624020;6210;;;;2026-09-24
EVL;CZ0624020;6240;;;;2026-09-24
EVL;CZ0624020;8210;;;;2026-09-24
EVL;CZ0624020;8310;;;;2026-09-24
EVL;CZ0624068;3150;;;;2026-09-24
EVL;CZ0624068;3270;;;;2026-09-24
EVL;CZ0624068;6430;;;;2026-09-24
EVL;CZ0624068;91E0;7,99928683946890e-02;0,00000000000000;3;2026-09-24
EVL;CZ0624068;91F0;1,59914074043812e+01;12,90395068026274;13;2026-09-24
EVL;CZ0420063;6210;;;;2026-09-24
EVL;CZ0210053;4030;;;;2026-09-24
EVL;CZ0210053;6190;;;;2026-09-24
EVL;CZ0210053;8150;;;;2026-09-24
EVL;CZ0210053;8220;;;;2026-09-24
EVL;CZ0210053;9170;5,52180893800855e-01;0,00000000000000;3;2026-09-24
EVL;CZ0210053;9180;4,63634406350603e-01;0,00000000000000;5;2026-09-24
EVL;CZ0532132;6210;;;;2026-09-24
EVL;CZ0532132;6510;;;;2026-09-24
EVL;CZ0210708;6190;;;;2026-09-24
EVL;CZ0210708;8160;;;;2026-09-24
EVL;CZ0210708;9130;1,04868729773740e-02;0,00000000000000;3;2026-09-24
EVL;CZ0210708;9170;4,09425865294569e-01;0,00000000000000;4;2026-09-24
EVL;CZ0210708;9180;3,28617008967907e-03;0,00000000000000;2;2026-09-24
EVL;CZ0210708;40A0;;;;2026-09-24
EVL;CZ0420082;8220;;;;2026-09-24
EVL;CZ0420082;9110;7,90500049059138e+00;4,73202756787912;10;2026-09-24
EVL;CZ0420082;9130;1,17176566537347e+00;0,00000000000000;8;2026-09-24
EVL;CZ0420082;9180;0,00000000000000e+00;0,00000000000000;0;2026-09-24
EVL;CZ0610513;6230;;;;2026-09-24
EVL;CZ0612149;8220;;;;2026-09-24
EVL;CZ0514041;4030;;;;2026-09-24
EVL;CZ0514041;8220;;;;2026-09-24
EVL;CZ0514041;8310;;;;2026-09-24
EVL;CZ0514041;9110;8,02009177673652e+00;3,64328539204110;11;2026-09-24
EVL;CZ0514041;9130;0,00000000000000e+00;0,00000000000000;0;2026-09-24
EVL;CZ0320437;6510;;;;2026-09-24
EVL;CZ0624234;6190;;;;2026-09-24
EVL;CZ0624234;6240;;;;2026-09-24
EVL;CZ0624097;6210;;;;2026-09-24
EVL;CZ0410046;4030;;;;2026-09-24
EVL;CZ0410046;8220;;;;2026-09-24
EVL;CZ0310611;7140;;;;2026-09-24
EVL;CZ0310611;91D0;0,00000000000000e+00;0,00000000000000;0;2026-09-24
EVL;CZ0620051;6110;;;;2026-09-24
EVL;CZ0620051;6240;;;;2026-09-24
EVL;CZ0624112;6250;;;;2026-09-24
EVL;CZ0624116;6250;;;;2026-09-24
EVL;CZ0714080;6110;;;;2026-09-24
EVL;CZ0714080;8210;;;;2026-09-24
EVL;CZ0714080;8310;;;;2026-09-24
EVL;CZ0714080;9130;3,08218241934325e-01;0,00000000000000;4;2026-09-24
EVL;CZ0714080;9150;7,70897776819766e-05;0,00000000000000;1;2026-09-24
EVL;CZ0714080;9180;0,00000000000000e+00;0,00000000000000;0;2026-09-24
EVL;CZ0614059;6230;;;;2026-09-24
EVL;CZ0614059;6410;;;;2026-09-24
EVL;CZ0614059;7140;;;;2026-09-24
EVL;CZ0614059;7230;;;;2026-09-24
EVL;CZ0410047;3140;;;;2026-09-24
EVL;CZ0410047;3150;;;;2026-09-24
EVL;CZ0410047;6430;;;;2026-09-24
EVL;CZ0410047;7140;;;;2026-09-24
EVL;CZ0810036;6110;;;;2026-09-24
EVL;CZ0810036;6190;;;;2026-09-24
EVL;CZ0810036;6210;;;;2026-09-24
EVL;CZ0810036;6510;;;;2026-09-24
EVL;CZ0810036;7220;;;;2026-09-24
EVL;CZ0810036;8210;;;;2026-09-24
EVL;CZ0810036;9180;5,75097891435067e-01;0,00000000000000;4;2026-09-24
EVL;CZ0810036;6210p;;;;2026-09-24
EVL;CZ0314024;3130;;;;2026-09-24
EVL;CZ0314024;3150;;;;2026-09-24
EVL;CZ0314024;3160;;;;2026-09-24
EVL;CZ0314024;3260;;;;2026-09-24
EVL;CZ0314024;4030;;;;2026-09-24
EVL;CZ0314024;5130;;;;2026-09-24
EVL;CZ0314024;6230;;;;2026-09-24
EVL;CZ0314024;6410;;;;2026-09-24
EVL;CZ0314024;6430;;;;2026-09-24
EVL;CZ0314024;6510;;;;2026-09-24
EVL;CZ0314024;6520;;;;2026-09-24
EVL;CZ0314024;7110;;;;2026-09-24
EVL;CZ0314024;7120;;;;2026-09-24
EVL;CZ0314024;7140;;;;2026-09-24
EVL;CZ0314024;8220;;;;2026-09-24
EVL;CZ0314024;9110;8,44295878530579e+02;429,50845101598753;1430;2026-09-24
EVL;CZ0314024;9130;5,54734490670278e+01;27,66178444309448;105;2026-09-24
EVL;CZ0314024;9180;5,99230622449558e+01;27,74826406981780;152;2026-09-24
EVL;CZ0314024;9410;7,06708287335010e+02;381,37493808750111;1002;2026-09-24
EVL;CZ0314024;91D0;4,35205835513071e+01;9,30785816082805;222;2026-09-24
EVL;CZ0314024;91E0;5,03623052535809e+01;19,04160006029554;190;2026-09-24
EVL;CZ0610056;6210;;;;2026-09-24
EVL;CZ0610056;6510;;;;2026-09-24
EVL;CZ0610056;6210p;;;;2026-09-24
EVL;CZ0320022;9130;6,40432447081466e+00;0,00000000000000;24;2026-09-24
EVL;CZ0320022;9170;1,67060254948377e-01;0,00000000000000;1;2026-09-24
EVL;CZ0320022;9180;1,55054836701732e+00;0,00000000000000;4;2026-09-24
EVL;CZ0324029;6210;;;;2026-09-24
EVL;CZ0324029;7140;;;;2026-09-24
EVL;CZ0314636;6230;;;;2026-09-24
EVL;CZ0314636;6510;;;;2026-09-24
EVL;CZ0210062;6230;;;;2026-09-24
EVL;CZ0210062;6410;;;;2026-09-24
EVL;CZ0210062;6430;;;;2026-09-24
EVL;CZ0210062;6510;;;;2026-09-24
EVL;CZ0410001;4030;;;;2026-09-24
EVL;CZ0210054;4030;;;;2026-09-24
EVL;CZ0210054;7110;;;;2026-09-24
EVL;CZ0210054;7140;;;;2026-09-24
EVL;CZ0210054;8220;;;;2026-09-24
EVL;CZ0623046;91E0;1,73206012821465e-03;0,00000000000000;2;2026-09-24
EVL;CZ0520600;9110;4,99947447604199e+00;3,30863020826625;7;2026-09-24
EVL;CZ0520600;9130;3,29955803752091e-01;0,00000000000000;3;2026-09-24
EVL;CZ0520600;9410;3,36666569748439e-01;0,00000000000000;2;2026-09-24
EVL;CZ0622037;3130;;;;2026-09-24
EVL;CZ0613334;3260;;;;2026-09-24
EVL;CZ0720153;9130;4,73950786683522e-01;0,00000000000000;1;2026-09-24
EVL;CZ0720153;9170;8,44655934989493e+00;1,02392352894587;13;2026-09-24
EVL;CZ0210056;6410;;;;2026-09-24
EVL;CZ0210056;6430;;;;2026-09-24
EVL;CZ0210056;6510;;;;2026-09-24
EVL;CZ0314023;2330;;;;2026-09-24
EVL;CZ0314023;3150;;;;2026-09-24
EVL;CZ0314023;3160;;;;2026-09-24
EVL;CZ0314023;3260;;;;2026-09-24
EVL;CZ0314023;7140;;;;2026-09-24
EVL;CZ0314023;7150;;;;2026-09-24
EVL;CZ0314023;9190;1,27137026215880e+00;0,00000000000000;8;2026-09-24
EVL;CZ0314023;91E0;0,00000000000000e+00;0,00000000000000;0;2026-09-24
EVL;CZ0314023;91F0;1,28241766745048e-01;0,00000000000000;1;2026-09-24
EVL;CZ0210047;8220;;;;2026-09-24
EVL;CZ0210047;9110;4,20997587321021e-03;0,00000000000000;1;2026-09-24
EVL;CZ0210047;9180;0,00000000000000e+00;0,00000000000000;0;2026-09-24
EVL;CZ0420460;6210;;;;2026-09-24
EVL;CZ0624098;8310;;;;2026-09-24
EVL;CZ0624106;9170;3,19422630482845e+01;15,21845444524569;68;2026-09-24
EVL;CZ0624106;91G0;1,78376823260023e+01;10,09196564606912;28;2026-09-24
EVL;CZ0523290;3150;;;;2026-09-24
EVL;CZ0214011;6190;;;;2026-09-24
EVL;CZ0214011;6510;;;;2026-09-24
EVL;CZ0214011;8150;;;;2026-09-24
EVL;CZ0214011;8220;;;;2026-09-24
EVL;CZ0214011;9110;4,77553887685644e-07;0,00000000000000;2;2026-09-24
EVL;CZ0214011;9130;2,52724064743149e+00;0,00000000000000;13;2026-09-24
EVL;CZ0214011;9170;8,20184150802253e-01;0,00000000000000;7;2026-09-24
EVL;CZ0214011;9180;0,00000000000000e+00;0,00000000000000;0;2026-09-24
EVL;CZ0214011;40A0;;;;2026-09-24
EVL;CZ0214011;91E0;0,00000000000000e+00;0,00000000000000;0;2026-09-24
EVL;CZ0610005;5130;;;;2026-09-24
EVL;CZ0610005;9150;3,11082119918871e-01;0,00000000000000;1;2026-09-24
EVL;CZ0622223;6240;;;;2026-09-24
EVL;CZ0614135;7140;;;;2026-09-24
EVL;CZ0714772;8220;;;;2026-09-24
EVL;CZ0714772;9110;3,68941569478457e+00;2,24959041317537;4;2026-09-24
EVL;CZ0714772;9130;3,05820608320704e+01;19,62928849359750;36;2026-09-24
EVL;CZ0714772;9180;3,85452890089064e-01;0,00000000000000;2;2026-09-24
EVL;CZ0624095;3150;;;;2026-09-24
EVL;CZ0624095;3260;;;;2026-09-24
EVL;CZ0624095;3270;;;;2026-09-24
EVL;CZ0624095;6190;;;;2026-09-24
EVL;CZ0624095;6510;;;;2026-09-24
EVL;CZ0624095;8150;;;;2026-09-24
EVL;CZ0624095;8210;;;;2026-09-24
EVL;CZ0624095;8220;;;;2026-09-24
EVL;CZ0624095;8230;;;;2026-09-24
EVL;CZ0624095;9170;2,02912758208828e+01;10,48337850613216;50;2026-09-24
EVL;CZ0624095;9180;8,26579641692400e-01;0,00000000000000;10;2026-09-24
EVL;CZ0624095;40A0;;;;2026-09-24
EVL;CZ0624095;91H0;3,22068041890245e-01;0,00000000000000;3;2026-09-24
EVL;CZ0624095;91U0;0,00000000000000e+00;0,00000000000000;0;2026-09-24
EVL;CZ0420171;6430;;;;2026-09-24
EVL;CZ0420171;91E0;0,00000000000000e+00;0,00000000000000;0;2026-09-24
EVL;CZ0620132;6510;;;;2026-09-24
EVL;CZ0620132;8220;;;;2026-09-24
EVL;CZ0620132;9130;2,04320348415314e-02;0,00000000000000;2;2026-09-24
EVL;CZ0620132;9180;8,99259674511816e-02;0,00000000000000;1;2026-09-24
EVL;CZ0420507;3150;;;;2026-09-24
EVL;CZ0420507;7140;;;;2026-09-24
EVL;CZ0420507;8220;;;;2026-09-24
EVL;CZ0420507;8310;;;;2026-09-24
EVL;CZ0420507;9110;1,98335357843366e+00;0,00000000000000;9;2026-09-24
EVL;CZ0420507;9130;1,47549841526929e-01;0,00000000000000;3;2026-09-24
EVL;CZ0420507;91E0;1,46292472249607e-01;0,00000000000000;2;2026-09-24
EVL;CZ0614134;3260;;;;2026-09-24
EVL;CZ0614134;6190;;;;2026-09-24
EVL;CZ0614134;6210;;;;2026-09-24
EVL;CZ0614134;6240;;;;2026-09-24
EVL;CZ0614134;8220;;;;2026-09-24
EVL;CZ0614134;9170;1,11252654501689e+00;0,00000000000000;20;2026-09-24
EVL;CZ0614134;9180;1,08081367016632e-01;0,00000000000000;6;2026-09-24
EVL;CZ0614134;91I0;1,06649563091772e-02;0,00000000000000;2;2026-09-24
EVL;CZ0514672;3220;;;;2026-09-24
EVL;CZ0514672;3260;;;;2026-09-24
EVL;CZ0514672;4030;;;;2026-09-24
EVL;CZ0514672;6430;;;;2026-09-24
EVL;CZ0514672;8220;;;;2026-09-24
EVL;CZ0514672;9110;1,69106320552155e-01;0,00000000000000;1;2026-09-24
EVL;CZ0514672;9130;7,77459252800327e-05;0,00000000000000;1;2026-09-24
EVL;CZ0514672;9180;8,08528263333500e-01;0,00000000000000;4;2026-09-24
EVL;CZ0310033;8220;;;;2026-09-24
EVL;CZ0310033;9170;2,42708474169951e-01;0,00000000000000;1;2026-09-24
EVL;CZ0310033;9180;3,12205213138787e-01;0,00000000000000;1;2026-09-24
EVL;CZ0813474;9130;0,00000000000000e+00;0,00000000000000;0;2026-09-24
EVL;CZ0614131;3260;;;;2026-09-24
EVL;CZ0614131;6190;;;;2026-09-24
EVL;CZ0614131;6210;;;;2026-09-24
EVL;CZ0614131;8150;;;;2026-09-24
EVL;CZ0614131;8220;;;;2026-09-24
EVL;CZ0614131;9170;1,30834617892001e+01;1,07254989186734;80;2026-09-24
EVL;CZ0614131;9180;2,49774683099540e-01;0,00000000000000;3;2026-09-24
EVL;CZ0614131;91I0;0,00000000000000e+00;0,00000000000000;0;2026-09-24
EVL;CZ0214025;8310;;;;2026-09-24
EVL;CZ0420073;6210;;;;2026-09-24
EVL;CZ0420073;9170;0,00000000000000e+00;0,00000000000000;0;2026-09-24
EVL;CZ0420073;9180;0,00000000000000e+00;0,00000000000000;0;2026-09-24
EVL;CZ0420073;91H0;0,00000000000000e+00;0,00000000000000;0;2026-09-24
EVL;CZ0420073;91I0;0,00000000000000e+00;0,00000000000000;0;2026-09-24
EVL;CZ0624132;8220;;;;2026-09-24
EVL;CZ0624132;9130;2,76903508405602e+01;14,59176307721674;47;2026-09-24
EVL;CZ0624132;9170;1,02622229220109e+01;1,27275741212156;35;2026-09-24
EVL;CZ0624132;9180;2,38521297138655e+00;0,00000000000000;11;2026-09-24
EVL;CZ0724087;9170;3,99818428275358e+00;1,11726984795742;9;2026-09-24
EVL;CZ0724087;91I0;0,00000000000000e+00;0,00000000000000;0;2026-09-24
EVL;CZ0414026;4030;;;;2026-09-24
EVL;CZ0414026;6230;;;;2026-09-24
EVL;CZ0414026;6410;;;;2026-09-24
EVL;CZ0414026;6430;;;;2026-09-24
EVL;CZ0414026;7140;;;;2026-09-24
EVL;CZ0414026;8220;;;;2026-09-24
EVL;CZ0414026;9410;3,97451028246217e-01;0,00000000000000;4;2026-09-24
EVL;CZ0210186;3150;;;;2026-09-24
EVL;CZ0210186;6430;;;;2026-09-24
EVL;CZ0210186;6440;;;;2026-09-24
EVL;CZ0210186;6510;;;;2026-09-24
EVL;CZ0210186;91E0;3,03624772449401e-01;0,00000000000000;3;2026-09-24
EVL;CZ0210186;91F0;4,32858608750331e+00;0,00000000000000;18;2026-09-24
EVL;CZ0213802;6190;;;;2026-09-24
EVL;CZ0213802;8220;;;;2026-09-24
EVL;CZ0213802;9170;1,54559456186386e+00;1,17244964062069;1;2026-09-24
EVL;CZ0213802;9180;2,34923101204215e-02;0,00000000000000;1;2026-09-24
EVL;CZ0213802;40A0;;;;2026-09-24
EVL;CZ0420013;6190;;;;2026-09-24
EVL;CZ0420013;8160;;;;2026-09-24
EVL;CZ0420013;9170;0,00000000000000e+00;0,00000000000000;0;2026-09-24
EVL;CZ0420013;9180;0,00000000000000e+00;0,00000000000000;0;2026-09-24
EVL;CZ0420013;40A0;;;;2026-09-24
EVL;CZ0210118;3140;;;;2026-09-24
EVL;CZ0210118;6430;;;;2026-09-24
EVL;CZ0210118;7230;;;;2026-09-24
EVL;CZ0614056;6230;;;;2026-09-24
EVL;CZ0614056;7140;;;;2026-09-24
EVL;CZ0324032;6230;;;;2026-09-24
EVL;CZ0324032;6410;;;;2026-09-24
EVL;CZ0320005;6410;;;;2026-09-24
EVL;CZ0530028;8210;;;;2026-09-24
EVL;CZ0530028;9130;2,91954523658888e+00;2,00743565623770;5;2026-09-24
EVL;CZ0720437;6210;;;;2026-09-24
EVL;CZ0720437;6430;;;;2026-09-24
EVL;CZ0720437;6510;;;;2026-09-24
EVL;CZ0720437;7220;;;;2026-09-24
EVL;CZ0720437;9130;2,60671095499996e+00;2,20099654207839;4;2026-09-24
EVL;CZ0720437;9170;6,48456010146450e-01;0,00000000000000;2;2026-09-24
EVL;CZ0720437;9180;8,24729281057371e-02;0,00000000000000;1;2026-09-24
EVL;CZ0720437;91E0;0,00000000000000e+00;0,00000000000000;0;2026-09-24
EVL;CZ0620181;91E0;0,00000000000000e+00;0,00000000000000;0;2026-09-24
EVL;CZ0620181;91F0;2,29181513412022e+00;1,09782904910159;3;2026-09-24
EVL;CZ0720422;6510;;;;2026-09-24
EVL;CZ0720422;9170;1,97125497925454e+01;1,26069044628851;69;2026-09-24
EVL;CZ0720422;9180;0,00000000000000e+00;0,00000000000000;0;2026-09-24
EVL;CZ0720422;91E0;3,85957087364502e-01;0,00000000000000;3;2026-09-24
EVL;CZ0514668;6230;;;;2026-09-24
EVL;CZ0514668;6520;;;;2026-09-24
EVL;CZ0514668;9110;0,00000000000000e+00;0,00000000000000;0;2026-09-24
EVL;CZ0514668;9180;0,00000000000000e+00;0,00000000000000;0;2026-09-24
EVL;CZ0210726;91U0;1,17229451636809e+00;0,00000000000000;2;2026-09-24
EVL;CZ0620024;2330;;;;2026-09-24
EVL;CZ0620024;6260;;;;2026-09-24
EVL;CZ0720192;7220;;;;2026-09-24
EVL;CZ0720192;9130;1,71127633730771e+01;13,30792442004918;8;2026-09-24
EVL;CZ0720192;9170;1,37907834371762e+00;1,37907834371762;1;2026-09-24
EVL;CZ0720192;91E0;0,00000000000000e+00;0,00000000000000;0;2026-09-24
EVL;CZ0514243;8220;;;;2026-09-24
EVL;CZ0514243;8310;;;;2026-09-24
EVL;CZ0514243;9110;9,72627457023497e-01;0,00000000000000;3;2026-09-24
EVL;CZ0310020;9110;0,00000000000000e+00;0,00000000000000;0;2026-09-24
EVL;CZ0314019;3140;;;;2026-09-24
EVL;CZ0310009;3150;;;;2026-09-24
EVL;CZ0420166;6230;;;;2026-09-24
EVL;CZ0420166;6410;;;;2026-09-24
EVL;CZ0420166;6430;;;;2026-09-24
EVL;CZ0420166;7140;;;;2026-09-24
EVL;CZ0610159;9130;1,71832669698698e+00;0,00000000000000;8;2026-09-24
EVL;CZ0610159;9180;0,00000000000000e+00;0,00000000000000;0;2026-09-24
EVL;CZ0420165;6210;;;;2026-09-24
EVL;CZ0420165;91I0;0,00000000000000e+00;0,00000000000000;0;2026-09-24
EVL;CZ0520184;9170;9,44107288012168e-01;0,00000000000000;2;2026-09-24
EVL;CZ0520184;9190;0,00000000000000e+00;0,00000000000000;0;2026-09-24
EVL;CZ0620103;9170;6,91401777474846e+00;0,00000000000000;19;2026-09-24
EVL;CZ0620103;91G0;1,91409676825117e+01;0,00000000000000;42;2026-09-24
EVL;CZ0620103;91I0;3,77015791687862e+00;0,00000000000000;9;2026-09-24
EVL;CZ0620018;6210;;;;2026-09-24
EVL;CZ0620018;6240;;;;2026-09-24
EVL;CZ0210729;4030;;;;2026-09-24
EVL;CZ0210729;6110;;;;2026-09-24
EVL;CZ0210729;6190;;;;2026-09-24
EVL;CZ0210729;6210;;;;2026-09-24
EVL;CZ0210729;8220;;;;2026-09-24
EVL;CZ0210729;8230;;;;2026-09-24
EVL;CZ0410151;6210;;;;2026-09-24
EVL;CZ0410151;9170;0,00000000000000e+00;0,00000000000000;0;2026-09-24
EVL;CZ0410151;9180;3,53968754903449e-01;0,00000000000000;1;2026-09-24
EVL;CZ0410151;6210p;;;;2026-09-24
EVL;CZ0724430;6210;;;;2026-09-24
EVL;CZ0724430;6510;;;;2026-09-24
EVL;CZ0724430;7220;;;;2026-09-24
EVL;CZ0724430;9130;1,37196766516544e+01;2,93038020836193;22;2026-09-24
EVL;CZ0724430;9170;7,35380781489742e-01;0,00000000000000;6;2026-09-24
EVL;CZ0724430;9180;4,13445029952759e-01;0,00000000000000;3;2026-09-24
EVL;CZ0724430;6210p;;;;2026-09-24
EVL;CZ0724430;91E0;0,00000000000000e+00;0,00000000000000;0;2026-09-24
EVL;CZ0213009;3260;;;;2026-09-24
EVL;CZ0310035;3150;;;;2026-09-24
EVL;CZ0310035;3260;;;;2026-09-24
EVL;CZ0210027;3130;;;;2026-09-24
EVL;CZ0210027;9110;0,00000000000000e+00;0,00000000000000;0;2026-09-24
EVL;CZ0210027;9130;0,00000000000000e+00;0,00000000000000;0;2026-09-24
EVL;CZ0314638;3130;;;;2026-09-24
EVL;CZ0620084;3150;;;;2026-09-24
EVL;CZ0620084;91E0;7,51523078751391e-01;0,00000000000000;4;2026-09-24
EVL;CZ0620084;91F0;1,31022285748582e+01;7,82582307943666;15;2026-09-24
EVL;CZ0313138;3150;;;;2026-09-24
EVL;CZ0313138;6410;;;;2026-09-24
EVL;CZ0620055;91G0;1,40617081132051e+01;9,27003276881170;12;2026-09-24
EVL;CZ0420004;6210;;;;2026-09-24
EVL;CZ0420004;9170;0,00000000000000e+00;0,00000000000000;0;2026-09-24
EVL;CZ0623030;3130;;;;2026-09-24
EVL;CZ0210034;7210;;;;2026-09-24
EVL;CZ0214015;8150;;;;2026-09-24
EVL;CZ0214015;8220;;;;2026-09-24
EVL;CZ0214015;9130;4,06615435024258e-02;0,00000000000000;1;2026-09-24
EVL;CZ0214015;9170;6,19875837877109e-01;0,00000000000000;2;2026-09-24
EVL;CZ0214015;9180;1,37531275203405e-02;0,00000000000000;1;2026-09-24
EVL;CZ0214015;91E0;6,03889115154743e-09;0,00000000000000;1;2026-09-24
EVL;CZ0214015;91I0;0,00000000000000e+00;0,00000000000000;0;2026-09-24
EVL;CZ0424127;4030;;;;2026-09-24
EVL;CZ0424127;6230;;;;2026-09-24
EVL;CZ0424127;6430;;;;2026-09-24
EVL;CZ0424127;6520;;;;2026-09-24
EVL;CZ0424127;8220;;;;2026-09-24
EVL;CZ0424127;9110;3,10711454084114e+02;196,77982727028896;403;2026-09-24
EVL;CZ0424127;9130;1,18469706246381e+02;76,58964923115808;149;2026-09-24
EVL;CZ0424127;9180;6,90198200752673e+00;5,67046604018146;8;2026-09-24
EVL;CZ0424127;9410;1,86960774588841e+01;16,09992366498898;16;2026-09-24
EVL;CZ0424127;91D0;1,00791411085195e+01;7,48181895891211;11;2026-09-24
EVL;CZ0424127;91E0;4,86893114993917e+00;2,90414833428352;24;2026-09-24
EVL;CZ0620056;6210;;;;2026-09-24
EVL;CZ0620413;8150;;;;2026-09-24
EVL;CZ0620413;8220;;;;2026-09-24
EVL;CZ0310022;8220;;;;2026-09-24
EVL;CZ0410168;6230;;;;2026-09-24
EVL;CZ0410168;6520;;;;2026-09-24
EVL;CZ0410168;7140;;;;2026-09-24
EVL;CZ0410168;9410;3,24662838823703e+00;0,00000000000000;9;2026-09-24
EVL;CZ0410168;91D0;4,04502838260937e-01;0,00000000000000;5;2026-09-24
EVL;CZ0410176;4030;;;;2026-09-24
EVL;CZ0410176;8220;;;;2026-09-24
EVL;CZ0610003;9130;1,53709647796588e+01;5,81423047779446;23;2026-09-24
EVL;CZ0712225;6210;;;;2026-09-24
EVL;CZ0210029;6210;;;;2026-09-24
EVL;CZ0210008;7230;;;;2026-09-24
EVL;CZ0210008;91F0;0,00000000000000e+00;0,00000000000000;0;2026-09-24
EVL;CZ0523267;6520;;;;2026-09-24
EVL;CZ0523267;91E0;7,74243612174668e-01;0,00000000000000;2;2026-09-24
EVL;CZ0514667;8310;;;;2026-09-24
EVL;CZ0524045;6410;;;;2026-09-24
EVL;CZ0524045;91E0;0,00000000000000e+00;0,00000000000000;0;2026-09-24
EVL;CZ0524045;91F0;0,00000000000000e+00;0,00000000000000;0;2026-09-24
EVL;CZ0520604;8220;;;;2026-09-24
EVL;CZ0520604;9110;1,32094061910364e+01;8,01587519371625;26;2026-09-24
EVL;CZ0520604;9130;1,05703052828532e+00;0,00000000000000;9;2026-09-24
EVL;CZ0520604;9180;8,90586189574515e-01;0,00000000000000;11;2026-09-24
EVL;CZ0310019;3130;;;;2026-09-24
EVL;CZ0310019;3150;;;;2026-09-24
EVL;CZ0610170;3130;;;;2026-09-24
EVL;CZ0610170;6230;;;;2026-09-24
EVL;CZ0610170;7140;;;;2026-09-24
EVL;CZ0624108;6250;;;;2026-09-24
EVL;CZ0214003;5130;;;;2026-09-24
EVL;CZ0214003;6110;;;;2026-09-24
EVL;CZ0214003;6210;;;;2026-09-24
EVL;CZ0214003;8310;;;;2026-09-24
EVL;CZ0214003;9170;1,00819213492768e+00;0,00000000000000;6;2026-09-24
EVL;CZ0314641;6410;;;;2026-09-24
EVL;CZ0314641;6430;;;;2026-09-24
EVL;CZ0314641;6510;;;;2026-09-24
EVL;CZ0314641;7140;;;;2026-09-24
EVL;CZ0314641;91E0;0,00000000000000e+00;0,00000000000000;0;2026-09-24
EVL;CZ0620120;6210;;;;2026-09-24
EVL;CZ0620120;9170;9,32157897091820e-03;0,00000000000000;1;2026-09-24
EVL;CZ0620120;91I0;0,00000000000000e+00;0,00000000000000;0;2026-09-24
EVL;CZ0614057;3130;;;;2026-09-24
EVL;CZ0620076;1340;;;;2026-09-24
EVL;CZ0530504;6230;;;;2026-09-24
EVL;CZ0210153;6190;;;;2026-09-24
EVL;CZ0210153;8220;;;;2026-09-24
EVL;CZ0210153;9170;3,36446856643530e-01;0,00000000000000;3;2026-09-24
EVL;CZ0210153;9180;4,78639567726091e-08;0,00000000000000;1;2026-09-24
EVL;CZ0210153;40A0;;;;2026-09-24
EVL;CZ0610401;9110;4,56953856568816e-05;0,00000000000000;1;2026-09-24
EVL;CZ0610401;9130;1,35319721640903e-03;0,00000000000000;1;2026-09-24
EVL;CZ0520511;6510;;;;2026-09-24
EVL;CZ0520511;9110;1,65560428741428e+00;1,29165613390833;5;2026-09-24
EVL;CZ0520511;9130;0,00000000000000e+00;0,00000000000000;0;2026-09-24
EVL;CZ0520511;91E0;1,49906514334586e-01;0,00000000000000;1;2026-09-24
EVL;CZ0214050;3150;;;;2026-09-24
EVL;CZ0214050;6210;;;;2026-09-24
EVL;CZ0214050;6410;;;;2026-09-24
EVL;CZ0214050;6440;;;;2026-09-24
EVL;CZ0214050;6510;;;;2026-09-24
EVL;CZ0214050;7230;;;;2026-09-24
EVL;CZ0214050;6210p;;;;2026-09-24
EVL;CZ0214050;91H0;0,00000000000000e+00;0,00000000000000;0;2026-09-24
EVL;CZ0214050;91I0;1,19034146869881e+00;0,00000000000000;3;2026-09-24
EVL;CZ0420012;3260;;;;2026-09-24
EVL;CZ0420012;3270;;;;2026-09-24
EVL;CZ0420012;4030;;;;2026-09-24
EVL;CZ0420012;5130;;;;2026-09-24
EVL;CZ0420012;6190;;;;2026-09-24
EVL;CZ0420012;6210;;;;2026-09-24
EVL;CZ0420012;8220;;;;2026-09-24
EVL;CZ0420012;8230;;;;2026-09-24
EVL;CZ0420012;40A0;;;;2026-09-24
EVL;CZ0420012;91E0;2,22019385229396e-06;0,00000000000000;1;2026-09-24
EVL;CZ0210066;6210;;;;2026-09-24
EVL;CZ0810425;3140;;;;2026-09-24
EVL;CZ0530021;3150;;;;2026-09-24
EVL;CZ0530021;7140;;;;2026-09-24
EVL;CZ0530021;9170;9,55270845767227e-01;0,00000000000000;2;2026-09-24
EVL;CZ0530021;9190;0,00000000000000e+00;0,00000000000000;0;2026-09-24
EVL;CZ0210175;9170;1,07835892496566e+01;0,00000000000000;44;2026-09-24
EVL;CZ0210175;9190;1,04766006316134e+01;3,67096929008009;33;2026-09-24
EVL;CZ0210175;91I0;3,53249647491402e-02;0,00000000000000;2;2026-09-24
EVL;CZ0310605;91D0;3,44311183405364e+00;2,99334396807345;2;2026-09-24
EVL;CZ0310163;9110;1,35041594049969e+00;1,02634628749657;5;2026-09-24
EVL;CZ0310163;9130;1,25141980894419e-02;0,00000000000000;1;2026-09-24
EVL;CZ0310163;9410;2,77309286513568e+00;1,08373842646233;8;2026-09-24
