"typ_predmetu_hodnoceni","kod_chu","nazev_chu","druh","feature_code","datum_hodnoceni_od","datum_hodnoceni_do","parametr_nazev","parametr_hodnota","parametr_limit","parametr_jednotka","stav","trend","datum_hodnoceni","oop","pracoviste","poznamka","Poznámka"
"Stanovištì","CZ0414127","Hradištì","Pøirozené eutrofní vodní nádrže s vegetací typu Magnopotamion nebo Hydrocharition","3150","2001-09-09","2024-06-13",128,"28,9072",29.39,"hektary",13,1,"2026-09-18","Krajský úøad Ústeckého kraje, Újezdní úøad Hradištì, Krajský úøad Karlovarského kraje, AOPK ÈR - RP SCHKO Slavkovský les","RP SCHKO Slavkovský les","VMB2",NA
"Stanovištì","CZ0414127","Hradištì","Pøirozené eutrofní vodní nádrže s vegetací typu Magnopotamion nebo Hydrocharition","3150","2001-09-09","2024-06-13",129,"1,8316",1.9,"140",11,1,"2026-09-18","Krajský úøad Ústeckého kraje, Újezdní úøad Hradištì, Krajský úøad Karlovarského kraje, AOPK ÈR - RP SCHKO Slavkovský les","RP SCHKO Slavkovský les","VMB2",NA
"Stanovištì","CZ0414127","Hradištì","Pøirozené eutrofní vodní nádrže s vegetací typu Magnopotamion nebo Hydrocharition","3150","2001-09-09","2024-06-13",132,"2,2068",NA,"140",NA,1,"2026-09-18","Krajský úøad Ústeckého kraje, Újezdní úøad Hradištì, Krajský úøad Karlovarského kraje, AOPK ÈR - RP SCHKO Slavkovský les","RP SCHKO Slavkovský les",NA,NA
"Stanovištì","CZ0414127","Hradištì","Pøirozené eutrofní vodní nádrže s vegetací typu Magnopotamion nebo Hydrocharition","3150","2001-09-09","2024-06-13",162,NA,NA,"140",NA,1,"2026-09-18","Krajský úøad Ústeckého kraje, Újezdní úøad Hradištì, Krajský úøad Karlovarského kraje, AOPK ÈR - RP SCHKO Slavkovský les","RP SCHKO Slavkovský les",NA,NA
"Stanovištì","CZ0414127","Hradištì","Pøirozené eutrofní vodní nádrže s vegetací typu Magnopotamion nebo Hydrocharition","3150","2001-09-09","2024-06-13",136,"10",NA,"druhy èerveného seznamu",NA,1,"2026-09-18","Krajský úøad Ústeckého kraje, Újezdní úøad Hradištì, Krajský úøad Karlovarského kraje, AOPK ÈR - RP SCHKO Slavkovský les","RP SCHKO Slavkovský les",NA,NA
"Stanovištì","CZ0414127","Hradištì","Pøirozené eutrofní vodní nádrže s vegetací typu Magnopotamion nebo Hydrocharition","3150","2001-09-09","2024-06-13",137,"94,6348",NA,"% rozlohy zasažené invazními druhy",NA,1,"2026-09-18","Krajský úøad Ústeckého kraje, Újezdní úøad Hradištì, Krajský úøad Karlovarského kraje, AOPK ÈR - RP SCHKO Slavkovský les","RP SCHKO Slavkovský les",NA,NA
"Stanovištì","CZ0414127","Hradištì","Pøirozené eutrofní vodní nádrže s vegetací typu Magnopotamion nebo Hydrocharition","3150","2001-09-09","2024-06-13",138,"20,1169",NA,"% rozlohy zasažené expanzivními druhy",NA,1,"2026-09-18","Krajský úøad Ústeckého kraje, Újezdní úøad Hradištì, Krajský úøad Karlovarského kraje, AOPK ÈR - RP SCHKO Slavkovský les","RP SCHKO Slavkovský les",NA,NA
"Stanovištì","CZ0414127","Hradištì","Pøirozené eutrofní vodní nádrže s vegetací typu Magnopotamion nebo Hydrocharition","3150","2001-09-09","2024-06-13",133,"100",NA,"% rozlohy v celistvém uspoøádání splòující hodnotu minimiareálu",NA,1,"2026-09-18","Krajský úøad Ústeckého kraje, Újezdní úøad Hradištì, Krajský úøad Karlovarského kraje, AOPK ÈR - RP SCHKO Slavkovský les","RP SCHKO Slavkovský les",NA,NA
"Stanovištì","CZ0414127","Hradištì","Pøirozené eutrofní vodní nádrže s vegetací typu Magnopotamion nebo Hydrocharition","3150","2001-09-09","2024-06-13",135,"86,0285",NA,"% hranice s nepøírodními biotopy",NA,1,"2026-09-18","Krajský úøad Ústeckého kraje, Újezdní úøad Hradištì, Krajský úøad Karlovarského kraje, AOPK ÈR - RP SCHKO Slavkovský les","RP SCHKO Slavkovský les",NA,NA
"Stanovištì","CZ0414127","Hradištì","Pøirozené eutrofní vodní nádrže s vegetací typu Magnopotamion nebo Hydrocharition","3150","2001-09-09","2024-06-13",134,"98,4461",NA,"zastoupení nepøírodních biotopù v segmentech stanovištì",NA,1,"2026-09-18","Krajský úøad Ústeckého kraje, Újezdní úøad Hradištì, Krajský úøad Karlovarského kraje, AOPK ÈR - RP SCHKO Slavkovský les","RP SCHKO Slavkovský les",NA,NA
"Stanovištì","CZ0414127","Hradištì","Kontinentální opadavé køoviny","40A0","2001-09-08","2022-06-28",128,"6,3558",0.4,"hektary",11,1,"2026-09-18","Krajský úøad Ústeckého kraje, Újezdní úøad Hradištì, Krajský úøad Karlovarského kraje, AOPK ÈR - RP SCHKO Slavkovský les","RP SCHKO Slavkovský les","SDF",NA
"Stanovištì","CZ0414127","Hradištì","Kontinentální opadavé køoviny","40A0","2001-09-08","2022-06-28",129,"2,9249",2,"140",13,1,"2026-09-18","Krajský úøad Ústeckého kraje, Újezdní úøad Hradištì, Krajský úøad Karlovarského kraje, AOPK ÈR - RP SCHKO Slavkovský les","RP SCHKO Slavkovský les","MINIMI",NA
"Stanovištì","CZ0414127","Hradištì","Kontinentální opadavé køoviny","40A0","2001-09-08","2022-06-28",132,"1,9999",NA,"140",NA,1,"2026-09-18","Krajský úøad Ústeckého kraje, Újezdní úøad Hradištì, Krajský úøad Karlovarského kraje, AOPK ÈR - RP SCHKO Slavkovský les","RP SCHKO Slavkovský les",NA,NA
"Stanovištì","CZ0414127","Hradištì","Kontinentální opadavé køoviny","40A0","2001-09-08","2022-06-28",162,NA,NA,"140",NA,1,"2026-09-18","Krajský úøad Ústeckého kraje, Újezdní úøad Hradištì, Krajský úøad Karlovarského kraje, AOPK ÈR - RP SCHKO Slavkovský les","RP SCHKO Slavkovský les",NA,NA
"Stanovištì","CZ0414127","Hradištì","Kontinentální opadavé køoviny","40A0","2001-09-08","2022-06-28",136,"2,8934",NA,"druhy èerveného seznamu",NA,1,"2026-09-18","Krajský úøad Ústeckého kraje, Újezdní úøad Hradištì, Krajský úøad Karlovarského kraje, AOPK ÈR - RP SCHKO Slavkovský les","RP SCHKO Slavkovský les",NA,NA
"Stanovištì","CZ0414127","Hradištì","Kontinentální opadavé køoviny","40A0","2001-09-08","2022-06-28",137,"99,9767",NA,"% rozlohy zasažené invazními druhy",NA,1,"2026-09-18","Krajský úøad Ústeckého kraje, Újezdní úøad Hradištì, Krajský úøad Karlovarského kraje, AOPK ÈR - RP SCHKO Slavkovský les","RP SCHKO Slavkovský les",NA,NA
"Stanovištì","CZ0414127","Hradištì","Kontinentální opadavé køoviny","40A0","2001-09-08","2022-06-28",138,"0,6895",NA,"% rozlohy zasažené expanzivními druhy",NA,1,"2026-09-18","Krajský úøad Ústeckého kraje, Újezdní úøad Hradištì, Krajský úøad Karlovarského kraje, AOPK ÈR - RP SCHKO Slavkovský les","RP SCHKO Slavkovský les",NA,NA
"Stanovištì","CZ0414127","Hradištì","Kontinentální opadavé køoviny","40A0","2001-09-08","2022-06-28",133,"100",NA,"% rozlohy v celistvém uspoøádání splòující hodnotu minimiareálu",NA,1,"2026-09-18","Krajský úøad Ústeckého kraje, Újezdní úøad Hradištì, Krajský úøad Karlovarského kraje, AOPK ÈR - RP SCHKO Slavkovský les","RP SCHKO Slavkovský les",NA,NA
"Stanovištì","CZ0414127","Hradištì","Kontinentální opadavé køoviny","40A0","2001-09-08","2022-06-28",135,"79,4659",NA,"% hranice s nepøírodními biotopy",NA,1,"2026-09-18","Krajský úøad Ústeckého kraje, Újezdní úøad Hradištì, Krajský úøad Karlovarského kraje, AOPK ÈR - RP SCHKO Slavkovský les","RP SCHKO Slavkovský les",NA,NA
"Stanovištì","CZ0414127","Hradištì","Kontinentální opadavé køoviny","40A0","2001-09-08","2022-06-28",134,"100",NA,"zastoupení nepøírodních biotopù v segmentech stanovištì",NA,1,"2026-09-18","Krajský úøad Ústeckého kraje, Újezdní úøad Hradištì, Krajský úøad Karlovarského kraje, AOPK ÈR - RP SCHKO Slavkovský les","RP SCHKO Slavkovský les",NA,NA
"Stanovištì","CZ0414127","Hradištì","Formace jalovce obecného (Juniperus communis) na vøesovištích nebo vápnitých trávnících","5130","2001-05-06","2002-12-31",128,"1,6125",9.61,"hektary",13,1,"2026-09-18","Krajský úøad Ústeckého kraje, Újezdní úøad Hradištì, Krajský úøad Karlovarského kraje, AOPK ÈR - RP SCHKO Slavkovský les","RP SCHKO Slavkovský les","SDF",NA
"Stanovištì","CZ0414127","Hradištì","Formace jalovce obecného (Juniperus communis) na vøesovištích nebo vápnitých trávnících","5130","2001-05-06","2002-12-31",129,"4",2,"140",13,1,"2026-09-18","Krajský úøad Ústeckého kraje, Újezdní úøad Hradištì, Krajský úøad Karlovarského kraje, AOPK ÈR - RP SCHKO Slavkovský les","RP SCHKO Slavkovský les","MINIMI",NA
"Stanovištì","CZ0414127","Hradištì","Formace jalovce obecného (Juniperus communis) na vøesovištích nebo vápnitých trávnících","5130","2001-05-06","2002-12-31",132,"3",NA,"140",NA,1,"2026-09-18","Krajský úøad Ústeckého kraje, Újezdní úøad Hradištì, Krajský úøad Karlovarského kraje, AOPK ÈR - RP SCHKO Slavkovský les","RP SCHKO Slavkovský les",NA,NA
"Stanovištì","CZ0414127","Hradištì","Formace jalovce obecného (Juniperus communis) na vøesovištích nebo vápnitých trávnících","5130","2001-05-06","2002-12-31",162,NA,NA,"140",NA,1,"2026-09-18","Krajský úøad Ústeckého kraje, Újezdní úøad Hradištì, Krajský úøad Karlovarského kraje, AOPK ÈR - RP SCHKO Slavkovský les","RP SCHKO Slavkovský les",NA,NA
"Stanovištì","CZ0414127","Hradištì","Formace jalovce obecného (Juniperus communis) na vøesovištích nebo vápnitých trávnících","5130","2001-05-06","2002-12-31",136,"0",NA,"druhy èerveného seznamu",NA,1,"2026-09-18","Krajský úøad Ústeckého kraje, Újezdní úøad Hradištì, Krajský úøad Karlovarského kraje, AOPK ÈR - RP SCHKO Slavkovský les","RP SCHKO Slavkovský les",NA,NA
"Stanovištì","CZ0414127","Hradištì","Formace jalovce obecného (Juniperus communis) na vøesovištích nebo vápnitých trávnících","5130","2001-05-06","2002-12-31",137,"0",NA,"% rozlohy zasažené invazními druhy",NA,1,"2026-09-18","Krajský úøad Ústeckého kraje, Újezdní úøad Hradištì, Krajský úøad Karlovarského kraje, AOPK ÈR - RP SCHKO Slavkovský les","RP SCHKO Slavkovský les",NA,NA
"Stanovištì","CZ0414127","Hradištì","Formace jalovce obecného (Juniperus communis) na vøesovištích nebo vápnitých trávnících","5130","2001-05-06","2002-12-31",138,"0",NA,"% rozlohy zasažené expanzivními druhy",NA,1,"2026-09-18","Krajský úøad Ústeckého kraje, Újezdní úøad Hradištì, Krajský úøad Karlovarského kraje, AOPK ÈR - RP SCHKO Slavkovský les","RP SCHKO Slavkovský les",NA,NA
"Stanovištì","CZ0414127","Hradištì","Formace jalovce obecného (Juniperus communis) na vøesovištích nebo vápnitých trávnících","5130","2001-05-06","2002-12-31",133,"100",NA,"% rozlohy v celistvém uspoøádání splòující hodnotu minimiareálu",NA,1,"2026-09-18","Krajský úøad Ústeckého kraje, Újezdní úøad Hradištì, Krajský úøad Karlovarského kraje, AOPK ÈR - RP SCHKO Slavkovský les","RP SCHKO Slavkovský les",NA,NA
"Stanovištì","CZ0414127","Hradištì","Formace jalovce obecného (Juniperus communis) na vøesovištích nebo vápnitých trávnících","5130","2001-05-06","2002-12-31",135,"91,5266",NA,"% hranice s nepøírodními biotopy",NA,1,"2026-09-18","Krajský úøad Ústeckého kraje, Újezdní úøad Hradištì, Krajský úøad Karlovarského kraje, AOPK ÈR - RP SCHKO Slavkovský les","RP SCHKO Slavkovský les",NA,NA
"Stanovištì","CZ0414127","Hradištì","Formace jalovce obecného (Juniperus communis) na vøesovištích nebo vápnitých trávnících","5130","2001-05-06","2002-12-31",134,"100",NA,"zastoupení nepøírodních biotopù v segmentech stanovištì",NA,1,"2026-09-18","Krajský úøad Ústeckého kraje, Újezdní úøad Hradištì, Krajský úøad Karlovarského kraje, AOPK ÈR - RP SCHKO Slavkovský les","RP SCHKO Slavkovský les",NA,NA
"Stanovištì","CZ0414127","Hradištì","Polopøirozené suché trávníky a facie køovin na vápnitých podložích (Festuco-Brometalia)","6210","2001-05-06","2024-07-02",128,"1849,3162",2151.98,"hektary",13,1,"2026-09-18","Krajský úøad Ústeckého kraje, Újezdní úøad Hradištì, Krajský úøad Karlovarského kraje, AOPK ÈR - RP SCHKO Slavkovský les","RP SCHKO Slavkovský les","SDF",NA
"Stanovištì","CZ0414127","Hradištì","Polopøirozené suché trávníky a facie køovin na vápnitých podložích (Festuco-Brometalia)","6210","2001-05-06","2024-07-02",129,"2,4146",2,"140",13,1,"2026-09-18","Krajský úøad Ústeckého kraje, Újezdní úøad Hradištì, Krajský úøad Karlovarského kraje, AOPK ÈR - RP SCHKO Slavkovský les","RP SCHKO Slavkovský les","MINIMI",NA
"Stanovištì","CZ0414127","Hradištì","Polopøirozené suché trávníky a facie køovin na vápnitých podložích (Festuco-Brometalia)","6210","2001-05-06","2024-07-02",132,"2,2326",NA,"140",NA,1,"2026-09-18","Krajský úøad Ústeckého kraje, Újezdní úøad Hradištì, Krajský úøad Karlovarského kraje, AOPK ÈR - RP SCHKO Slavkovský les","RP SCHKO Slavkovský les",NA,NA
"Stanovištì","CZ0414127","Hradištì","Polopøirozené suché trávníky a facie køovin na vápnitých podložích (Festuco-Brometalia)","6210","2001-05-06","2024-07-02",162,NA,NA,"140",NA,1,"2026-09-18","Krajský úøad Ústeckého kraje, Újezdní úøad Hradištì, Krajský úøad Karlovarského kraje, AOPK ÈR - RP SCHKO Slavkovský les","RP SCHKO Slavkovský les",NA,NA
"Stanovištì","CZ0414127","Hradištì","Polopøirozené suché trávníky a facie køovin na vápnitých podložích (Festuco-Brometalia)","6210","2001-05-06","2024-07-02",136,"10",NA,"druhy èerveného seznamu",NA,1,"2026-09-18","Krajský úøad Ústeckého kraje, Újezdní úøad Hradištì, Krajský úøad Karlovarského kraje, AOPK ÈR - RP SCHKO Slavkovský les","RP SCHKO Slavkovský les",NA,NA
"Stanovištì","CZ0414127","Hradištì","Polopøirozené suché trávníky a facie køovin na vápnitých podložích (Festuco-Brometalia)","6210","2001-05-06","2024-07-02",137,"77,2416",NA,"% rozlohy zasažené invazními druhy",NA,1,"2026-09-18","Krajský úøad Ústeckého kraje, Újezdní úøad Hradištì, Krajský úøad Karlovarského kraje, AOPK ÈR - RP SCHKO Slavkovský les","RP SCHKO Slavkovský les",NA,NA
"Stanovištì","CZ0414127","Hradištì","Polopøirozené suché trávníky a facie køovin na vápnitých podložích (Festuco-Brometalia)","6210","2001-05-06","2024-07-02",138,"46,2191",NA,"% rozlohy zasažené expanzivními druhy",NA,1,"2026-09-18","Krajský úøad Ústeckého kraje, Újezdní úøad Hradištì, Krajský úøad Karlovarského kraje, AOPK ÈR - RP SCHKO Slavkovský les","RP SCHKO Slavkovský les",NA,NA
"Stanovištì","CZ0414127","Hradištì","Polopøirozené suché trávníky a facie køovin na vápnitých podložích (Festuco-Brometalia)","6210","2001-05-06","2024-07-02",133,"99,2271",NA,"% rozlohy v celistvém uspoøádání splòující hodnotu minimiareálu",NA,1,"2026-09-18","Krajský úøad Ústeckého kraje, Újezdní úøad Hradištì, Krajský úøad Karlovarského kraje, AOPK ÈR - RP SCHKO Slavkovský les","RP SCHKO Slavkovský les",NA,NA
"Stanovištì","CZ0414127","Hradištì","Polopøirozené suché trávníky a facie køovin na vápnitých podložích (Festuco-Brometalia)","6210","2001-05-06","2024-07-02",135,"84,8285",NA,"% hranice s nepøírodními biotopy",NA,1,"2026-09-18","Krajský úøad Ústeckého kraje, Újezdní úøad Hradištì, Krajský úøad Karlovarského kraje, AOPK ÈR - RP SCHKO Slavkovský les","RP SCHKO Slavkovský les",NA,NA
"Stanovištì","CZ0414127","Hradištì","Polopøirozené suché trávníky a facie køovin na vápnitých podložích (Festuco-Brometalia)","6210","2001-05-06","2024-07-02",134,"93,8961",NA,"zastoupení nepøírodních biotopù v segmentech stanovištì",NA,1,"2026-09-18","Krajský úøad Ústeckého kraje, Újezdní úøad Hradištì, Krajský úøad Karlovarského kraje, AOPK ÈR - RP SCHKO Slavkovský les","RP SCHKO Slavkovský les",NA,NA
"Stanovištì","CZ0414127","Hradištì","Druhovì bohaté smilkové louky na silikátových podložích v horských oblastech (a v kontinentální Evropì v podhorských oblastech)","6230","2010-06-29","2012-05-15",128,"6,6478",9.02,"hektary",13,1,"2026-09-18","Krajský úøad Ústeckého kraje, Újezdní úøad Hradištì, Krajský úøad Karlovarského kraje, AOPK ÈR - RP SCHKO Slavkovský les","RP SCHKO Slavkovský les","SDF",NA
"Stanovištì","CZ0414127","Hradištì","Druhovì bohaté smilkové louky na silikátových podložích v horských oblastech (a v kontinentální Evropì v podhorských oblastech)","6230","2010-06-29","2012-05-15",129,"2",2,"140",11,1,"2026-09-18","Krajský úøad Ústeckého kraje, Újezdní úøad Hradištì, Krajský úøad Karlovarského kraje, AOPK ÈR - RP SCHKO Slavkovský les","RP SCHKO Slavkovský les","VMB2",NA
"Stanovištì","CZ0414127","Hradištì","Druhovì bohaté smilkové louky na silikátových podložích v horských oblastech (a v kontinentální Evropì v podhorských oblastech)","6230","2010-06-29","2012-05-15",132,"2",NA,"140",NA,1,"2026-09-18","Krajský úøad Ústeckého kraje, Újezdní úøad Hradištì, Krajský úøad Karlovarského kraje, AOPK ÈR - RP SCHKO Slavkovský les","RP SCHKO Slavkovský les",NA,NA
"Stanovištì","CZ0414127","Hradištì","Druhovì bohaté smilkové louky na silikátových podložích v horských oblastech (a v kontinentální Evropì v podhorských oblastech)","6230","2010-06-29","2012-05-15",162,NA,NA,"140",NA,1,"2026-09-18","Krajský úøad Ústeckého kraje, Újezdní úøad Hradištì, Krajský úøad Karlovarského kraje, AOPK ÈR - RP SCHKO Slavkovský les","RP SCHKO Slavkovský les",NA,NA
"Stanovištì","CZ0414127","Hradištì","Druhovì bohaté smilkové louky na silikátových podložích v horských oblastech (a v kontinentální Evropì v podhorských oblastech)","6230","2010-06-29","2012-05-15",136,"7,2042",NA,"druhy èerveného seznamu",NA,1,"2026-09-18","Krajský úøad Ústeckého kraje, Újezdní úøad Hradištì, Krajský úøad Karlovarského kraje, AOPK ÈR - RP SCHKO Slavkovský les","RP SCHKO Slavkovský les",NA,NA
"Stanovištì","CZ0414127","Hradištì","Druhovì bohaté smilkové louky na silikátových podložích v horských oblastech (a v kontinentální Evropì v podhorských oblastech)","6230","2010-06-29","2012-05-15",137,"63,6768",NA,"% rozlohy zasažené invazními druhy",NA,1,"2026-09-18","Krajský úøad Ústeckého kraje, Újezdní úøad Hradištì, Krajský úøad Karlovarského kraje, AOPK ÈR - RP SCHKO Slavkovský les","RP SCHKO Slavkovský les",NA,NA
"Stanovištì","CZ0414127","Hradištì","Druhovì bohaté smilkové louky na silikátových podložích v horských oblastech (a v kontinentální Evropì v podhorských oblastech)","6230","2010-06-29","2012-05-15",138,"62,0049",NA,"% rozlohy zasažené expanzivními druhy",NA,1,"2026-09-18","Krajský úøad Ústeckého kraje, Újezdní úøad Hradištì, Krajský úøad Karlovarského kraje, AOPK ÈR - RP SCHKO Slavkovský les","RP SCHKO Slavkovský les",NA,NA
"Stanovištì","CZ0414127","Hradištì","Druhovì bohaté smilkové louky na silikátových podložích v horských oblastech (a v kontinentální Evropì v podhorských oblastech)","6230","2010-06-29","2012-05-15",133,"100",NA,"% rozlohy v celistvém uspoøádání splòující hodnotu minimiareálu",NA,1,"2026-09-18","Krajský úøad Ústeckého kraje, Újezdní úøad Hradištì, Krajský úøad Karlovarského kraje, AOPK ÈR - RP SCHKO Slavkovský les","RP SCHKO Slavkovský les",NA,NA
"Stanovištì","CZ0414127","Hradištì","Druhovì bohaté smilkové louky na silikátových podložích v horských oblastech (a v kontinentální Evropì v podhorských oblastech)","6230","2010-06-29","2012-05-15",135,"76,6824",NA,"% hranice s nepøírodními biotopy",NA,1,"2026-09-18","Krajský úøad Ústeckého kraje, Újezdní úøad Hradištì, Krajský úøad Karlovarského kraje, AOPK ÈR - RP SCHKO Slavkovský les","RP SCHKO Slavkovský les",NA,NA
"Stanovištì","CZ0414127","Hradištì","Druhovì bohaté smilkové louky na silikátových podložích v horských oblastech (a v kontinentální Evropì v podhorských oblastech)","6230","2010-06-29","2012-05-15",134,"100",NA,"zastoupení nepøírodních biotopù v segmentech stanovištì",NA,1,"2026-09-18","Krajský úøad Ústeckého kraje, Újezdní úøad Hradištì, Krajský úøad Karlovarského kraje, AOPK ÈR - RP SCHKO Slavkovský les","RP SCHKO Slavkovský les",NA,NA
"Stanovištì","CZ0414127","Hradištì","Vlhkomilná vysokobylinná lemová spoleèenstva nížin a horského až alpínského stupnì","6430","2001-05-06","2024-06-17",128,"460,558",530.96,"hektary",13,1,"2026-09-18","Krajský úøad Ústeckého kraje, Újezdní úøad Hradištì, Krajský úøad Karlovarského kraje, AOPK ÈR - RP SCHKO Slavkovský les","RP SCHKO Slavkovský les","SDF",NA
"Stanovištì","CZ0414127","Hradištì","Vlhkomilná vysokobylinná lemová spoleèenstva nížin a horského až alpínského stupnì","6430","2001-05-06","2024-06-17",129,"2,504",2,"140",13,1,"2026-09-18","Krajský úøad Ústeckého kraje, Újezdní úøad Hradištì, Krajský úøad Karlovarského kraje, AOPK ÈR - RP SCHKO Slavkovský les","RP SCHKO Slavkovský les","MINIMI",NA
"Stanovištì","CZ0414127","Hradištì","Vlhkomilná vysokobylinná lemová spoleèenstva nížin a horského až alpínského stupnì","6430","2001-05-06","2024-06-17",132,"2,0088",NA,"140",NA,1,"2026-09-18","Krajský úøad Ústeckého kraje, Újezdní úøad Hradištì, Krajský úøad Karlovarského kraje, AOPK ÈR - RP SCHKO Slavkovský les","RP SCHKO Slavkovský les",NA,NA
"Stanovištì","CZ0414127","Hradištì","Vlhkomilná vysokobylinná lemová spoleèenstva nížin a horského až alpínského stupnì","6430","2001-05-06","2024-06-17",162,NA,NA,"140",NA,1,"2026-09-18","Krajský úøad Ústeckého kraje, Újezdní úøad Hradištì, Krajský úøad Karlovarského kraje, AOPK ÈR - RP SCHKO Slavkovský les","RP SCHKO Slavkovský les",NA,NA
"Stanovištì","CZ0414127","Hradištì","Vlhkomilná vysokobylinná lemová spoleèenstva nížin a horského až alpínského stupnì","6430","2001-05-06","2024-06-17",136,"10",NA,"druhy èerveného seznamu",NA,1,"2026-09-18","Krajský úøad Ústeckého kraje, Újezdní úøad Hradištì, Krajský úøad Karlovarského kraje, AOPK ÈR - RP SCHKO Slavkovský les","RP SCHKO Slavkovský les",NA,NA
"Stanovištì","CZ0414127","Hradištì","Vlhkomilná vysokobylinná lemová spoleèenstva nížin a horského až alpínského stupnì","6430","2001-05-06","2024-06-17",137,"79,8499",NA,"% rozlohy zasažené invazními druhy",NA,1,"2026-09-18","Krajský úøad Ústeckého kraje, Újezdní úøad Hradištì, Krajský úøad Karlovarského kraje, AOPK ÈR - RP SCHKO Slavkovský les","RP SCHKO Slavkovský les",NA,NA
"Stanovištì","CZ0414127","Hradištì","Vlhkomilná vysokobylinná lemová spoleèenstva nížin a horského až alpínského stupnì","6430","2001-05-06","2024-06-17",138,"57,3205",NA,"% rozlohy zasažené expanzivními druhy",NA,1,"2026-09-18","Krajský úøad Ústeckého kraje, Újezdní úøad Hradištì, Krajský úøad Karlovarského kraje, AOPK ÈR - RP SCHKO Slavkovský les","RP SCHKO Slavkovský les",NA,NA
"Stanovištì","CZ0414127","Hradištì","Vlhkomilná vysokobylinná lemová spoleèenstva nížin a horského až alpínského stupnì","6430","2001-05-06","2024-06-17",133,"97,2757",NA,"% rozlohy v celistvém uspoøádání splòující hodnotu minimiareálu",NA,1,"2026-09-18","Krajský úøad Ústeckého kraje, Újezdní úøad Hradištì, Krajský úøad Karlovarského kraje, AOPK ÈR - RP SCHKO Slavkovský les","RP SCHKO Slavkovský les",NA,NA
"Stanovištì","CZ0414127","Hradištì","Vlhkomilná vysokobylinná lemová spoleèenstva nížin a horského až alpínského stupnì","6430","2001-05-06","2024-06-17",135,"87,6182",NA,"% hranice s nepøírodními biotopy",NA,1,"2026-09-18","Krajský úøad Ústeckého kraje, Újezdní úøad Hradištì, Krajský úøad Karlovarského kraje, AOPK ÈR - RP SCHKO Slavkovský les","RP SCHKO Slavkovský les",NA,NA
"Stanovištì","CZ0414127","Hradištì","Vlhkomilná vysokobylinná lemová spoleèenstva nížin a horského až alpínského stupnì","6430","2001-05-06","2024-06-17",134,"78,123",NA,"zastoupení nepøírodních biotopù v segmentech stanovištì",NA,1,"2026-09-18","Krajský úøad Ústeckého kraje, Újezdní úøad Hradištì, Krajský úøad Karlovarského kraje, AOPK ÈR - RP SCHKO Slavkovský les","RP SCHKO Slavkovský les",NA,NA
"Stanovištì","CZ0414127","Hradištì","Extenzivní seèené louky nížin až podhùøí (Arrhenatherion, Brachypodio-Centaureion nemoralis)","6510","2001-05-06","2024-07-02",128,"6912,2468",6988.37,"hektary",13,1,"2026-09-18","Krajský úøad Ústeckého kraje, Újezdní úøad Hradištì, Krajský úøad Karlovarského kraje, AOPK ÈR - RP SCHKO Slavkovský les","RP SCHKO Slavkovský les","VMB2",NA
"Stanovištì","CZ0414127","Hradištì","Extenzivní seèené louky nížin až podhùøí (Arrhenatherion, Brachypodio-Centaureion nemoralis)","6510","2001-05-06","2024-07-02",129,"2,5647",2,"140",13,1,"2026-09-18","Krajský úøad Ústeckého kraje, Újezdní úøad Hradištì, Krajský úøad Karlovarského kraje, AOPK ÈR - RP SCHKO Slavkovský les","RP SCHKO Slavkovský les","MINIMI",NA
"Stanovištì","CZ0414127","Hradištì","Extenzivní seèené louky nížin až podhùøí (Arrhenatherion, Brachypodio-Centaureion nemoralis)","6510","2001-05-06","2024-07-02",132,"2,2267",NA,"140",NA,1,"2026-09-18","Krajský úøad Ústeckého kraje, Újezdní úøad Hradištì, Krajský úøad Karlovarského kraje, AOPK ÈR - RP SCHKO Slavkovský les","RP SCHKO Slavkovský les",NA,NA
"Stanovištì","CZ0414127","Hradištì","Extenzivní seèené louky nížin až podhùøí (Arrhenatherion, Brachypodio-Centaureion nemoralis)","6510","2001-05-06","2024-07-02",162,NA,NA,"140",NA,1,"2026-09-18","Krajský úøad Ústeckého kraje, Újezdní úøad Hradištì, Krajský úøad Karlovarského kraje, AOPK ÈR - RP SCHKO Slavkovský les","RP SCHKO Slavkovský les",NA,NA
"Stanovištì","CZ0414127","Hradištì","Extenzivní seèené louky nížin až podhùøí (Arrhenatherion, Brachypodio-Centaureion nemoralis)","6510","2001-05-06","2024-07-02",136,"10",NA,"druhy èerveného seznamu",NA,1,"2026-09-18","Krajský úøad Ústeckého kraje, Újezdní úøad Hradištì, Krajský úøad Karlovarského kraje, AOPK ÈR - RP SCHKO Slavkovský les","RP SCHKO Slavkovský les",NA,NA
"Stanovištì","CZ0414127","Hradištì","Extenzivní seèené louky nížin až podhùøí (Arrhenatherion, Brachypodio-Centaureion nemoralis)","6510","2001-05-06","2024-07-02",137,"73,693",NA,"% rozlohy zasažené invazními druhy",NA,1,"2026-09-18","Krajský úøad Ústeckého kraje, Újezdní úøad Hradištì, Krajský úøad Karlovarského kraje, AOPK ÈR - RP SCHKO Slavkovský les","RP SCHKO Slavkovský les",NA,NA
"Stanovištì","CZ0414127","Hradištì","Extenzivní seèené louky nížin až podhùøí (Arrhenatherion, Brachypodio-Centaureion nemoralis)","6510","2001-05-06","2024-07-02",138,"44,5622",NA,"% rozlohy zasažené expanzivními druhy",NA,1,"2026-09-18","Krajský úøad Ústeckého kraje, Újezdní úøad Hradištì, Krajský úøad Karlovarského kraje, AOPK ÈR - RP SCHKO Slavkovský les","RP SCHKO Slavkovský les",NA,NA
"Stanovištì","CZ0414127","Hradištì","Extenzivní seèené louky nížin až podhùøí (Arrhenatherion, Brachypodio-Centaureion nemoralis)","6510","2001-05-06","2024-07-02",133,"93,6446",NA,"% rozlohy v celistvém uspoøádání splòující hodnotu minimiareálu",NA,1,"2026-09-18","Krajský úøad Ústeckého kraje, Újezdní úøad Hradištì, Krajský úøad Karlovarského kraje, AOPK ÈR - RP SCHKO Slavkovský les","RP SCHKO Slavkovský les",NA,NA
"Stanovištì","CZ0414127","Hradištì","Extenzivní seèené louky nížin až podhùøí (Arrhenatherion, Brachypodio-Centaureion nemoralis)","6510","2001-05-06","2024-07-02",135,"80,0082",NA,"% hranice s nepøírodními biotopy",NA,1,"2026-09-18","Krajský úøad Ústeckého kraje, Újezdní úøad Hradištì, Krajský úøad Karlovarského kraje, AOPK ÈR - RP SCHKO Slavkovský les","RP SCHKO Slavkovský les",NA,NA
"Stanovištì","CZ0414127","Hradištì","Extenzivní seèené louky nížin až podhùøí (Arrhenatherion, Brachypodio-Centaureion nemoralis)","6510","2001-05-06","2024-07-02",134,"94,102",NA,"zastoupení nepøírodních biotopù v segmentech stanovištì",NA,1,"2026-09-18","Krajský úøad Ústeckého kraje, Újezdní úøad Hradištì, Krajský úøad Karlovarského kraje, AOPK ÈR - RP SCHKO Slavkovský les","RP SCHKO Slavkovský les",NA,NA
"Stanovištì","CZ0414127","Hradištì","Pionýrská vegetace silikátových skal (Sedo-Scleranthion, Sedo albi-Veronicion dillenii)","8230","2001-08-26","2024-05-31",128,"4,3672",24.81,"hektary",13,1,"2026-09-18","Krajský úøad Ústeckého kraje, Újezdní úøad Hradištì, Krajský úøad Karlovarského kraje, AOPK ÈR - RP SCHKO Slavkovský les","RP SCHKO Slavkovský les","SDF",NA
"Stanovištì","CZ0414127","Hradištì","Pionýrská vegetace silikátových skal (Sedo-Scleranthion, Sedo albi-Veronicion dillenii)","8230","2001-08-26","2024-05-31",129,"2,1845",2,"140",13,1,"2026-09-18","Krajský úøad Ústeckého kraje, Újezdní úøad Hradištì, Krajský úøad Karlovarského kraje, AOPK ÈR - RP SCHKO Slavkovský les","RP SCHKO Slavkovský les","MINIMI",NA
"Stanovištì","CZ0414127","Hradištì","Pionýrská vegetace silikátových skal (Sedo-Scleranthion, Sedo albi-Veronicion dillenii)","8230","2001-08-26","2024-05-31",132,"2,3181",NA,"140",NA,1,"2026-09-18","Krajský úøad Ústeckého kraje, Újezdní úøad Hradištì, Krajský úøad Karlovarského kraje, AOPK ÈR - RP SCHKO Slavkovský les","RP SCHKO Slavkovský les",NA,NA
"Stanovištì","CZ0414127","Hradištì","Pionýrská vegetace silikátových skal (Sedo-Scleranthion, Sedo albi-Veronicion dillenii)","8230","2001-08-26","2024-05-31",162,NA,NA,"140",NA,1,"2026-09-18","Krajský úøad Ústeckého kraje, Újezdní úøad Hradištì, Krajský úøad Karlovarského kraje, AOPK ÈR - RP SCHKO Slavkovský les","RP SCHKO Slavkovský les",NA,NA
"Stanovištì","CZ0414127","Hradištì","Pionýrská vegetace silikátových skal (Sedo-Scleranthion, Sedo albi-Veronicion dillenii)","8230","2001-08-26","2024-05-31",136,"10",NA,"druhy èerveného seznamu",NA,1,"2026-09-18","Krajský úøad Ústeckého kraje, Újezdní úøad Hradištì, Krajský úøad Karlovarského kraje, AOPK ÈR - RP SCHKO Slavkovský les","RP SCHKO Slavkovský les",NA,NA
"Stanovištì","CZ0414127","Hradištì","Pionýrská vegetace silikátových skal (Sedo-Scleranthion, Sedo albi-Veronicion dillenii)","8230","2001-08-26","2024-05-31",137,"84,015",NA,"% rozlohy zasažené invazními druhy",NA,1,"2026-09-18","Krajský úøad Ústeckého kraje, Újezdní úøad Hradištì, Krajský úøad Karlovarského kraje, AOPK ÈR - RP SCHKO Slavkovský les","RP SCHKO Slavkovský les",NA,NA
"Stanovištì","CZ0414127","Hradištì","Pionýrská vegetace silikátových skal (Sedo-Scleranthion, Sedo albi-Veronicion dillenii)","8230","2001-08-26","2024-05-31",138,"8,0723",NA,"% rozlohy zasažené expanzivními druhy",NA,1,"2026-09-18","Krajský úøad Ústeckého kraje, Újezdní úøad Hradištì, Krajský úøad Karlovarského kraje, AOPK ÈR - RP SCHKO Slavkovský les","RP SCHKO Slavkovský les",NA,NA
"Stanovištì","CZ0414127","Hradištì","Pionýrská vegetace silikátových skal (Sedo-Scleranthion, Sedo albi-Veronicion dillenii)","8230","2001-08-26","2024-05-31",133,"100",NA,"% rozlohy v celistvém uspoøádání splòující hodnotu minimiareálu",NA,1,"2026-09-18","Krajský úøad Ústeckého kraje, Újezdní úøad Hradištì, Krajský úøad Karlovarského kraje, AOPK ÈR - RP SCHKO Slavkovský les","RP SCHKO Slavkovský les",NA,NA
"Stanovištì","CZ0414127","Hradištì","Pionýrská vegetace silikátových skal (Sedo-Scleranthion, Sedo albi-Veronicion dillenii)","8230","2001-08-26","2024-05-31",135,"98,4312",NA,"% hranice s nepøírodními biotopy",NA,1,"2026-09-18","Krajský úøad Ústeckého kraje, Újezdní úøad Hradištì, Krajský úøad Karlovarského kraje, AOPK ÈR - RP SCHKO Slavkovský les","RP SCHKO Slavkovský les",NA,NA
"Stanovištì","CZ0414127","Hradištì","Pionýrská vegetace silikátových skal (Sedo-Scleranthion, Sedo albi-Veronicion dillenii)","8230","2001-08-26","2024-05-31",134,"87,6411",NA,"zastoupení nepøírodních biotopù v segmentech stanovištì",NA,1,"2026-09-18","Krajský úøad Ústeckého kraje, Újezdní úøad Hradištì, Krajský úøad Karlovarského kraje, AOPK ÈR - RP SCHKO Slavkovský les","RP SCHKO Slavkovský les",NA,NA
"Stanovištì","CZ0414127","Hradištì","Jeskynì nepøístupné veøejnosti","8310","2017-04-02","2017-05-07",128,"0,0083",NA,"hektary",8,1,"2026-09-18","Krajský úøad Ústeckého kraje, Újezdní úøad Hradištì, Krajský úøad Karlovarského kraje, AOPK ÈR - RP SCHKO Slavkovský les","RP SCHKO Slavkovský les",NA,NA
"Stanovištì","CZ0414127","Hradištì","Jeskynì nepøístupné veøejnosti","8310","2017-04-02","2017-05-07",129,"2",NA,"140",8,1,"2026-09-18","Krajský úøad Ústeckého kraje, Újezdní úøad Hradištì, Krajský úøad Karlovarského kraje, AOPK ÈR - RP SCHKO Slavkovský les","RP SCHKO Slavkovský les",NA,NA
"Stanovištì","CZ0414127","Hradištì","Jeskynì nepøístupné veøejnosti","8310","2017-04-02","2017-05-07",132,"3",NA,"140",NA,1,"2026-09-18","Krajský úøad Ústeckého kraje, Újezdní úøad Hradištì, Krajský úøad Karlovarského kraje, AOPK ÈR - RP SCHKO Slavkovský les","RP SCHKO Slavkovský les",NA,NA
"Stanovištì","CZ0414127","Hradištì","Jeskynì nepøístupné veøejnosti","8310","2017-04-02","2017-05-07",162,NA,NA,"140",NA,1,"2026-09-18","Krajský úøad Ústeckého kraje, Újezdní úøad Hradištì, Krajský úøad Karlovarského kraje, AOPK ÈR - RP SCHKO Slavkovský les","RP SCHKO Slavkovský les",NA,NA
"Stanovištì","CZ0414127","Hradištì","Jeskynì nepøístupné veøejnosti","8310","2017-04-02","2017-05-07",136,"0",NA,"druhy èerveného seznamu",NA,1,"2026-09-18","Krajský úøad Ústeckého kraje, Újezdní úøad Hradištì, Krajský úøad Karlovarského kraje, AOPK ÈR - RP SCHKO Slavkovský les","RP SCHKO Slavkovský les",NA,NA
"Stanovištì","CZ0414127","Hradištì","Jeskynì nepøístupné veøejnosti","8310","2017-04-02","2017-05-07",137,"0",NA,"% rozlohy zasažené invazními druhy",NA,1,"2026-09-18","Krajský úøad Ústeckého kraje, Újezdní úøad Hradištì, Krajský úøad Karlovarského kraje, AOPK ÈR - RP SCHKO Slavkovský les","RP SCHKO Slavkovský les",NA,NA
"Stanovištì","CZ0414127","Hradištì","Jeskynì nepøístupné veøejnosti","8310","2017-04-02","2017-05-07",138,"67,0531",NA,"% rozlohy zasažené expanzivními druhy",NA,1,"2026-09-18","Krajský úøad Ústeckého kraje, Újezdní úøad Hradištì, Krajský úøad Karlovarského kraje, AOPK ÈR - RP SCHKO Slavkovský les","RP SCHKO Slavkovský les",NA,NA
"Stanovištì","CZ0414127","Hradištì","Jeskynì nepøístupné veøejnosti","8310","2017-04-02","2017-05-07",133,"100",NA,"% rozlohy v celistvém uspoøádání splòující hodnotu minimiareálu",NA,1,"2026-09-18","Krajský úøad Ústeckého kraje, Újezdní úøad Hradištì, Krajský úøad Karlovarského kraje, AOPK ÈR - RP SCHKO Slavkovský les","RP SCHKO Slavkovský les",NA,NA
"Stanovištì","CZ0414127","Hradištì","Jeskynì nepøístupné veøejnosti","8310","2017-04-02","2017-05-07",135,"97,7366",NA,"% hranice s nepøírodními biotopy",NA,1,"2026-09-18","Krajský úøad Ústeckého kraje, Újezdní úøad Hradištì, Krajský úøad Karlovarského kraje, AOPK ÈR - RP SCHKO Slavkovský les","RP SCHKO Slavkovský les",NA,NA
"Stanovištì","CZ0414127","Hradištì","Jeskynì nepøístupné veøejnosti","8310","2017-04-02","2017-05-07",134,"100",NA,"zastoupení nepøírodních biotopù v segmentech stanovištì",NA,1,"2026-09-18","Krajský úøad Ústeckého kraje, Újezdní úøad Hradištì, Krajský úøad Karlovarského kraje, AOPK ÈR - RP SCHKO Slavkovský les","RP SCHKO Slavkovský les",NA,NA
"Stanovištì","CZ0414127","Hradištì","Buèiny asociace Asperulo-Fagetum","9130","2001-05-01","2024-06-18",128,"5598,144",5102.29,"hektary",11,1,"2026-09-18","Krajský úøad Ústeckého kraje, Újezdní úøad Hradištì, Krajský úøad Karlovarského kraje, AOPK ÈR - RP SCHKO Slavkovský les","RP SCHKO Slavkovský les","VMB2",NA
"Stanovištì","CZ0414127","Hradištì","Buèiny asociace Asperulo-Fagetum","9130","2001-05-01","2024-06-18",129,"2,4318",2,"140",13,1,"2026-09-18","Krajský úøad Ústeckého kraje, Újezdní úøad Hradištì, Krajský úøad Karlovarského kraje, AOPK ÈR - RP SCHKO Slavkovský les","RP SCHKO Slavkovský les","MINIMI",NA
"Stanovištì","CZ0414127","Hradištì","Buèiny asociace Asperulo-Fagetum","9130","2001-05-01","2024-06-18",132,"2,0017",NA,"140",NA,1,"2026-09-18","Krajský úøad Ústeckého kraje, Újezdní úøad Hradištì, Krajský úøad Karlovarského kraje, AOPK ÈR - RP SCHKO Slavkovský les","RP SCHKO Slavkovský les",NA,NA
"Stanovištì","CZ0414127","Hradištì","Buèiny asociace Asperulo-Fagetum","9130","2001-05-01","2024-06-18",162,"0,2201",NA,"140",NA,1,"2026-09-18","Krajský úøad Ústeckého kraje, Újezdní úøad Hradištì, Krajský úøad Karlovarského kraje, AOPK ÈR - RP SCHKO Slavkovský les","RP SCHKO Slavkovský les",NA,NA
"Stanovištì","CZ0414127","Hradištì","Buèiny asociace Asperulo-Fagetum","9130","2001-05-01","2024-06-18",136,"10",NA,"druhy èerveného seznamu",NA,1,"2026-09-18","Krajský úøad Ústeckého kraje, Újezdní úøad Hradištì, Krajský úøad Karlovarského kraje, AOPK ÈR - RP SCHKO Slavkovský les","RP SCHKO Slavkovský les",NA,NA
"Stanovištì","CZ0414127","Hradištì","Buèiny asociace Asperulo-Fagetum","9130","2001-05-01","2024-06-18",137,"42,062",NA,"% rozlohy zasažené invazními druhy",NA,1,"2026-09-18","Krajský úøad Ústeckého kraje, Újezdní úøad Hradištì, Krajský úøad Karlovarského kraje, AOPK ÈR - RP SCHKO Slavkovský les","RP SCHKO Slavkovský les",NA,NA
"Stanovištì","CZ0414127","Hradištì","Buèiny asociace Asperulo-Fagetum","9130","2001-05-01","2024-06-18",138,"77,5349",NA,"% rozlohy zasažené expanzivními druhy",NA,1,"2026-09-18","Krajský úøad Ústeckého kraje, Újezdní úøad Hradištì, Krajský úøad Karlovarského kraje, AOPK ÈR - RP SCHKO Slavkovský les","RP SCHKO Slavkovský les",NA,NA
"Stanovištì","CZ0414127","Hradištì","Buèiny asociace Asperulo-Fagetum","9130","2001-05-01","2024-06-18",133,"88,6032",NA,"% rozlohy v celistvém uspoøádání splòující hodnotu minimiareálu",NA,1,"2026-09-18","Krajský úøad Ústeckého kraje, Újezdní úøad Hradištì, Krajský úøad Karlovarského kraje, AOPK ÈR - RP SCHKO Slavkovský les","RP SCHKO Slavkovský les",NA,NA
"Stanovištì","CZ0414127","Hradištì","Buèiny asociace Asperulo-Fagetum","9130","2001-05-01","2024-06-18",135,"58,0725",NA,"% hranice s nepøírodními biotopy",NA,1,"2026-09-18","Krajský úøad Ústeckého kraje, Újezdní úøad Hradištì, Krajský úøad Karlovarského kraje, AOPK ÈR - RP SCHKO Slavkovský les","RP SCHKO Slavkovský les",NA,NA
"Stanovištì","CZ0414127","Hradištì","Buèiny asociace Asperulo-Fagetum","9130","2001-05-01","2024-06-18",134,"87,0144",NA,"zastoupení nepøírodních biotopù v segmentech stanovištì",NA,1,"2026-09-18","Krajský úøad Ústeckého kraje, Újezdní úøad Hradištì, Krajský úøad Karlovarského kraje, AOPK ÈR - RP SCHKO Slavkovský les","RP SCHKO Slavkovský les",NA,NA
"Stanovištì","CZ0414127","Hradištì","Lesy svazu Tilio-Acerion na svazích, sutích a v roklích","9180","2001-05-06","2024-07-02",128,"459,652",453.72,"hektary",11,1,"2026-09-18","Krajský úøad Ústeckého kraje, Újezdní úøad Hradištì, Krajský úøad Karlovarského kraje, AOPK ÈR - RP SCHKO Slavkovský les","RP SCHKO Slavkovský les","VMB2",NA
"Stanovištì","CZ0414127","Hradištì","Lesy svazu Tilio-Acerion na svazích, sutích a v roklích","9180","2001-05-06","2024-07-02",129,"2,5519",2,"140",13,1,"2026-09-18","Krajský úøad Ústeckého kraje, Újezdní úøad Hradištì, Krajský úøad Karlovarského kraje, AOPK ÈR - RP SCHKO Slavkovský les","RP SCHKO Slavkovský les","MINIMI",NA
"Stanovištì","CZ0414127","Hradištì","Lesy svazu Tilio-Acerion na svazích, sutích a v roklích","9180","2001-05-06","2024-07-02",132,"2,3929",NA,"140",NA,1,"2026-09-18","Krajský úøad Ústeckého kraje, Újezdní úøad Hradištì, Krajský úøad Karlovarského kraje, AOPK ÈR - RP SCHKO Slavkovský les","RP SCHKO Slavkovský les",NA,NA
"Stanovištì","CZ0414127","Hradištì","Lesy svazu Tilio-Acerion na svazích, sutích a v roklích","9180","2001-05-06","2024-07-02",162,"0,4529",NA,"140",NA,1,"2026-09-18","Krajský úøad Ústeckého kraje, Újezdní úøad Hradištì, Krajský úøad Karlovarského kraje, AOPK ÈR - RP SCHKO Slavkovský les","RP SCHKO Slavkovský les",NA,NA
"Stanovištì","CZ0414127","Hradištì","Lesy svazu Tilio-Acerion na svazích, sutích a v roklích","9180","2001-05-06","2024-07-02",136,"10",NA,"druhy èerveného seznamu",NA,1,"2026-09-18","Krajský úøad Ústeckého kraje, Újezdní úøad Hradištì, Krajský úøad Karlovarského kraje, AOPK ÈR - RP SCHKO Slavkovský les","RP SCHKO Slavkovský les",NA,NA
"Stanovištì","CZ0414127","Hradištì","Lesy svazu Tilio-Acerion na svazích, sutích a v roklích","9180","2001-05-06","2024-07-02",137,"45,0219",NA,"% rozlohy zasažené invazními druhy",NA,1,"2026-09-18","Krajský úøad Ústeckého kraje, Újezdní úøad Hradištì, Krajský úøad Karlovarského kraje, AOPK ÈR - RP SCHKO Slavkovský les","RP SCHKO Slavkovský les",NA,NA
"Stanovištì","CZ0414127","Hradištì","Lesy svazu Tilio-Acerion na svazích, sutích a v roklích","9180","2001-05-06","2024-07-02",138,"60,1117",NA,"% rozlohy zasažené expanzivními druhy",NA,1,"2026-09-18","Krajský úøad Ústeckého kraje, Újezdní úøad Hradištì, Krajský úøad Karlovarského kraje, AOPK ÈR - RP SCHKO Slavkovský les","RP SCHKO Slavkovský les",NA,NA
"Stanovištì","CZ0414127","Hradištì","Lesy svazu Tilio-Acerion na svazích, sutích a v roklích","9180","2001-05-06","2024-07-02",133,"89,6979",NA,"% rozlohy v celistvém uspoøádání splòující hodnotu minimiareálu",NA,1,"2026-09-18","Krajský úøad Ústeckého kraje, Újezdní úøad Hradištì, Krajský úøad Karlovarského kraje, AOPK ÈR - RP SCHKO Slavkovský les","RP SCHKO Slavkovský les",NA,NA
"Stanovištì","CZ0414127","Hradištì","Lesy svazu Tilio-Acerion na svazích, sutích a v roklích","9180","2001-05-06","2024-07-02",135,"84,9037",NA,"% hranice s nepøírodními biotopy",NA,1,"2026-09-18","Krajský úøad Ústeckého kraje, Újezdní úøad Hradištì, Krajský úøad Karlovarského kraje, AOPK ÈR - RP SCHKO Slavkovský les","RP SCHKO Slavkovský les",NA,NA
"Stanovištì","CZ0414127","Hradištì","Lesy svazu Tilio-Acerion na svazích, sutích a v roklích","9180","2001-05-06","2024-07-02",134,"92,6434",NA,"zastoupení nepøírodních biotopù v segmentech stanovištì",NA,1,"2026-09-18","Krajský úøad Ústeckého kraje, Újezdní úøad Hradištì, Krajský úøad Karlovarského kraje, AOPK ÈR - RP SCHKO Slavkovský les","RP SCHKO Slavkovský les",NA,NA
"Stanovištì","CZ0414127","Hradištì","Smíšené jasanovo-olšové lužní lesy temperátní a boreální Evropy (Alno-Padion, Alnion incanae, Salicion albae)","91E0","2001-05-01","2024-06-18",128,"1477,4374",1453.62,"hektary",11,1,"2026-09-18","Krajský úøad Ústeckého kraje, Újezdní úøad Hradištì, Krajský úøad Karlovarského kraje, AOPK ÈR - RP SCHKO Slavkovský les","RP SCHKO Slavkovský les","VMB2",NA
"Stanovištì","CZ0414127","Hradištì","Smíšené jasanovo-olšové lužní lesy temperátní a boreální Evropy (Alno-Padion, Alnion incanae, Salicion albae)","91E0","2001-05-01","2024-06-18",129,"2,1289",2,"140",13,1,"2026-09-18","Krajský úøad Ústeckého kraje, Újezdní úøad Hradištì, Krajský úøad Karlovarského kraje, AOPK ÈR - RP SCHKO Slavkovský les","RP SCHKO Slavkovský les","MINIMI",NA
"Stanovištì","CZ0414127","Hradištì","Smíšené jasanovo-olšové lužní lesy temperátní a boreální Evropy (Alno-Padion, Alnion incanae, Salicion albae)","91E0","2001-05-01","2024-06-18",132,"1,8432",NA,"140",NA,1,"2026-09-18","Krajský úøad Ústeckého kraje, Újezdní úøad Hradištì, Krajský úøad Karlovarského kraje, AOPK ÈR - RP SCHKO Slavkovský les","RP SCHKO Slavkovský les",NA,NA
"Stanovištì","CZ0414127","Hradištì","Smíšené jasanovo-olšové lužní lesy temperátní a boreální Evropy (Alno-Padion, Alnion incanae, Salicion albae)","91E0","2001-05-01","2024-06-18",162,"0,5643",NA,"140",NA,1,"2026-09-18","Krajský úøad Ústeckého kraje, Újezdní úøad Hradištì, Krajský úøad Karlovarského kraje, AOPK ÈR - RP SCHKO Slavkovský les","RP SCHKO Slavkovský les",NA,NA
"Stanovištì","CZ0414127","Hradištì","Smíšené jasanovo-olšové lužní lesy temperátní a boreální Evropy (Alno-Padion, Alnion incanae, Salicion albae)","91E0","2001-05-01","2024-06-18",136,"10",NA,"druhy èerveného seznamu",NA,1,"2026-09-18","Krajský úøad Ústeckého kraje, Újezdní úøad Hradištì, Krajský úøad Karlovarského kraje, AOPK ÈR - RP SCHKO Slavkovský les","RP SCHKO Slavkovský les",NA,NA
"Stanovištì","CZ0414127","Hradištì","Smíšené jasanovo-olšové lužní lesy temperátní a boreální Evropy (Alno-Padion, Alnion incanae, Salicion albae)","91E0","2001-05-01","2024-06-18",137,"62,4401",NA,"% rozlohy zasažené invazními druhy",NA,1,"2026-09-18","Krajský úøad Ústeckého kraje, Újezdní úøad Hradištì, Krajský úøad Karlovarského kraje, AOPK ÈR - RP SCHKO Slavkovský les","RP SCHKO Slavkovský les",NA,NA
"Stanovištì","CZ0414127","Hradištì","Smíšené jasanovo-olšové lužní lesy temperátní a boreální Evropy (Alno-Padion, Alnion incanae, Salicion albae)","91E0","2001-05-01","2024-06-18",138,"72,7623",NA,"% rozlohy zasažené expanzivními druhy",NA,1,"2026-09-18","Krajský úøad Ústeckého kraje, Újezdní úøad Hradištì, Krajský úøad Karlovarského kraje, AOPK ÈR - RP SCHKO Slavkovský les","RP SCHKO Slavkovský les",NA,NA
"Stanovištì","CZ0414127","Hradištì","Smíšené jasanovo-olšové lužní lesy temperátní a boreální Evropy (Alno-Padion, Alnion incanae, Salicion albae)","91E0","2001-05-01","2024-06-18",133,"96,771",NA,"% rozlohy v celistvém uspoøádání splòující hodnotu minimiareálu",NA,1,"2026-09-18","Krajský úøad Ústeckého kraje, Újezdní úøad Hradištì, Krajský úøad Karlovarského kraje, AOPK ÈR - RP SCHKO Slavkovský les","RP SCHKO Slavkovský les",NA,NA
"Stanovištì","CZ0414127","Hradištì","Smíšené jasanovo-olšové lužní lesy temperátní a boreální Evropy (Alno-Padion, Alnion incanae, Salicion albae)","91E0","2001-05-01","2024-06-18",135,"80,0352",NA,"% hranice s nepøírodními biotopy",NA,1,"2026-09-18","Krajský úøad Ústeckého kraje, Újezdní úøad Hradištì, Krajský úøad Karlovarského kraje, AOPK ÈR - RP SCHKO Slavkovský les","RP SCHKO Slavkovský les",NA,NA
"Stanovištì","CZ0414127","Hradištì","Smíšené jasanovo-olšové lužní lesy temperátní a boreální Evropy (Alno-Padion, Alnion incanae, Salicion albae)","91E0","2001-05-01","2024-06-18",134,"96,3047",NA,"zastoupení nepøírodních biotopù v segmentech stanovištì",NA,1,"2026-09-18","Krajský úøad Ústeckého kraje, Újezdní úøad Hradištì, Krajský úøad Karlovarského kraje, AOPK ÈR - RP SCHKO Slavkovský les","RP SCHKO Slavkovský les",NA,NA
"Stanovištì","CZ0414127","Hradištì","Eurosibiøské stepní doubravy","91I0","2001-09-12","2023-07-11",128,"356,9917",349.5,"hektary",11,1,"2026-09-18","Krajský úøad Ústeckého kraje, Újezdní úøad Hradištì, Krajský úøad Karlovarského kraje, AOPK ÈR - RP SCHKO Slavkovský les","RP SCHKO Slavkovský les","VMB2",NA
"Stanovištì","CZ0414127","Hradištì","Eurosibiøské stepní doubravy","91I0","2001-09-12","2023-07-11",129,"2,3329",2,"140",13,1,"2026-09-18","Krajský úøad Ústeckého kraje, Újezdní úøad Hradištì, Krajský úøad Karlovarského kraje, AOPK ÈR - RP SCHKO Slavkovský les","RP SCHKO Slavkovský les","MINIMI",NA
"Stanovištì","CZ0414127","Hradištì","Eurosibiøské stepní doubravy","91I0","2001-09-12","2023-07-11",132,"2,4296",NA,"140",NA,1,"2026-09-18","Krajský úøad Ústeckého kraje, Újezdní úøad Hradištì, Krajský úøad Karlovarského kraje, AOPK ÈR - RP SCHKO Slavkovský les","RP SCHKO Slavkovský les",NA,NA
"Stanovištì","CZ0414127","Hradištì","Eurosibiøské stepní doubravy","91I0","2001-09-12","2023-07-11",162,"0,7147",NA,"140",NA,1,"2026-09-18","Krajský úøad Ústeckého kraje, Újezdní úøad Hradištì, Krajský úøad Karlovarského kraje, AOPK ÈR - RP SCHKO Slavkovský les","RP SCHKO Slavkovský les",NA,NA
"Stanovištì","CZ0414127","Hradištì","Eurosibiøské stepní doubravy","91I0","2001-09-12","2023-07-11",136,"10",NA,"druhy èerveného seznamu",NA,1,"2026-09-18","Krajský úøad Ústeckého kraje, Újezdní úøad Hradištì, Krajský úøad Karlovarského kraje, AOPK ÈR - RP SCHKO Slavkovský les","RP SCHKO Slavkovský les",NA,NA
"Stanovištì","CZ0414127","Hradištì","Eurosibiøské stepní doubravy","91I0","2001-09-12","2023-07-11",137,"56,3632",NA,"% rozlohy zasažené invazními druhy",NA,1,"2026-09-18","Krajský úøad Ústeckého kraje, Újezdní úøad Hradištì, Krajský úøad Karlovarského kraje, AOPK ÈR - RP SCHKO Slavkovský les","RP SCHKO Slavkovský les",NA,NA
"Stanovištì","CZ0414127","Hradištì","Eurosibiøské stepní doubravy","91I0","2001-09-12","2023-07-11",138,"16,7011",NA,"% rozlohy zasažené expanzivními druhy",NA,1,"2026-09-18","Krajský úøad Ústeckého kraje, Újezdní úøad Hradištì, Krajský úøad Karlovarského kraje, AOPK ÈR - RP SCHKO Slavkovský les","RP SCHKO Slavkovský les",NA,NA
"Stanovištì","CZ0414127","Hradištì","Eurosibiøské stepní doubravy","91I0","2001-09-12","2023-07-11",133,"90,1666",NA,"% rozlohy v celistvém uspoøádání splòující hodnotu minimiareálu",NA,1,"2026-09-18","Krajský úøad Ústeckého kraje, Újezdní úøad Hradištì, Krajský úøad Karlovarského kraje, AOPK ÈR - RP SCHKO Slavkovský les","RP SCHKO Slavkovský les",NA,NA
"Stanovištì","CZ0414127","Hradištì","Eurosibiøské stepní doubravy","91I0","2001-09-12","2023-07-11",135,"67,4413",NA,"% hranice s nepøírodními biotopy",NA,1,"2026-09-18","Krajský úøad Ústeckého kraje, Újezdní úøad Hradištì, Krajský úøad Karlovarského kraje, AOPK ÈR - RP SCHKO Slavkovský les","RP SCHKO Slavkovský les",NA,NA
"Stanovištì","CZ0414127","Hradištì","Eurosibiøské stepní doubravy","91I0","2001-09-12","2023-07-11",134,"99,0059",NA,"zastoupení nepøírodních biotopù v segmentech stanovištì",NA,1,"2026-09-18","Krajský úøad Ústeckého kraje, Újezdní úøad Hradištì, Krajský úøad Karlovarského kraje, AOPK ÈR - RP SCHKO Slavkovský les","RP SCHKO Slavkovský les",NA,NA
"Stanovištì","CZ0414127","Hradištì","Pøirozené eutrofní vodní nádrže s vegetací typu Magnopotamion nebo Hydrocharition","3150","2001-09-09","2024-06-13",10,NA,NA,NA,12,1,"2026-09-18","Krajský úøad Ústeckého kraje, Újezdní úøad Hradištì, Krajský úøad Karlovarského kraje, AOPK ÈR - RP SCHKO Slavkovský les","RP SCHKO Slavkovský les",NA,NA
"Stanovištì","CZ0414127","Hradištì","Kontinentální opadavé køoviny","40A0","2001-09-08","2022-06-28",10,NA,NA,NA,12,1,"2026-09-18","Krajský úøad Ústeckého kraje, Újezdní úøad Hradištì, Krajský úøad Karlovarského kraje, AOPK ÈR - RP SCHKO Slavkovský les","RP SCHKO Slavkovský les",NA,NA
"Stanovištì","CZ0414127","Hradištì","Formace jalovce obecného (Juniperus communis) na vøesovištích nebo vápnitých trávnících","5130","2001-05-06","2002-12-31",10,NA,NA,NA,13,1,"2026-09-18","Krajský úøad Ústeckého kraje, Újezdní úøad Hradištì, Krajský úøad Karlovarského kraje, AOPK ÈR - RP SCHKO Slavkovský les","RP SCHKO Slavkovský les",NA,NA
"Stanovištì","CZ0414127","Hradištì","Polopøirozené suché trávníky a facie køovin na vápnitých podložích (Festuco-Brometalia)","6210","2001-05-06","2024-07-02",10,NA,NA,NA,13,1,"2026-09-18","Krajský úøad Ústeckého kraje, Újezdní úøad Hradištì, Krajský úøad Karlovarského kraje, AOPK ÈR - RP SCHKO Slavkovský les","RP SCHKO Slavkovský les",NA,NA
"Stanovištì","CZ0414127","Hradištì","Druhovì bohaté smilkové louky na silikátových podložích v horských oblastech (a v kontinentální Evropì v podhorských oblastech)","6230","2010-06-29","2012-05-15",10,NA,NA,NA,12,1,"2026-09-18","Krajský úøad Ústeckého kraje, Újezdní úøad Hradištì, Krajský úøad Karlovarského kraje, AOPK ÈR - RP SCHKO Slavkovský les","RP SCHKO Slavkovský les",NA,NA
"Stanovištì","CZ0414127","Hradištì","Vlhkomilná vysokobylinná lemová spoleèenstva nížin a horského až alpínského stupnì","6430","2001-05-06","2024-06-17",10,NA,NA,NA,13,1,"2026-09-18","Krajský úøad Ústeckého kraje, Újezdní úøad Hradištì, Krajský úøad Karlovarského kraje, AOPK ÈR - RP SCHKO Slavkovský les","RP SCHKO Slavkovský les",NA,NA
"Stanovištì","CZ0414127","Hradištì","Extenzivní seèené louky nížin až podhùøí (Arrhenatherion, Brachypodio-Centaureion nemoralis)","6510","2001-05-06","2024-07-02",10,NA,NA,NA,13,1,"2026-09-18","Krajský úøad Ústeckého kraje, Újezdní úøad Hradištì, Krajský úøad Karlovarského kraje, AOPK ÈR - RP SCHKO Slavkovský les","RP SCHKO Slavkovský les",NA,NA
"Stanovištì","CZ0414127","Hradištì","Pionýrská vegetace silikátových skal (Sedo-Scleranthion, Sedo albi-Veronicion dillenii)","8230","2001-08-26","2024-05-31",10,NA,NA,NA,13,1,"2026-09-18","Krajský úøad Ústeckého kraje, Újezdní úøad Hradištì, Krajský úøad Karlovarského kraje, AOPK ÈR - RP SCHKO Slavkovský les","RP SCHKO Slavkovský les",NA,NA
"Stanovištì","CZ0414127","Hradištì","Jeskynì nepøístupné veøejnosti","8310","2017-04-02","2017-05-07",10,NA,NA,NA,8,1,"2026-09-18","Krajský úøad Ústeckého kraje, Újezdní úøad Hradištì, Krajský úøad Karlovarského kraje, AOPK ÈR - RP SCHKO Slavkovský les","RP SCHKO Slavkovský les",NA,NA
"Stanovištì","CZ0414127","Hradištì","Buèiny asociace Asperulo-Fagetum","9130","2001-05-01","2024-06-18",10,NA,NA,NA,12,1,"2026-09-18","Krajský úøad Ústeckého kraje, Újezdní úøad Hradištì, Krajský úøad Karlovarského kraje, AOPK ÈR - RP SCHKO Slavkovský les","RP SCHKO Slavkovský les",NA,NA
"Stanovištì","CZ0414127","Hradištì","Lesy svazu Tilio-Acerion na svazích, sutích a v roklích","9180","2001-05-06","2024-07-02",10,NA,NA,NA,12,1,"2026-09-18","Krajský úøad Ústeckého kraje, Újezdní úøad Hradištì, Krajský úøad Karlovarského kraje, AOPK ÈR - RP SCHKO Slavkovský les","RP SCHKO Slavkovský les",NA,NA
"Stanovištì","CZ0414127","Hradištì","Smíšené jasanovo-olšové lužní lesy temperátní a boreální Evropy (Alno-Padion, Alnion incanae, Salicion albae)","91E0","2001-05-01","2024-06-18",10,NA,NA,NA,12,1,"2026-09-18","Krajský úøad Ústeckého kraje, Újezdní úøad Hradištì, Krajský úøad Karlovarského kraje, AOPK ÈR - RP SCHKO Slavkovský les","RP SCHKO Slavkovský les",NA,NA
"Stanovištì","CZ0414127","Hradištì","Eurosibiøské stepní doubravy","91I0","2001-09-12","2023-07-11",10,NA,NA,NA,12,1,"2026-09-18","Krajský úøad Ústeckého kraje, Újezdní úøad Hradištì, Krajský úøad Karlovarského kraje, AOPK ÈR - RP SCHKO Slavkovský les","RP SCHKO Slavkovský les",NA,NA
