".target_id";"SITECODE";"NAZEV";"HABITAT_CODE";"ROZLOHA";"KVALITA";"TYPICKE_DRUHY";"REPRE";"REPRE_SDF";"CONSERVATION";"DEGREE_OF_CONSERVATION";"MRTVE_DREVO";"KALAMITA_POLOM";"RELATIVE_AREA_PERC";"SITE_AREA_PERC";"GOOD_DOC_AREA_HA";"W_AREA_HA";"W_AREA_PERC";"PASEKY_AREA_HA";"PASEKY_AREA_PERC";"DEGRAD_AREA_HA";"DEGRAD_AREA_PERC";"PERC_0";"PERC_1";"PERC_2";"DATE_MIN";"DATE_MAX";"DATE_MEAN";"DATE_MEDIAN";"RED_LIST";"INVASIVE";"EXPANSIVE";"RED_LIST_SPECIES";"INVASIVE_LIST";"EXPANSIVE_LIST";"MINIMIAREAL";"MINIMIAREAL_JADRA";"MINIMIAREAL_HODNOTA";"MOZAIKA_VNEJSI";"MOZAIKA_VNITRNI";"MOZAIKA_FIN";"VYPLNENOST_MOZAIKA";"PERC_SPAT";"ROZLOHA_HOLINY";"POCET_SEGMENTU_PASEKY";"SITECODE_TARGET";"HABITAT_CODE_TARGET"
1;"CZ0414127";"Hradištì";"3150";28,9072375041122;1,83159814910798;2,20678158392324;1,77123464130251;2,43427910205911;2,07356445518047;76,6606942619315;NA;NA;0,438763835096415;0,087177471635793;22,1604889625978;0;0;NA;NA;0;0;0;32,6737202839626;67,3262797160374;2001-09-09;2024-06-13;2017-12-24;2017-06-07;10;94,6347674815754;20,1169406585701;"Bombina bombina, Bufo bufo, Cygnus olor, Tachybaptus ruficollis, Pelophylax lessonae, Sympecma paedisca, Delichon urbicum, Potamogeton alpinus, Acanthis cabaret, Rana arvalis, Triturus cristatus, Coenagrion hastulatum, Potamogeton acutifolius, Lysimachia thyrsiflora, Butomus umbellatus, Gallinago gallinago, Mareca strepera, Podiceps cristatus, Carex disticha, Hirundo rustica, Lanius collurio, Circus aeruginosus, Lestes dryas, Ardea cinerea, Lissotriton vulgaris, Rana temporaria, Pelobates fuscus, Comarum palustre, Grus grus, Carex cespitosa, Motacilla flava, Rana dalmatina, Natrix natrix, Pelophylax esculentus s. l., Pelophylax esculentus, Callophrys rubi, Ichthyosaura alpestris, Spatula querquedula, Potamogeton lucens, Gallinula chloropus, Pseudorasbora parva, Cotoneaster integerrimus, Chrysosplenium oppositifolium, Carex elata, Ranunculus aquatilis, Myocastor coypus, Graphoderus zonatus, Lutra lutra, Alcedo atthis, Tringa ochropus, Haliaeetus albicilla, Carex appropinquata, Lyrurus tetrix, Polyommatus amandus, Acrocephalus arundinaceus, Anas crecca, Ciconia nigra, Luscinia svecica, Rallus aquaticus, Ondatra zibethicus, Sympetrum flaveolum, Erebia ligea, Neovison vison, Cyaniris semiargus, Tinca tinca, Potamogeton obtusifolius, Charadrius dubius, Cybister lateralimarginalis, Anodonta cygnea, Eumedonia eumedon, Procyon lotor, Brachytron pratense, Carex riparia, Spatula clypeata, Carex flava, Potamogeton trichoides, Melitaea athalia, Scrophularia umbrosa, Ricciocarpos natans, Accipiter nisus, Erebia medusa, Trollius altissimus, Carassius carassius, Cervus nippon, Schoenoplectus tabernaemontani, Nucifraga caryocatactes, Leucorrhinia pectoralis, Carpodacus erythrinus, Sigara semistriata, Pelophylax ridibundus, Hyla arborea, Iris sibirica, Hydrochus ignicollis, Eleocharis ovata, Larus cachinnans, Glaucopsyche alexis, Nyctereutes procyonoides, Sympetrum meridionale, Coenagrion lunulatum, Coturnix coturnix, Sorbus aria, Milvus milvus, Myotis myotis, Pernis apivorus, Nyctalus leisleri, Lanius excubitor, Hydaticus aruspex, Dactylorhiza majalis subsp. majalis, Hottonia palustris, Scolopax rusticola";"Bufo bufo, Carex disticha, Ciconia nigra, Coenagrion hastulatum, Cygnus olor, Grus grus, Haliaeetus albicilla, Lestes dryas, Lissotriton vulgaris, Pelophylax esculentus, Pelophylax esculentus s. l., Pelophylax lessonae, Potamogeton acutifolius, Potamogeton lucens, Rana temporaria, Sympetrum flaveolum, Tachybaptus ruficollis, Carex cespitosa, Comarum palustre, Rana dalmatina, Triturus cristatus, Trollius altissimus, Potamogeton alpinus, Ricciocarpos natans, Carex elata, Ichthyosaura alpestris, Scrophularia umbrosa, Ardea cinerea, Circus aeruginosus, Cybister lateralimarginalis, Delichon urbicum, Gallinula chloropus, Graphoderus zonatus, Hirundo rustica, Hydaticus aruspex, Hyla arborea, Procyon lotor, Ranunculus aquatilis, Sigara semistriata, Sympetrum meridionale, Tringa ochropus, Tinca tinca, Erebia medusa, Lutra lutra, Natrix natrix, Pelobates fuscus, Pseudorasbora parva, Anodonta cygnea, Bombina bombina, Carassius carassius, Rana arvalis, Cotoneaster integerrimus, Sorbus aria, Callophrys rubi, Cyaniris semiargus, Eumedonia eumedon, Glaucopsyche alexis, Melitaea athalia, Polyommatus amandus, Myotis myotis, Nyctalus leisleri, Carex appropinquata, Potamogeton trichoides, Charadrius dubius, Lanius collurio, Mareca strepera, Hottonia palustris, Lysimachia thyrsiflora, Butomus umbellatus, Podiceps cristatus, Sympecma paedisca, Carex riparia, Larus cachinnans, Alcedo atthis, Carpodacus erythrinus, Eleocharis ovata, Erebia ligea, Gallinago gallinago, Iris sibirica, Lyrurus tetrix, Nucifraga caryocatactes, Pernis apivorus, Scolopax rusticola, Acanthis cabaret, Accipiter nisus, Acrocephalus arundinaceus, Anas crecca, Coenagrion lunulatum, Coturnix coturnix, Luscinia svecica, Milvus milvus, Ondatra zibethicus, Pelophylax ridibundus, Rallus aquaticus, Spatula clypeata, Spatula querquedula, Carex flava, Dactylorhiza majalis subsp. majalis, Leucorrhinia pectoralis, Motacilla flava, Potamogeton obtusifolius, Brachytron pratense, Chrysosplenium oppositifolium, Schoenoplectus tabernaemontani, Hydrochus ignicollis, Lanius excubitor";"Carex acutiformis, Alnus glutinosa, Phalaris arundinacea, Fraxinus excelsior, Carex rostrata, Typha latifolia, Glyceria maxima";100;74;5e-05;86,028461729984;98,4460687817291;86,028461729984;1;100;NA;NA;"CZ0414127";"3150"
2;"CZ0414127";"Hradištì";"40A0";6,35578823721021;2,92491411677373;1,99992908665767;1,99389699092542;1,99992908665767;1,98128950713338;99,6948495462712;NA;NA;12,7510564696621;0,0191675717437088;6,33639352056632;0;0;NA;NA;0;0;0;0,312241787961766;99,6877582120382;2001-09-08;2022-06-28;2014-09-13;2016-09-03;2,89338605592219;99,9766503351818;0,689460549117542;"Cotoneaster integerrimus, Canis lupus, Antennaria dioica, Anthemis tinctoria, Berberis vulgaris, Sorbus danubialis, Ficedula parva, Rosa gallica";"Cotoneaster integerrimus, Sorbus danubialis, Antennaria dioica, Anthemis tinctoria, Rosa gallica, Berberis vulgaris, Ficedula parva";"Fagus sylvatica, Crataegus sp., Prunus spinosa";100;24;2e-05;79,4659442464317;100;79,4659442464317;1;100;NA;NA;"CZ0414127";"40A0"
3;"CZ0414127";"Hradištì";"5130";1,61250632456761;4;3;0;3;2;0;NA;NA;0,37567571038742;0,00486294217330633;0;0;0;NA;NA;0;0;0;0;100;2001-05-06;2002-12-31;2002-03-04;2002-03-04;0;0;0;NA;NA;NA;100;1;6e-05;91,5265523644951;100;91,5265523644951;1;100;NA;NA;"CZ0414127";"5130"
4;"CZ0414127";"Hradištì";"6210";1849,31616748449;2,41456094820983;2,23257501777391;1,35036333704891;2,58269102689065;2,07429074863698;77,7359855960601;NA;NA;13,5837728877138;5,57710530843905;1437,58414958135;14,2926845275184;0,772863222569449;NA;NA;14,2926845275184;0,772863222569449;0;27,0578707131033;72,9421292868967;2001-05-06;2024-07-02;2014-07-23;2015-06-03;10;77,2415872103498;46,2190514661097;"Dactylorhiza sambucina, Erebia medusa, Zygaena carniolica, Petrorhagia prolifera, Cirsium acaulon, Emberiza calandra, Cyaniris semiargus, Verbascum lychnitis subsp. moenchii, Melampyrum arvense, Lycaena virgaureae, Anthemis tinctoria, Lysandra coridon, Colias alfacariensis, Picus canus, Polyommatus daphnis, Lissotriton vulgaris, Phelipanche purpurea s. l., Anguis fragilis, Geranium molle, Androsace elongata, Pulsatilla patens, Sylvia nisoria, Plebejus argus, Triops cancriformis, Pyrus pyraster, Procyon lotor, Hirundo rustica, Coenonympha arcania, Eresus sandaliatus, Polyommatus amandus, Lullula arborea, Phengaris arion, Lanius collurio, Orchis mascula, Dianthus superbus subsp. superbus, Dianthus superbus, Dryobates minor, Prunella grandiflora, Erysimum crepidifolium, Hamearis lucina, Pyrgus serratulae, Geranium sanguineum, Spialia sertorius, Melitaea athalia, Lycaena hippothoe, Upupa epops, Galium mollugo, Argiope bruennichi, Ichthyosaura alpestris, Juniperus communis, Accipiter gentilis, Coturnix coturnix, Cotoneaster integerrimus, Ventenata dubia, Pulsatilla pratensis subsp. bohemica, Lathyrus nissolia, Phelipanche purpurea, Jordanita globulariae, Branchipus schaefferi, Ficedula hypoleuca, Carex disticha, Saxicola rubicola, Gallinago gallinago, Corvus corone, Orchis mascula subsp. speciosa, Triturus cristatus, Watsonarctia casta, Malacosoma neustria, Haliaeetus albicilla, Perdix perdix, Zygaena ephialtes, Lepus europaeus, Crex crex, Prunus fruticosa, Milvus milvus, Glaucopsyche alexis, Canis lupus, Lacerta agilis, Gryllus campestris, Festuca pulchra, Rhinanthus alectorolophus, Ophioglossum vulgatum, Jynx torquilla, Satyrium spini, Rhagades pruni, Grus grus, Pernis apivorus, Eumedonia eumedon, Neotinea ustulata, Zootoca vivipara, Thesium alpinum, Sorbus danubialis, Boloria selene, Eilema pygmaeola, Pilosella cymosa, Falco subbuteo, Asperula tinctoria, Lemonia taraxaci, Accipiter nisus, Coronella austriaca, Acanthis cabaret, Ciconia nigra, Columba oenas, Hesperia comma, Korscheltellus fusconebulosa, Psophus stridulus, Hypochaeris maculata, Satyrium pruni, Melitaea diamina, Zygaena angelicae, Trollius altissimus, Pyrgus alveus, Cervus nippon, Alyssum montanum, Rosa gallica, Dama dama, Chelis maculosa, Limenitis populi, Lyrurus tetrix, Vipera berus, Scolopax rusticola, Circus aeruginosus, Clanga pomarina, Potentilla alba, Sympetrum flaveolum, Anthus pratensis, Caprimulgus europaeus, Potentilla incana, Oenanthe oenanthe, Melampyrum cristatum, Iris sibirica, Pulsatilla pratensis, Sorbus aria, Bubo bubo, Antennaria dioica, Trifolium striatum, Lasiocampa trifolii, Jovibarba globifera subsp. globifera, Glaucidium passerinum, Ardea cinerea, Satyrium w-album, Verbascum phoeniceum, Thesium linophyllon, Callophrys rubi, Gynaephora fascelina, Lestes barbarus, Diacrisia purpurata, Lanius excubitor, Juniperus communis var. communis, Rosa elliptica, Jovibarba globifera, Tyria jacobaeae, Polygala chamaebuxus, Sciurus vulgaris, Cerastium brachypetalum, Apamea illyria, Pholidoptera aptera, Gymnadenia conopsea, Clostera anastomosis, Bombina bombina, Melitaea cinxia, Pulmonaria angustifolia, Verbena officinalis, Filago arvensis, Trichiura crataegi, Cupido minimus, Circus cyaneus, Cerastium brachypetalum subsp. brachypetalum, Botrychium lunaria, Hieracium schmidtii, Vicia pisiformis, Vicia pannonica subsp. striata, Bufo bufo, Malus sylvestris, Tachybaptus ruficollis, Gagea villosa, Helianthemum canum, Orobanche caryophyllacea, Potamogeton alpinus, Eleocharis mamillata, Achillea setacea, Carduus nutans, Ficedula parva, Hyoscyamus niger, Odontognophos dumetata, Eriogaster lanestris, Gallinula chloropus, Comarum palustre, Gentianopsis ciliata, Nucifraga caryocatactes, Carpodacus erythrinus, Korscheltellus lupulina, Cerastium pumilum, Gastropacha quercifolia, Delichon urbicum, Ovis aries musimon, Gentiana cruciata, Furcula furcula, Natrix natrix, Zygaena purpuralis, Falcaria lacertinaria, Ononis arvensis, Pilosella pilosellina, Adscita geryon, Dactylorhiza majalis, Pelophylax ridibundus, Plagiomnium medium, Elatine hydropiper, Aquilegia vulgaris, Hylotelephium telephium, Dendrocoptes medius, Astragalus danicus, Malacosoma castrensis, Vanellus vanellus, Odonestis pruni, Euphorbia stricta, Myotis myotis, Arctia plantaginis, Rana dalmatina, Stenobothrus crassipes, Salix rosmarinifolia, Rubus canescens, Berberis vulgaris, Lasiommata maera, Veronica hederifolia, Orchis mascula subsp. mascula, Aphanes arvensis, Phengaris nausithous, Malva pusilla, Papaver argemone, Clostera anachoreta, Lestes dryas, Adonis aestivalis, Leptidea sinapis, Milvus migrans, Boloria euphrosyne, Anthaxia candens, Gentianella germanica, Lynx lynx, Lycaena alciphron";"Cirsium acaulon, Melampyrum arvense, Pyrus pyraster, Cotoneaster integerrimus, Anthemis tinctoria, Jynx torquilla, Lacerta agilis, Pulsatilla pratensis subsp. bohemica, Trollius altissimus, Vipera berus, Plagiomnium medium, Corvus corone, Coturnix coturnix, Lanius collurio, Lepus europaeus, Dama dama, Achillea setacea, Antennaria dioica, Coenonympha arcania, Cyaniris semiargus, Erysimum crepidifolium, Juniperus communis, Juniperus communis var. communis, Lathyrus nissolia, Lycaena virgaureae, Phengaris arion, Polyommatus amandus, Sorbus danubialis, Verbascum phoeniceum, Ciconia nigra, Geranium sanguineum, Prunella grandiflora, Apamea illyria, Erebia medusa, Hamearis lucina, Plebejus argus, Adonis aestivalis, Cervus nippon, Emberiza calandra, Pernis apivorus, Alyssum montanum, Geranium molle, Vicia pisiformis, Accipiter nisus, Hesperia comma, Lycaena hippothoe, Melitaea athalia, Polyommatus daphnis, Satyrium pruni, Zygaena carniolica, Argiope bruennichi, Polygala chamaebuxus, Pyrgus alveus, Rosa elliptica, Thesium linophyllon, Carduus nutans, Myotis myotis, Colias alfacariensis, Hypochaeris maculata, Perdix perdix, Zygaena ephialtes, Iris sibirica, Gagea villosa, Jovibarba globifera, Jovibarba globifera subsp. globifera, Dianthus superbus, Procyon lotor, Rubus canescens, Sylvia nisoria, Ventenata dubia, Accipiter gentilis, Androsace elongata, Limenitis populi, Zootoca vivipara, Anguis fragilis, Crex crex, Milvus milvus, Thesium alpinum, Clanga pomarina, Cupido minimus, Carex disticha, Lysandra coridon, Spialia sertorius, Coronella austriaca, Helianthemum canum, Eresus sandaliatus, Petrorhagia prolifera, Rana dalmatina, Circus cyaneus, Grus grus, Sorbus aria, Orchis mascula, Orchis mascula subsp. speciosa, Diacrisia purpurata, Zygaena purpuralis, Phelipanche purpurea, Pyrgus serratulae, Pulsatilla pratensis, Botrychium lunaria, Lullula arborea, Lycaena alciphron, Potentilla alba, Pulsatilla patens, Vicia pannonica subsp. striata, Watsonarctia casta, Circus aeruginosus, Gryllus campestris, Natrix natrix, Asperula tinctoria, Jordanita globulariae, Verbena officinalis, Boloria euphrosyne, Tyria jacobaeae, Potentilla incana, Phelipanche purpurea s. l., Caprimulgus europaeus, Satyrium spini, Filago arvensis, Falco subbuteo, Glaucopsyche alexis, Veronica hederifolia, Sciurus vulgaris, Upupa epops, Zygaena angelicae, Verbascum lychnitis subsp. moenchii, Potamogeton alpinus, Nucifraga caryocatactes, Bubo bubo, Cerastium brachypetalum, Psophus stridulus, Delichon urbicum, Hirundo rustica, Malus sylvestris, Aquilegia vulgaris, Rosa gallica, Festuca pulchra, Boloria selene, Galium mollugo, Ononis arvensis, Ophioglossum vulgatum, Melampyrum cristatum, Lyrurus tetrix, Arctia plantaginis, Orobanche caryophyllacea, Lissotriton vulgaris, Ichthyosaura alpestris, Malacosoma neustria, Neotinea ustulata, Acanthis cabaret, Dryobates minor, Carpodacus erythrinus, Scolopax rusticola, Branchipus schaefferi, Bufo bufo, Triops cancriformis, Clostera anachoreta, Clostera anastomosis, Comarum palustre, Eilema pygmaeola, Eriogaster lanestris, Falcaria lacertinaria, Furcula furcula, Gastropacha quercifolia, Gynaephora fascelina, Korscheltellus lupulina, Lasiocampa trifolii, Lemonia taraxaci, Lestes barbarus, Lestes dryas, Malacosoma castrensis, Melitaea diamina, Odontognophos dumetata, Sympetrum flaveolum, Trichiura crataegi, Eumedonia eumedon, Picus canus, Satyrium w-album, Callophrys rubi, Gentianopsis ciliata, Lanius excubitor, Anthus pratensis, Tachybaptus ruficollis, Prunus fruticosa, Columba oenas, Dactylorhiza majalis, Glaucidium passerinum, Trifolium striatum, Hieracium schmidtii, Gallinago gallinago, Eleocharis mamillata, Bombina bombina, Elatine hydropiper, Gentiana cruciata, Phengaris nausithous, Triturus cristatus, Rhagades pruni, Canis lupus, Ficedula hypoleuca, Cerastium pumilum, Rhinanthus alectorolophus, Pilosella pilosellina, Dendrocoptes medius, Stenobothrus crassipes, Pelophylax ridibundus, Saxicola rubicola, Lasiommata maera, Melitaea cinxia, Euphorbia stricta, Gentianella germanica, Dianthus superbus subsp. superbus, Salix rosmarinifolia, Haliaeetus albicilla, Malva pusilla, Ficedula parva, Orchis mascula subsp. mascula, Cerastium brachypetalum subsp. brachypetalum, Oenanthe oenanthe, Leptidea sinapis, Lynx lynx, Adscita geryon, Pulmonaria angustifolia, Anthaxia candens, Aphanes arvensis, Ardea cinerea, Gallinula chloropus, Milvus migrans, Vanellus vanellus, Korscheltellus fusconebulosa, Odonestis pruni, Dactylorhiza sambucina, Pholidoptera aptera, Pilosella cymosa, Gymnadenia conopsea, Ovis aries musimon, Berberis vulgaris, Papaver argemone, Astragalus danicus, Hylotelephium telephium, Hyoscyamus niger";"Prunus spinosa, Crataegus sp., Phragmites australis, Dactylis glomerata, Alopecurus pratensis, Urtica dioica, Picea abies, Poa trivialis, Fraxinus excelsior, Anthriscus sylvestris, Aegopodium podagraria, Filipendula ulmaria, Acer campestre, Fagus sylvatica, Betula pendula, Calamagrostis epigejos, Agrostis capillaris, Populus tremula, Pinus sylvestris, Rumex obtusifolius, Salix caprea, Cerastium semidecandrum, Avenella flexuosa, Acer pseudoplatanus, Phalaris arundinacea";99,2271367774305;335;2e-04;84,8284786609533;93,8960855925244;84,8284786609533;1;99,99407779172;NA;NA;"CZ0414127";"6210"
5;"CZ0414127";"Hradištì";"6230";6,6477571039579;2;2;1,38619680300114;2,61380319699886;2,07952051567239;92,0479484327606;NA;NA;0,0640368025026192;0,0200480816020379;6,11912403098634;0;0;NA;NA;0;0;0;100;0;2010-06-29;2012-05-15;2011-10-08;2011-10-22;7,20420876868854;63,6767906311851;62,0048514491458;"Coeloglossum viride, Emberiza calandra, Gentianella obtusifolia subsp. sturmiana, Antennaria dioica, Botrychium lunaria, Cirsium acaulon, Arnica montana, Pyrgus serratulae, Lacerta agilis, Lanius collurio, Erebia medusa, Polygala multicaulis, Dactylorhiza majalis, Coenonympha arcania, Plebejus argus, Polyommatus amandus, Lasiommata maera, Hesperia comma, Trifolium spadiceum, Cyaniris semiargus";"Cirsium acaulon, Antennaria dioica, Arnica montana, Botrychium lunaria, Coeloglossum viride, Coenonympha arcania, Cyaniris semiargus, Dactylorhiza majalis, Emberiza calandra, Erebia medusa, Gentianella obtusifolia subsp. sturmiana, Hesperia comma, Lacerta agilis, Lanius collurio, Lasiommata maera, Plebejus argus, Polygala multicaulis, Polyommatus amandus, Pyrgus serratulae, Trifolium spadiceum";"Agrostis capillaris";100;7;3e-04;76,6824034453073;100;76,6824034453073;1;100;NA;NA;"CZ0414127";"6230"
6;"CZ0414127";"Hradištì";"6430";460,558035422456;2,50403024484806;2,0087912969306;1,43076078803678;2,32478822346331;2,10194811949508;76,0468994853687;NA;NA;4,95887825681909;1,38893538560944;350,240106269504;12,5466657730129;2,72423121692018;NA;NA;12,5466657730129;2,72423121692018;0;11,3371900762624;88,6628099237376;2001-05-06;2024-06-17;2014-12-24;2015-09-15;10;79,8498938956824;57,3205037728972;"Scrophularia umbrosa, Lanius collurio, Trollius altissimus, Iris sibirica, Procyon lotor, Lissotriton vulgaris, Carex appropinquata, Jynx torquilla, Crepis mollis subsp. succisifolia, Emberiza calandra, Melampyrum arvense, Accipiter gentilis, Trifolium spadiceum, Phengaris nausithous, Zootoca vivipara, Triturus cristatus, Coenonympha arcania, Melitaea diamina, Butomus umbellatus, Carex disticha, Branchipus schaefferi, Carex cespitosa, Milvus milvus, Epilobium palustre, Polyommatus amandus, Tachybaptus ruficollis, Rana temporaria, Haliaeetus albicilla, Pelophylax lessonae, Crex crex, Eumedonia eumedon, Lathyrus nissolia, Gallinago gallinago, Carex umbrosa, Dactylorhiza majalis subsp. majalis, Hirundo rustica, Corvus corone, Pernis apivorus, Dactylorhiza majalis, Upupa epops, Phelipanche purpurea, Sylvia nisoria, Salix rosmarinifolia, Comarum palustre, Epilobium parviflorum, Lycaena hippothoe, Apamea illyria, Luscinia svecica cyanecula, Cygnus olor, Centaurea montana, Triops cancriformis, Erebia ligea, Grus grus, Erebia medusa, Dianthus superbus, Lyrurus tetrix, Clanga pomarina, Bufo bufo, Natrix natrix, Rana arvalis, Melitaea athalia, Menyanthes trifoliata, Ardea cinerea, Malacosoma neustria, Lepus europaeus, Lycaena virgaureae, Cervus nippon, Cyaniris semiargus, Pelophylax esculentus, Carpodacus erythrinus, Canis lupus, Polyommatus daphnis, Phengaris teleius, Bombina bombina, Serratula tinctoria, Anthemis tinctoria, Coturnix coturnix, Vipera berus, Scolopax rusticola, Zygaena angelicae, Vanellus vanellus, Lasiommata maera, Tringa ochropus, Carex diandra, Androsace elongata, Boloria selene, Pyrus pyraster, Coenagrion hastulatum, Perdix perdix, Cirsium acaulon, Pseudorasbora parva, Galium wirtgenii, Limenitis populi, Picus canus, Dama dama, Circus aeruginosus, Anguis fragilis, Diacrisia purpurata, Accipiter nisus, Lacerta agilis, Gallinula chloropus, Leucojum vernum, Saturnia pavonia, Lutra lutra, Saxicola rubicola, Gentiana pneumonanthe, Leptidea sinapis, Satyrium w-album, Anthus pratensis, Pilosella aurantiaca, Vertigo angustior, Rallus aquaticus, Euphydryas aurinia, Lanius excubitor, Acanthis cabaret, Oenanthe oenanthe, Zygaena ephialtes, Aphanes arvensis, Ciconia nigra, Colias alfacariensis, Plebejus argus, Lycaena alciphron, Phengaris arion, Chrysosplenium oppositifolium, Milvus migrans, Poa remota, Gryllus campestris, Satyrium spini, Anthaxia candens, Gentiana cruciata, Ovis aries musimon";"Carex umbrosa, Iris sibirica, Trollius altissimus, Carex cespitosa, Carex appropinquata, Crepis mollis subsp. succisifolia, Jynx torquilla, Carex disticha, Carex diandra, Epilobium palustre, Crex crex, Lissotriton vulgaris, Rana temporaria, Scolopax rusticola, Gentiana cruciata, Poa remota, Centaurea montana, Dactylorhiza majalis, Lyrurus tetrix, Pernis apivorus, Carpodacus erythrinus, Comarum palustre, Corvus corone, Dactylorhiza majalis subsp. majalis, Galium wirtgenii, Gallinago gallinago, Hirundo rustica, Lanius collurio, Luscinia svecica cyanecula, Milvus milvus, Salix rosmarinifolia, Vipera berus, Serratula tinctoria, Gentiana pneumonanthe, Cervus nippon, Eumedonia eumedon, Leptidea sinapis, Limenitis populi, Lycaena virgaureae, Phengaris nausithous, Phengaris teleius, Polyommatus amandus, Polyommatus daphnis, Satyrium w-album, Zygaena ephialtes, Accipiter nisus, Lathyrus nissolia, Lepus europaeus, Zootoca vivipara, Ciconia nigra, Bombina bombina, Bufo bufo, Coenagrion hastulatum, Coturnix coturnix, Cyaniris semiargus, Cygnus olor, Emberiza calandra, Erebia medusa, Grus grus, Lanius excubitor, Lycaena hippothoe, Melitaea athalia, Melitaea diamina, Pelophylax esculentus, Pelophylax lessonae, Rallus aquaticus, Saturnia pavonia, Sylvia nisoria, Tachybaptus ruficollis, Euphydryas aurinia, Butomus umbellatus, Anthus pratensis, Natrix natrix, Menyanthes trifoliata, Rana arvalis, Chrysosplenium oppositifolium, Epilobium parviflorum, Anguis fragilis, Coenonympha arcania, Upupa epops, Accipiter gentilis, Cirsium acaulon, Circus aeruginosus, Lutra lutra, Dianthus superbus, Vertigo angustior, Trifolium spadiceum, Tringa ochropus, Vanellus vanellus, Haliaeetus albicilla, Apamea illyria, Diacrisia purpurata, Malacosoma neustria, Satyrium spini, Erebia ligea, Lasiommata maera, Lycaena alciphron, Leucojum vernum, Lacerta agilis, Dama dama, Perdix perdix, Pilosella aurantiaca, Triops cancriformis, Ovis aries musimon, Canis lupus, Scrophularia umbrosa, Procyon lotor, Pseudorasbora parva, Androsace elongata, Anthaxia candens, Anthemis tinctoria, Aphanes arvensis, Clanga pomarina, Melampyrum arvense, Pyrus pyraster, Acanthis cabaret, Ardea cinerea, Branchipus schaefferi, Gallinula chloropus, Gryllus campestris, Milvus migrans, Oenanthe oenanthe, Saxicola rubicola, Phelipanche purpurea, Picus canus, Phengaris arion, Colias alfacariensis, Plebejus argus, Zygaena angelicae, Boloria selene";"Filipendula ulmaria, Scirpus sylvaticus, Rubus idaeus, Alopecurus pratensis, Aegopodium podagraria, Urtica dioica, Carex acutiformis, Anthriscus sylvestris, Deschampsia cespitosa, Salix cinerea, Betula pendula, Carex rostrata, Dactylis glomerata, Fraxinus excelsior, Artemisia vulgaris, Phalaris arundinacea, Petasites hybridus, Agrostis capillaris, Crataegus sp., Salix euxina, Cirsium oleraceum, Calamagrostis canescens, Salix caprea, Chaerophyllum aureum, Alnus glutinosa";97,2757368121689;265;2e-04;87,6181835119828;78,1230019086642;87,6181835119828;1;99,798153281285;NA;NA;"CZ0414127";"6430"
7;"CZ0414127";"Hradištì";"6510";6912,24684046021;2,56470418004691;2,22665192073927;1,54725320123698;2,43310172611565;2,18902009256064;70,3720668677248;NA;NA;3,95825798517343;20,8457208264227;4873,17611205899;439,302472007002;6,35542222589022;NA;NA;439,302472007002;6,35542222589022;0;19,5714483533339;80,4285516466661;2001-05-06;2024-07-02;2015-10-25;2015-09-20;10;73,6929703978066;44,5622288454369;"Jynx torquilla, Pyrus pyraster, Lyrurus tetrix, Corvus corone, Lycaena hippothoe, Zygaena ephialtes, Serratula tinctoria, Emberiza calandra, Lycaena virgaureae, Erebia medusa, Melitaea athalia, Zygaena angelicae, Bombina bombina, Accipiter nisus, Anguis fragilis, Lissotriton vulgaris, Phelipanche purpurea s. l., Dianthus superbus subsp. superbus, Crex crex, Sylvia nisoria, Anthus pratensis, Lepus europaeus, Accipiter gentilis, Cotoneaster integerrimus, Procyon lotor, Triops cancriformis, Eresus sandaliatus, Lanius collurio, Rhinanthus alectorolophus, Lathyrus nissolia, Eumedonia eumedon, Polyommatus daphnis, Phengaris arion, Cervus nippon, Petrorhagia prolifera, Trollius altissimus, Coturnix coturnix, Polyommatus amandus, Hylotelephium telephium, Haliaeetus albicilla, Zygaena carniolica, Melampyrum arvense, Milvus milvus, Dryobates minor, Pyrgus serratulae, Spialia sertorius, Cyaniris semiargus, Malacosoma neustria, Delichon urbicum, Galium mollugo, Filago arvensis, Thesium alpinum, Carex disticha, Hamearis lucina, Satyrium w-album, Plebejus argus, Coenagrion hastulatum, Phelipanche purpurea, Dianthus superbus, Corvus frugilegus, Vanellus vanellus, Iris sibirica, Branchipus schaefferi, Saxicola rubicola, Cygnus olor, Crepis mollis subsp. succisifolia, Comarum palustre, Clanga pomarina, Acanthis cabaret, Picus canus, Gallinago gallinago, Perdix perdix, Prunella grandiflora, Satyrium pruni, Coenonympha arcania, Bufo bufo, Falco subbuteo, Upupa epops, Hypericum dubium, Lutra lutra, Galium wirtgenii, Carex cespitosa, Gryllus campestris, Neovison vison, Caprimulgus europaeus, Cirsium acaulon, Glaucopsyche alexis, Lysandra coridon, Pholidoptera aptera, Pernis apivorus, Ventenata dubia, Rhagades pruni, Grus grus, Hirundo rustica, Ciconia nigra, Platalea leucorodia, Sorbus danubialis, Vipera berus, Cottus gobio, Orchis mascula subsp. speciosa, Circus cyaneus, Trifolium spadiceum, Anthemis tinctoria, Triturus cristatus, Anthus campestris, Columba oenas, Zygaena purpuralis, Rana temporaria, Phengaris nausithous, Sympecma paedisca, Androsace elongata, Chrysosplenium oppositifolium, Carduus nutans, Coronella austriaca, Notodonta tritophus, Apamea illyria, Sciurus vulgaris, Carpodacus erythrinus, Zootoca vivipara, Boloria euphrosyne, Dama dama, Lacerta agilis, Geranium sanguineum, Verbascum lychnitis subsp. moenchii, Ranunculus arvensis, Circus aeruginosus, Malus sylvestris, Carex appropinquata, Diacrisia purpurata, Scolopax rusticola, Phoxinus phoxinus, Stenobothrus stigmaticus, Lanius excubitor, Potentilla incana, Orobanche reticulata, Rosa gallica, Milvus migrans, Aegolius funereus, Ficedula hypoleuca, Colias alfacariensis, Riparia riparia, Luscinia svecica cyanecula, Bubo bubo, Centaurea montana agg., Clematis recta, Ardea cinerea, Orchis mascula, Aquilegia vulgaris, Pulsatilla pratensis subsp. bohemica, Centaurea montana, Dactylorhiza majalis subsp. majalis, Plagiomnium medium, Melampyrum cristatum, Boloria selene, Pelophylax esculentus, Gymnadenia conopsea, Hesperis sylvestris, Satyrium spini, Pulsatilla pratensis, Juniperus communis, Furcula bicuspis, Chelis maculosa, Pelophylax lessonae, Gagea villosa, Trifolium striatum, Gentiana cruciata, Harpyia milhauseri, Hyles euphorbiae, Cerastium brachypetalum, Helianthemum canum, Pyrgus alveus, Hesperia comma, Antennaria dioica, Canis lupus, Polygala chamaebuxus, Nucifraga caryocatactes, Ichthyosaura alpestris, Alcedo atthis, Tyria jacobaeae, Ficedula albicollis, Prunus fruticosa, Dactylorhiza majalis, Malva pusilla, Felis silvestris, Phyteuma orbiculare, Epilobium palustre, Ovis aries musimon, Urtica urens, Limenitis populi, Centaurea phrygia, Dendrocoptes medius, Tachybaptus ruficollis, Tringa ochropus, Natrix natrix, Amata phegea, Lullula arborea, Acarospora glaucocarpa, Circus pygargus, Zamenis longissimus, Ononis arvensis, Callophrys rubi, Dactylorhiza sambucina, Iphiclides podalirius, Ornithogalum umbellatum, Gallinula chloropus, Rallus aquaticus, Polemonium caeruleum, Melitaea cinxia, Aphanes arvensis, Oenanthe oenanthe, Neotinea ustulata, Glaucidium passerinum, Nyctereutes procyonoides, Cosmotriche lobulina, Jordanita globulariae, Pilosella aurantiaca, Puccinellia distans, Myotis bechsteinii, Watsonarctia casta, Lycaena alciphron, Myocastor coypus, Pilosella cymosa, Elatine hydropiper, Cupido minimus, Neottia nidus-avis, Veronica praecox, Eriogaster lanestris, Pulsatilla patens, Carcharodus alceae, Juniperus communis var. communis, Myosurus minimus, Potentilla alba, Emberiza hortulana, Chenopodium bonus-henricus, Salix rosmarinifolia, Sympetrum flaveolum, Glis glis, Atriplex prostrata, Odontites luteus, Falco peregrinus, Lestes dryas, Erysimum crepidifolium, Ficedula parva, Hyoscyamus niger, Crepis mollis, Hierochloë odorata, Salix repens, Anthaxia candens, Leucojum vernum, Mareca strepera, Orobanche caryophyllacea, Geranium molle, Agrilus cuprescens, Euphydryas aurinia, Myotis myotis, Stethophyma grossum, Veronica hederifolia";"Lanius collurio, Bufo bufo, Emberiza calandra, Cirsium acaulon, Gallinago gallinago, Lyrurus tetrix, Orchis mascula, Juniperus communis, Anguis fragilis, Lanius excubitor, Lathyrus nissolia, Lepus europaeus, Rana temporaria, Crepis mollis subsp. succisifolia, Accipiter nisus, Cervus nippon, Scolopax rusticola, Sylvia nisoria, Dianthus superbus, Malus sylvestris, Rhinanthus alectorolophus, Carex disticha, Bombina bombina, Lacerta agilis, Boloria euphrosyne, Coenonympha arcania, Colias alfacariensis, Cyaniris semiargus, Dactylorhiza majalis subsp. majalis, Erebia medusa, Eumedonia eumedon, Jynx torquilla, Lycaena hippothoe, Melitaea athalia, Plebejus argus, Polyommatus amandus, Polyommatus daphnis, Pyrgus serratulae, Spialia sertorius, Zygaena carniolica, Centaurea montana, Clanga pomarina, Acarospora glaucocarpa, Corvus corone, Crex crex, Procyon lotor, Pyrus pyraster, Trollius altissimus, Carex appropinquata, Leucojum vernum, Falco peregrinus, Hesperia comma, Myotis bechsteinii, Phengaris nausithous, Satyrium w-album, Stethophyma grossum, Tringa ochropus, Coturnix coturnix, Dama dama, Petrorhagia prolifera, Columba oenas, Veronica hederifolia, Melampyrum arvense, Cotoneaster integerrimus, Anthus pratensis, Dryobates minor, Hirundo rustica, Zootoca vivipara, Pelophylax lessonae, Lullula arborea, Anthemis tinctoria, Prunella grandiflora, Sorbus danubialis, Carex cespitosa, Milvus milvus, Polygala chamaebuxus, Iris sibirica, Canis lupus, Centaurea montana agg., Galium wirtgenii, Dianthus superbus subsp. superbus, Satyrium spini, Delichon urbicum, Picus canus, Sciurus vulgaris, Ciconia nigra, Pernis apivorus, Hierochloë odorata, Circus aeruginosus, Phyteuma orbiculare, Grus grus, Zygaena ephialtes, Elatine hydropiper, Gallinula chloropus, Phelipanche purpurea, Pulsatilla patens, Orchis mascula subsp. speciosa, Luscinia svecica cyanecula, Carpodacus erythrinus, Clematis recta, Helianthemum canum, Haliaeetus albicilla, Perdix perdix, Natrix natrix, Serratula tinctoria, Crepis mollis, Carduus nutans, Geranium molle, Odontites luteus, Saxicola rubicola, Bubo bubo, Caprimulgus europaeus, Filago arvensis, Callophrys rubi, Glaucopsyche alexis, Tyria jacobaeae, Lycaena virgaureae, Phengaris arion, Sympetrum flaveolum, Plagiomnium medium, Comarum palustre, Lysandra coridon, Centaurea phrygia, Hamearis lucina, Thesium alpinum, Potentilla alba, Euphydryas aurinia, Cupido minimus, Pyrgus alveus, Gryllus campestris, Dactylorhiza majalis, Trifolium spadiceum, Milvus migrans, Malva pusilla, Atriplex prostrata, Puccinellia distans, Ficedula hypoleuca, Aquilegia vulgaris, Juniperus communis var. communis, Upupa epops, Coenagrion hastulatum, Lestes dryas, Ovis aries musimon, Pelophylax esculentus, Hypericum dubium, Orobanche reticulata, Neottia nidus-avis, Aegolius funereus, Hylotelephium telephium, Diacrisia purpurata, Vipera berus, Coronella austriaca, Circus pygargus, Satyrium pruni, Acanthis cabaret, Ichthyosaura alpestris, Lissotriton vulgaris, Verbascum lychnitis subsp. moenchii, Triops cancriformis, Ononis arvensis, Phelipanche purpurea s. l., Zygaena angelicae, Ficedula albicollis, Ficedula parva, Corvus frugilegus, Cygnus olor, Platalea leucorodia, Nucifraga caryocatactes, Ventenata dubia, Malacosoma neustria, Eriogaster lanestris, Neotinea ustulata, Orobanche caryophyllacea, Branchipus schaefferi, Oenanthe oenanthe, Triturus cristatus, Aphanes arvensis, Antennaria dioica, Boloria selene, Galium mollugo, Falco subbuteo, Prunus fruticosa, Potentilla incana, Geranium sanguineum, Limenitis populi, Rhagades pruni, Jordanita globulariae, Accipiter gentilis, Rosa gallica, Vanellus vanellus, Eresus sandaliatus, Gentiana cruciata, Trifolium striatum, Anthus campestris, Cosmotriche lobulina, Furcula bicuspis, Harpyia milhauseri, Hyles euphorbiae, Notodonta tritophus, Apamea illyria, Epilobium palustre, Melitaea cinxia, Polemonium caeruleum, Hyoscyamus niger, Iphiclides podalirius, Alcedo atthis, Cottus gobio, Phoxinus phoxinus, Lycaena alciphron, Urtica urens, Gagea villosa, Ornithogalum umbellatum, Ranunculus arvensis, Erysimum crepidifolium, Myosurus minimus, Chrysosplenium oppositifolium, Circus cyaneus, Zygaena purpuralis, Salix rosmarinifolia, Salix repens, Androsace elongata, Rallus aquaticus, Dendrocoptes medius, Pholidoptera aptera, Glis glis, Myotis myotis, Carcharodus alceae, Cerastium brachypetalum, Amata phegea, Emberiza hortulana, Anthaxia candens, Ardea cinerea, Tachybaptus ruficollis, Dactylorhiza sambucina, Pulsatilla pratensis, Felis silvestris, Agrilus cuprescens, Pilosella cymosa, Veronica praecox, Zamenis longissimus, Gymnadenia conopsea, Melampyrum cristatum, Myocastor coypus, Neovison vison, Nyctereutes procyonoides, Glaucidium passerinum, Pilosella aurantiaca, Chenopodium bonus-henricus, Hesperis sylvestris, Stenobothrus stigmaticus, Pulsatilla pratensis subsp. bohemica, Mareca strepera, Riparia riparia";"Alopecurus pratensis, Anthriscus sylvestris, Dactylis glomerata, Prunus spinosa, Urtica dioica, Acer campestre, Aegopodium podagraria, Crataegus sp., Trifolium pratense, Salix cinerea, Alnus glutinosa, Filipendula ulmaria, Cirsium oleraceum, Geranium pratense, Acer pseudoplatanus, Picea abies, Salix caprea, Pinus sylvestris, Deschampsia cespitosa, Rubus fruticosus agg., Fraxinus excelsior, Salix alba, Agrostis capillaris, Chaerophyllum aureum, Rubus idaeus, Populus tremula, Betula pendula, Phragmites australis, Phalaris arundinacea, Scirpus sylvaticus, Carex hirta, Calamagrostis epigejos, Typha latifolia, Fagus sylvatica";93,644571234601;283;3e-04;80,0081858782768;94,101985094363;80,0081858782768;1;99,9963765276381;NA;NA;"CZ0414127";"6510"
8;"CZ0414127";"Hradištì";"8230";4,36724445011839;2,18447240272627;2,31811163091448;1,5092147959384;2,54673035913997;1,92929221763621;86,7697629937612;NA;NA;5,14051443964313;0,013170588477111;3,78944765872592;0;0;NA;NA;0;0;0;39,5075672521391;60,4924327478609;2001-08-26;2024-05-31;2014-12-11;2015-06-25;10;84,0149954183781;8,07225702879883;"Pulsatilla patens, Ichthyosaura alpestris, Ventenata dubia, Anthemis tinctoria, Jovibarba globifera, Zygaena carniolica, Milvus milvus, Plebejus argus, Prunella grandiflora, Cyaniris semiargus, Eumedonia eumedon, Triops cancriformis, Polyommatus amandus, Branchipus schaefferi, Crex crex, Coenonympha arcania, Lanius collurio, Petrorhagia prolifera, Melampyrum arvense, Ranunculus arvensis, Juniperus communis, Cervus nippon, Cotoneaster integerrimus, Melitaea athalia, Polyommatus daphnis, Serratula tinctoria, Eresus sandaliatus, Erysimum crepidifolium, Sorbus danubialis, Lycaena virgaureae, Hesperia comma, Sciurus vulgaris, Bombina bombina, Melitaea cinxia, Emberiza calandra, Vicia lathyroides, Pulsatilla pratensis, Erebia medusa, Sylvia nisoria, Zygaena ephialtes, Orchis mascula, Pyrgus serratulae, Chelis maculosa, Lissotriton vulgaris, Lysandra coridon, Caprimulgus europaeus, Trifolium striatum, Prunus fruticosa, Lullula arborea, Verbascum lychnitis subsp. moenchii, Phelipanche purpurea s. l., Euphorbia stricta, Triturus cristatus, Gryllus campestris, Lathyrus nissolia, Acanthis cabaret, Watsonarctia casta, Colias alfacariensis, Ovis aries musimon, Jordanita globulariae, Alyssum montanum, Antennaria dioica, Picus canus, Zootoca vivipara, Oenanthe oenanthe, Procyon lotor";"Eresus sandaliatus, Erysimum crepidifolium, Jovibarba globifera, Antennaria dioica, Anthemis tinctoria, Juniperus communis, Pulsatilla patens, Sorbus danubialis, Crex crex, Emberiza calandra, Zootoca vivipara, Acanthis cabaret, Coenonympha arcania, Cyaniris semiargus, Lanius collurio, Lycaena virgaureae, Melampyrum arvense, Oenanthe oenanthe, Petrorhagia prolifera, Picus canus, Polyommatus amandus, Polyommatus daphnis, Sylvia nisoria, Zygaena carniolica, Cervus nippon, Erebia medusa, Pyrgus serratulae, Lathyrus nissolia, Phelipanche purpurea s. l., Prunella grandiflora, Verbascum lychnitis subsp. moenchii, Alyssum montanum, Colias alfacariensis, Eumedonia eumedon, Jordanita globulariae, Lullula arborea, Plebejus argus, Ventenata dubia, Zygaena ephialtes, Cotoneaster integerrimus, Milvus milvus, Branchipus schaefferi, Caprimulgus europaeus, Gryllus campestris, Ichthyosaura alpestris, Lissotriton vulgaris, Procyon lotor, Triops cancriformis, Ranunculus arvensis, Serratula tinctoria, Hesperia comma, Lysandra coridon, Melitaea athalia, Melitaea cinxia, Orchis mascula, Trifolium striatum, Euphorbia stricta, Prunus fruticosa, Ovis aries musimon, Sciurus vulgaris, Pulsatilla pratensis, Vicia lathyroides";"Picea abies, Crataegus sp.";100;55;6e-05;98,4312284746453;87,6410660326914;98,4312284746453;1;100;NA;NA;"CZ0414127";"8230"
9;"CZ0414127";"Hradištì";"8310";0,00832014722253378;2;3;2;1;2,97485928127205;2,51407187279495;NA;NA;0,462048504891461;2,50916193010446e-05;0,000209174481096852;0;0;NA;NA;0;0;0;0;100;2017-04-02;2017-05-07;2017-04-21;2017-04-23;0;0;67,0531424178893;NA;NA;"Fagus sylvatica";100;4;0;97,7366329101845;100;97,7366329101845;1;100;NA;NA;"CZ0414127";"8310"
10;"CZ0414127";"Hradištì";"9130";5598,14399765062;2,43183530079615;2,00172216178695;1,55905911865111;2,1505904020584;2,06988587736943;78,8128330936762;0,220107598290569;0,00101871607761869;4,27787948426639;16,8826938063122;4417,49549625962;403,652485373923;7,21046985471121;234,354444401752;4,18628825017905;638,006929775675;11,3967581048903;0;3,23558285750208;92,5781288923189;2001-05-01;2024-06-18;2017-03-14;2017-04-14;10;42,0620361022697;77,5348939917027;"Argiope bruennichi, Euphydryas aurinia, Picus canus, Aquilegia vulgaris, Lepus europaeus, Ciconia nigra, Sciurus vulgaris, Columba oenas, Lycaena hippothoe, Crex crex, Zamenis longissimus, Neottia nidus-avis, Salamandra salamandra, Cyaniris semiargus, Coenonympha arcania, Sylvia nisoria, Erebia medusa, Pernis apivorus, Lanius collurio, Erebia ligea, Sorbus danubialis, Lasiocampa quercus, Cervus nippon, Polyommatus amandus, Lynx lynx, Odontosia carmelita, Bubo bubo, Leucodonta bicoloria, Orchis mascula, Galium wirtgenii, Platanthera chlorantha, Drymonia ruficornis, Melitaea athalia, Arum maculatum, Hirundo rustica, Chrysosplenium oppositifolium, Scolopax rusticola, Ornithogalum umbellatum, Drymonia obliterata, Ficedula hypoleuca, Plecotus austriacus, Lasiommata maera, Bupleurum longifolium, Lycaena virgaureae, Procyon lotor, Coturnix coturnix, Vicia pisiformis, Milvus milvus, Pyrus pyraster, Triops cancriformis, Anthemis tinctoria, Korscheltellus fusconebulosa, Boloria selene, Emberiza calandra, Platanthera bifolia, Ficedula parva, Myotis myotis, Trifolium spadiceum, Polystichum aculeatum, Jynx torquilla, Saturnia pavonia, Epipactis leptochila, Korscheltellus lupulina, Ochropacha duplaris, Trichiura crataegi, Ovis aries musimon, Hamearis lucina, Trollius altissimus, Anguis fragilis, Populus nigra, Epipactis purpurata, Spialia sertorius, Malus sylvestris, Hepialus humuli, Bombina bombina, Bufo bufo, Sorbus aria, Acanthis cabaret, Cirsium acaulon, Platalea leucorodia, Dama dama, Nyctalus leisleri, Tetheella fluctuosa, Lullula arborea, Malacosoma neustria, Cotoneaster integerrimus, Achlya flavicornis, Corvus corone, Nucifraga caryocatactes, Dactylorhiza fuchsii subsp. fuchsii, Lacerta agilis, Limenitis populi, Potamogeton alpinus, Elatine hydropiper, Galeopsis ladanum, Cosmotriche lobulina, Clostera anachoreta, Rana temporaria, Orobanche reticulata, Diacrisia purpurata, Canis lupus, Vipera berus, Centaurea montana, Corvus frugilegus, Myotis bechsteinii, Falcaria lacertinaria, Saxicola rubicola, Dryobates minor, Coenagrion hastulatum, Limenitis camilla, Dactylorhiza fuchsii, Ichthyosaura alpestris, Tetrastes bonasia, Accipiter gentilis, Apamea illyria, Colias palaeno, Serratula tinctoria, Natrix natrix, Hemaris fuciformis, Melitaea diamina, Triturus cristatus, Filago arvensis, Zootoca vivipara, Cephalanthera damasonium, Arctia plantaginis, Tyria jacobaeae, Melampyrum arvense, Eumedonia eumedon, Cephalanthera longifolia, Trichius fasciatus, Pyrola minor, Accipiter nisus, Sympetrum flaveolum, Cupido minimus, Prunus fruticosa, Furcula bifida, Veronica hederifolia, Crepis mollis subsp. succisifolia, Furcula bicuspis, Lissotriton vulgaris, Cerura vinula, Plebejus argus, Glaucidium passerinum, Potamogeton trichoides, Lathyrus nissolia, Aegolius funereus, Gallinago gallinago, Colias alfacariensis, Athene noctua, Haliaeetus albicilla, Leucoma salicis, Delichon urbicum, Nyctereutes procyonoides, Endromis versicolora, Myotis alcathoe, Chamaecytisus supinus, Pulmonaria mollis, Anthus pratensis, Monotropa hypopitys, Juniperus communis, Iris sibirica, Lathyrus latifolius, Upupa epops, Thesium linophyllon, Luscinia luscinia, Ficedula albicollis, Boloria euphrosyne, Bufotes viridis, Falco subbuteo, Arabis pauciflora, Carex disticha, Centaurea montana agg., Iphiclides podalirius, Geranium sanguineum, Emberiza hortulana, Verbascum lychnitis subsp. moenchii, Pulsatilla patens, Furcula furcula, Watsonarctia casta, Trifolium rubens, Prunella grandiflora, Dendrocoptes medius, Lyrurus tetrix, Gentianopsis ciliata, Myosurus minimus, Petrorhagia prolifera, Thesium alpinum, Glaucopsyche alexis, Stellaria palustris, Carex cespitosa, Zygaena ephialtes, Notodonta tritophus, Orchis mascula subsp. speciosa, Monotropa hypophegea, Phelipanche purpurea, Hesperia comma, Lycaena alciphron, Carpodacus erythrinus, Onychogomphus forcipatus, Coronella austriaca, Callophrys rubi, Hypericum dubium, Felis silvestris";"Cervus nippon, Lathyrus nissolia, Lullula arborea, Melampyrum arvense, Petrorhagia prolifera, Picus canus, Sciurus vulgaris, Polyommatus amandus, Argiope bruennichi, Cirsium acaulon, Scolopax rusticola, Anguis fragilis, Lanius collurio, Sylvia nisoria, Centaurea montana, Prunus fruticosa, Bufo bufo, Cotoneaster integerrimus, Malus sylvestris, Corvus corone, Ornithogalum umbellatum, Procyon lotor, Centaurea montana agg., Ciconia nigra, Acanthis cabaret, Emberiza calandra, Ficedula hypoleuca, Lepus europaeus, Stellaria palustris, Boloria euphrosyne, Cupido minimus, Erebia ligea, Erebia medusa, Glaucidium passerinum, Prunella grandiflora, Aquilegia vulgaris, Eumedonia eumedon, Lycaena hippothoe, Sorbus danubialis, Pernis apivorus, Cyaniris semiargus, Geranium sanguineum, Lyrurus tetrix, Plecotus austriacus, Vicia pisiformis, Myotis myotis, Zootoca vivipara, Anthemis tinctoria, Orchis mascula, Coturnix coturnix, Crex crex, Jynx torquilla, Luscinia luscinia, Saxicola rubicola, Trifolium spadiceum, Columba oenas, Dendrocoptes medius, Ficedula parva, Trollius altissimus, Bupleurum longifolium, Crepis mollis subsp. succisifolia, Myosurus minimus, Sorbus aria, Thesium linophyllon, Dactylorhiza fuchsii, Dactylorhiza fuchsii subsp. fuchsii, Neottia nidus-avis, Hypericum dubium, Trifolium rubens, Populus nigra, Nucifraga caryocatactes, Platanthera chlorantha, Gentianopsis ciliata, Haliaeetus albicilla, Canis lupus, Coenagrion hastulatum, Lacerta agilis, Pyrus pyraster, Serratula tinctoria, Aegolius funereus, Galeopsis ladanum, Glaucopsyche alexis, Hamearis lucina, Filago arvensis, Carex disticha, Galium wirtgenii, Platanthera bifolia, Pulmonaria mollis, Chrysosplenium oppositifolium, Limenitis camilla, Myotis alcathoe, Athene noctua, Rana temporaria, Delichon urbicum, Milvus milvus, Cephalanthera longifolia, Epipactis purpurata, Accipiter nisus, Dryobates minor, Limenitis populi, Zygaena ephialtes, Bubo bubo, Monotropa hypopitys, Ichthyosaura alpestris, Nyctalus leisleri, Corvus frugilegus, Platalea leucorodia, Veronica hederifolia, Verbascum lychnitis subsp. moenchii, Natrix natrix, Vipera berus, Upupa epops, Arctia plantaginis, Coenonympha arcania, Lasiommata maera, Lycaena virgaureae, Melitaea athalia, Melitaea diamina, Onychogomphus forcipatus, Orobanche reticulata, Elatine hydropiper, Lissotriton vulgaris, Bufotes viridis, Thesium alpinum, Emberiza hortulana, Hirundo rustica, Accipiter gentilis, Sympetrum flaveolum, Falco subbuteo, Triops cancriformis, Gallinago gallinago, Potamogeton trichoides, Epipactis leptochila, Colias alfacariensis, Hesperia comma, Plebejus argus, Tetrastes bonasia, Carex cespitosa, Ovis aries musimon, Carpodacus erythrinus, Juniperus communis, Iris sibirica, Bombina bombina, Dama dama, Arabis pauciflora, Coronella austriaca, Lynx lynx, Arum maculatum, Pulsatilla patens, Anthus pratensis, Ficedula albicollis, Nyctereutes procyonoides, Monotropa hypophegea, Korscheltellus lupulina, Achlya flavicornis, Boloria selene, Cerura vinula, Clostera anachoreta, Colias palaeno, Cosmotriche lobulina, Diacrisia purpurata, Drymonia obliterata, Drymonia ruficornis, Endromis versicolora, Falcaria lacertinaria, Furcula bicuspis, Furcula bifida, Furcula furcula, Hemaris fuciformis, Hepialus humuli, Iphiclides podalirius, Korscheltellus fusconebulosa, Lasiocampa quercus, Leucodonta bicoloria, Leucoma salicis, Malacosoma neustria, Myotis bechsteinii, Notodonta tritophus, Ochropacha duplaris, Odontosia carmelita, Saturnia pavonia, Spialia sertorius, Tetheella fluctuosa, Trichiura crataegi, Tyria jacobaeae, Salamandra salamandra, Felis silvestris, Potamogeton alpinus, Trichius fasciatus, Callophrys rubi, Euphydryas aurinia, Lycaena alciphron, Polystichum aculeatum, Cephalanthera damasonium, Apamea illyria, Watsonarctia casta, Chamaecytisus supinus, Lathyrus latifolius, Orchis mascula subsp. speciosa, Pyrola minor";"Acer pseudoplatanus, Picea abies, Populus tremula, Dactylis glomerata, Urtica dioica, Prunus spinosa, Fagus sylvatica, Fraxinus excelsior, Acer platanoides, Alnus glutinosa, Calamagrostis epigejos, Aegopodium podagraria, Crataegus sp., Tilia cordata, Rubus idaeus, Acer campestre, Calamagrostis villosa, Pinus sylvestris, Anthriscus sylvestris, Alopecurus pratensis, Salix cinerea, Betula pendula, Salix caprea, Brachypodium sylvaticum, Cirsium oleraceum";88,6032410000375;287;0,004;58,0724690814819;87,0143519640245;58,0724690814819;1;95,1312085673882;140,130601341614;472;"CZ0414127";"9130"
11;"CZ0414127";"Hradištì";"9180";459,65203949316;2,55192649392298;2,3929209122483;1,3933855722197;2,62860743795559;2,11124841377923;71,4830669195998;0,452922225390528;0,00302496320714694;2,60513072033483;1,386203113651;328,573374988201;20,573762749494;4,4759428832688;26,7799478133236;5,82613488299819;47,3537105628177;10,302077766267;0;13,1358430821908;81,038022034811;2001-05-06;2024-07-02;2015-11-10;2017-04-02;10;45,0218558117476;60,1117309468904;"Chrysosplenium oppositifolium, Cervus nippon, Lanius collurio, Pyrus pyraster, Procyon lotor, Haliaeetus albicilla, Euconnus oblongus, Glaucopsyche alexis, Anisoxya fuscula, Melampyrum arvense, Lycaena virgaureae, Sorbus danubialis, Glaucidium passerinum, Picus canus, Cotoneaster integerrimus, Vicia pisiformis, Peltis ferruginea, Mycetophagus fulvicollis, Lacerta agilis, Bubo bubo, Ficedula hypoleuca, Stenus aterrimus, Osphya bipunctata, Polystichum aculeatum, Dama dama, Polyommatus amandus, Dinarda dentata maerkeli, Zygaena ephialtes, Anaspis maculata, Ciconia nigra, Emberiza calandra, Allecula rhenana, Coenonympha arcania, Sorbus aria, Ischnosoma longicorne, Cerylon deplanatum, Jynx torquilla, Mycetophagus populi, Galeopsis ladanum, Melitaea athalia, Corticeus unicolor, Ficedula parva, Hypoganus inunctus, Columba oenas, Mycetophagus piceus, Scydmoraphes sparshalii, Erebia medusa, Pediacus depressus, Pernis apivorus, Eucnemis capucina, Acrotona consanguinea, Rhizophagus perforatus, Platyrhinus resinosus, Mycetochara maura, Nyctalus leisleri, Grus grus, Pulmonaria mollis, Trollius altissimus, Abraeus granulum, Rana temporaria, Scolopax rusticola, Endomychus coccineus, Pedostrangalia revestita, Cis punctulatus, Allecula morio, Nyctereutes procyonoides, Hesperis sylvestris, Melandrya caraboides, Omalium rugatum, Eumedonia eumedon, Lepus europaeus, Cirsium acaulon, Anguis fragilis, Kyklioacalles navieresi, Serratula tinctoria, Lathyrus nissolia, Vulpia myuros, Limenitis populi, Boloria euphrosyne, Accipiter gentilis, Ichthyosaura alpestris, Porthmidius austriacus, Centaurea montana, Myotis myotis, Neomida haemorrhoidalis, Quedius truncicola, Arum maculatum, Chrysobothris igniventris, Coronella austriaca, Otiorhynchus desertus, Sciurus vulgaris, Nucifraga caryocatactes, Oxystoma pomonae, Oxypoda haemorrhoa, Cicones undatus, Rhopalocerina clavigera, Lyrurus tetrix, Sylvia nisoria, Comarum palustre, Stenus ludyi, Orchestes subfasciatus, Salamandra salamandra, Coturnix coturnix, Lordithon striatus, Orthilia secunda, Triplax lepida, Crex crex, Ampedus rufipennis, Atheta boletophila, Zyras lugens, Hesperus rufipennis, Mycetophagus multipunctatus, Myrmechixenus subterraneus, Platydema violaceum, Bufo bufo, Euryusa optabilis, Thyasophila angulata, Listrocheiritium septentrionale, Quedius brevicornis, Atheta excisa, Lissotriton vulgaris, Natrix natrix, Triturus cristatus, Placusa complanata, Ovis aries musimon, Saxifraga rosacea subsp. sponhemica, Pelophylax lessonae, Cyaniris semiargus, Ampedus sinuatus, Delichon urbicum, Cryptocephalus sexpunctatus, Hirundo rustica, Veronica hederifolia, Margarinotus merdarius, Corvus corone, Chenopodium bonus-henricus, Accipiter nisus, Geranium sanguineum, Leioderus kollari, Orchis mascula subsp. speciosa, Mycetoporus ambiguus, Hylis cariniceps, Leptacinus formicetorum, Canis lupus, Dendrocoptes medius, Agrilus sinuatus, Quedius maurus, Pycnomerus terebrans, Zyras cognatus, Cyrtanaspis phalerata, Carpodacus erythrinus, Lycoperdina bovistae, Morchella esculenta, Trachys fragariae, Agrilus cyanescens, Gallinago gallinago, Phelipanche purpurea s. l., Juniperus communis, Carex davalliana, Lasiommata maera";"Accipiter gentilis, Accipiter nisus, Cervus nippon, Coronella austriaca, Corvus corone, Coturnix coturnix, Dama dama, Emberiza calandra, Jynx torquilla, Lanius collurio, Lepus europaeus, Picus canus, Sylvia nisoria, Cotoneaster integerrimus, Geranium sanguineum, Pernis apivorus, Pyrus pyraster, Serratula tinctoria, Sorbus danubialis, Trollius altissimus, Procyon lotor, Cyaniris semiargus, Erebia medusa, Glaucopsyche alexis, Melitaea athalia, Polyommatus amandus, Rana temporaria, Sciurus vulgaris, Sorbus aria, Myotis myotis, Orthilia secunda, Pulmonaria mollis, Natrix natrix, Lacerta agilis, Vulpia myuros, Centaurea montana, Ciconia nigra, Columba oenas, Ficedula hypoleuca, Ficedula parva, Glaucidium passerinum, Listrocheiritium septentrionale, Scolopax rusticola, Delichon urbicum, Dendrocoptes medius, Hirundo rustica, Saxifraga rosacea subsp. sponhemica, Abraeus granulum, Allecula morio, Allecula rhenana, Ampedus rufipennis, Cerylon deplanatum, Corticeus unicolor, Eucnemis capucina, Melandrya caraboides, Mycetochara maura, Mycetophagus fulvicollis, Neomida haemorrhoidalis, Pediacus depressus, Platydema violaceum, Rhizophagus perforatus, Salamandra salamandra, Haliaeetus albicilla, Ichthyosaura alpestris, Lissotriton vulgaris, Juniperus communis, Canis lupus, Chrysosplenium oppositifolium, Anguis fragilis, Carpodacus erythrinus, Crex crex, Cirsium acaulon, Orchis mascula subsp. speciosa, Galeopsis ladanum, Carex davalliana, Comarum palustre, Lycaena virgaureae, Morchella esculenta, Nucifraga caryocatactes, Arum maculatum, Nyctereutes procyonoides, Coenonympha arcania, Acrotona consanguinea, Agrilus cyanescens, Agrilus sinuatus, Ampedus sinuatus, Anaspis maculata, Anisoxya fuscula, Atheta boletophila, Atheta excisa, Chrysobothris igniventris, Cicones undatus, Cis punctulatus, Cryptocephalus sexpunctatus, Cyrtanaspis phalerata, Dinarda dentata maerkeli, Endomychus coccineus, Euconnus oblongus, Euryusa optabilis, Hesperus rufipennis, Hylis cariniceps, Hypoganus inunctus, Ischnosoma longicorne, Kyklioacalles navieresi, Leioderus kollari, Leptacinus formicetorum, Lordithon striatus, Lycoperdina bovistae, Margarinotus merdarius, Mycetophagus multipunctatus, Mycetophagus piceus, Mycetophagus populi, Mycetoporus ambiguus, Myrmechixenus subterraneus, Omalium rugatum, Orchestes subfasciatus, Osphya bipunctata, Otiorhynchus desertus, Oxypoda haemorrhoa, Oxystoma pomonae, Pedostrangalia revestita, Peltis ferruginea, Placusa complanata, Platyrhinus resinosus, Porthmidius austriacus, Pycnomerus terebrans, Quedius brevicornis, Quedius maurus, Quedius truncicola, Rhopalocerina clavigera, Scydmoraphes sparshalii, Stenus aterrimus, Stenus ludyi, Thyasophila angulata, Trachys fragariae, Triplax lepida, Zyras cognatus, Zyras lugens, Bufo bufo, Bubo bubo, Vicia pisiformis, Lyrurus tetrix, Veronica hederifolia, Hesperis sylvestris, Boloria euphrosyne, Lasiommata maera, Nyctalus leisleri, Zygaena ephialtes, Polystichum aculeatum, Chenopodium bonus-henricus, Eumedonia eumedon, Melampyrum arvense, Ovis aries musimon, Gallinago gallinago, Lathyrus nissolia, Phelipanche purpurea s. l., Triturus cristatus, Limenitis populi, Pelophylax lessonae, Grus grus";"Fraxinus excelsior, Betula pendula, Populus tremula, Acer pseudoplatanus, Anthriscus sylvestris, Aegopodium podagraria, Tilia cordata, Urtica dioica, Acer platanoides, Fagus sylvatica, Alnus glutinosa, Salix euxina, Picea abies, Sambucus nigra, Crataegus sp., Carpinus betulus, Acer campestre, Pinus sylvestris";89,697922233733;151;8e-04;84,9036614843042;92,6433931368798;84,9036614843042;1;94,1489275520919;9,82891012231699;95;"CZ0414127";"9180"
12;"CZ0414127";"Hradištì";"91E0";1477,43737024733;2,1288709452282;1,84323210275889;1,76972754707331;1,91554734903395;1,91306231753086;85,2913272289383;0,564287226268627;0;1,65875444439774;4,45560577762143;1260,12594206027;31,5062824673995;2,13249529908162;16,1993201477756;1,09644716412336;47,705602615175;3,22894246320498;0;15,0158515603297;83,8877012755469;2001-05-01;2024-06-18;2016-10-03;2015-09-28;10;62,4400875756591;72,7623291716013;"Scrophularia umbrosa, Accipiter gentilis, Cervus nippon, Bombina bombina, Pelophylax esculentus, Crex crex, Carex appropinquata, Pernis apivorus, Chrysosplenium oppositifolium, Ardea cinerea, Orchis pallens, Pyrus pyraster, Melitaea athalia, Lissotriton vulgaris, Erebia medusa, Lepus europaeus, Pelophylax lessonae, Epilobium palustre, Corvus corone, Phengaris arion, Rana temporaria, Trollius altissimus, Lyrurus tetrix, Limenitis camilla, Lanius collurio, Leucojum vernum, Natrix natrix, Jynx torquilla, Polyommatus amandus, Dactylorhiza majalis subsp. majalis, Thesium bavarum, Zamenis longissimus, Crepis mollis, Emberiza calandra, Lestes dryas, Ciconia nigra, Nucifraga caryocatactes, Galanthus nivalis, Melampyrum arvense, Anguis fragilis, Plebejus argus, Ichthyosaura alpestris, Dendrocoptes medius, Carex cespitosa, Potamogeton alpinus, Haliaeetus albicilla, Tachybaptus ruficollis, Procyon lotor, Coenonympha arcania, Triturus cristatus, Circus aeruginosus, Lycaena virgaureae, Milvus milvus, Carex disticha, Bufo bufo, Pelophylax esculentus s. l., Glaucopsyche alexis, Sylvia nisoria, Eumedonia eumedon, Glaucidium passerinum, Salamandra salamandra, Iris sibirica, Salmo salar, Lullula arborea, Lutra lutra, Sciurus vulgaris, Accipiter nisus, Ficedula hypoleuca, Scolopax rusticola, Neottia nidus-avis, Satyrium w-album, Vulpia myuros, Dama dama, Delichon urbicum, Picus canus, Poa remota, Grus grus, Verbascum lychnitis subsp. moenchii, Cyaniris semiargus, Gryllus campestris, Lampetra planeri, Lycaena alciphron, Falco subbuteo, Hirundo rustica, Dryobates minor, Oenanthe oenanthe, Plecotus austriacus, Vipera berus, Serratula tinctoria, Boloria euphrosyne, Polystichum aculeatum, Populus nigra, Nyctereutes procyonoides, Phengaris nausithous, Cottus gobio, Zootoca vivipara, Comarum palustre, Upupa epops, Centaurea montana, Lacerta agilis, Limenitis populi, Arctia plantaginis, Myotis alcathoe, Perdix perdix, Trifolium spadiceum, Polyommatus daphnis, Cotoneaster integerrimus, Platanthera chlorantha, Circus cyaneus, Potamogeton acutifolius, Vanellus vanellus, Mustela putorius, Arum maculatum, Malus sylvestris, Carpodacus erythrinus, Ciconia ciconia, Gallinago gallinago, Calla palustris, Ficedula albicollis, Dactylorhiza majalis, Cupido minimus, Anthus pratensis, Columba oenas, Sympecma paedisca, Erebia ligea, Carex diandra, Coronella austriaca, Alcedo atthis, Mareca strepera, Juniperus communis, Podiceps cristatus, Tringa ochropus, Zygaena ephialtes, Aquilegia vulgaris, Tyria jacobaeae, Myotis myotis, Lynx lynx, Orchis mascula, Veronica hederifolia, Phyteuma orbiculare, Cygnus olor, Satyrium pruni, Phoxinus phoxinus, Crepis mollis subsp. succisifolia, Botaurus stellaris, Salix pentandra, Coenagrion lunulatum, Bubo bubo, Coturnix coturnix, Lysimachia thyrsiflora, Coenagrion hastulatum, Ricciocarpos natans, Neovison vison, Ondatra zibethicus, Galium wirtgenii, Cardamine dentata, Morchella esculenta, Melitaea diamina, Myocastor coypus, Aegolius funereus, Lathyrus nissolia, Ranunculus aquatilis, Carex davalliana, Salix daphnoides, Potamogeton lucens, Saxicola rubicola";"Scolopax rusticola, Carex cespitosa, Crepis mollis, Crepis mollis subsp. succisifolia, Epilobium palustre, Trollius altissimus, Coenonympha arcania, Cyaniris semiargus, Erebia medusa, Eumedonia eumedon, Glaucopsyche alexis, Carex disticha, Crex crex, Calla palustris, Bufo bufo, Carex diandra, Cervus nippon, Procyon lotor, Pyrus pyraster, Ardea cinerea, Lanius collurio, Rana temporaria, Carex appropinquata, Dactylorhiza majalis, Dactylorhiza majalis subsp. majalis, Polyommatus amandus, Vipera berus, Cotoneaster integerrimus, Natrix natrix, Saxicola rubicola, Corvus corone, Dama dama, Picus canus, Iris sibirica, Trifolium spadiceum, Cottus gobio, Cupido minimus, Melitaea athalia, Tyria jacobaeae, Boloria euphrosyne, Pernis apivorus, Pelophylax lessonae, Bombina bombina, Circus aeruginosus, Coenagrion hastulatum, Coenagrion lunulatum, Grus grus, Gryllus campestris, Jynx torquilla, Lestes dryas, Leucojum vernum, Lissotriton vulgaris, Lullula arborea, Lutra lutra, Milvus milvus, Pelophylax esculentus, Pelophylax esculentus s. l., Plebejus argus, Ranunculus aquatilis, Sylvia nisoria, Sympecma paedisca, Triturus cristatus, Cardamine dentata, Alcedo atthis, Potamogeton lucens, Galium wirtgenii, Perdix perdix, Delichon urbicum, Potamogeton acutifolius, Accipiter nisus, Lepus europaeus, Phyteuma orbiculare, Populus nigra, Aquilegia vulgaris, Chrysosplenium oppositifolium, Ciconia nigra, Mustela putorius, Limenitis camilla, Limenitis populi, Orchis mascula, Polyommatus daphnis, Verbascum lychnitis subsp. moenchii, Zygaena ephialtes, Neottia nidus-avis, Anguis fragilis, Vulpia myuros, Centaurea montana, Ichthyosaura alpestris, Phengaris nausithous, Hirundo rustica, Zootoca vivipara, Malus sylvestris, Falco subbuteo, Salix daphnoides, Zamenis longissimus, Lacerta agilis, Nucifraga caryocatactes, Veronica hederifolia, Oenanthe oenanthe, Ricciocarpos natans, Coturnix coturnix, Emberiza calandra, Dryobates minor, Lycaena virgaureae, Salamandra salamandra, Satyrium w-album, Arctia plantaginis, Phengaris arion, Satyrium pruni, Potamogeton alpinus, Erebia ligea, Carex davalliana, Comarum palustre, Gallinago gallinago, Lycaena alciphron, Accipiter gentilis, Galanthus nivalis, Platanthera chlorantha, Haliaeetus albicilla, Lyrurus tetrix, Salix pentandra, Podiceps cristatus, Morchella esculenta, Carpodacus erythrinus, Phoxinus phoxinus, Glaucidium passerinum, Dendrocoptes medius, Sciurus vulgaris, Tringa ochropus, Myotis alcathoe, Myotis myotis, Orchis pallens, Plecotus austriacus, Lathyrus nissolia, Melampyrum arvense, Thesium bavarum, Scrophularia umbrosa, Columba oenas, Ficedula albicollis, Melitaea diamina, Polystichum aculeatum, Aegolius funereus, Poa remota, Bubo bubo, Ciconia ciconia, Upupa epops, Arum maculatum, Ficedula hypoleuca, Juniperus communis, Lynx lynx, Coronella austriaca, Circus cyaneus, Serratula tinctoria, Anthus pratensis, Botaurus stellaris, Cygnus olor, Lysimachia thyrsiflora, Mareca strepera, Tachybaptus ruficollis, Vanellus vanellus";"Alnus glutinosa, Acer pseudoplatanus, Picea abies, Urtica dioica, Alopecurus pratensis, Filipendula ulmaria, Phalaris arundinacea, Aegopodium podagraria, Fraxinus excelsior, Lysimachia vulgaris, Crataegus sp., Dactylis glomerata, Prunus spinosa, Deschampsia cespitosa, Salix alba, Salix caprea, Salix cinerea, Anthriscus sylvestris, Salix euxina, Populus tremula, Acer platanoides, Betula pendula, Fagus sylvatica, Carex brizoides, Sambucus nigra, Scirpus sylvaticus, Rubus idaeus, Calamagrostis canescens, Calamagrostis villosa, Cirsium oleraceum, Phragmites australis, Carpinus betulus, Petasites hybridus";96,771036313043;263;8e-04;80,0352239787752;96,3046819528765;80,0352239787752;1;98,815495324087;5,68639849160148;86;"CZ0414127";"91E0"
13;"CZ0414127";"Hradištì";"91I0";356,991724743575;2,33292705877058;2,42964118957518;1,32072219752484;2,75765667762725;2,0961819554706;83,1230066123335;0,714712107392763;0;5,21130627397021;1,07660359982923;296,742254964085;10,8991921277987;3,05306576381497;24,2054050087793;6,78038266185747;35,1045971365779;9,83344842567244;0;0;93,2196173381425;2001-09-12;2023-07-11;2015-04-29;2016-06-05;10;56,3632210099625;16,7011109547369;"Corvus corone, Vicia pisiformis, Dendrocoptes medius, Sorbus danubialis, Cervus nippon, Ciconia nigra, Juniperus communis, Cotoneaster integerrimus, Emberiza calandra, Juniperus communis var. communis, Sorbus aria, Accipiter gentilis, Lathyrus nissolia, Lanius collurio, Melitaea athalia, Lullula arborea, Accipiter nisus, Serratula tinctoria, Picus canus, Sciurus vulgaris, Branchipus schaefferi, Lepus europaeus, Lacerta agilis, Pyrus pyraster, Dama dama, Nucifraga caryocatactes, Bupleurum longifolium, Anthemis tinctoria, Pernis apivorus, Cephalanthera damasonium, Anguis fragilis, Falco subbuteo, Cerastium brachypetalum, Columba oenas, Cirsium acaulon, Ficedula parva, Procyon lotor, Potentilla alba, Platanthera chlorantha, Trifolium striatum, Clanga pomarina";"Ciconia nigra, Cotoneaster integerrimus, Sorbus danubialis, Falco subbuteo, Pyrus pyraster, Vicia pisiformis, Anthemis tinctoria, Pernis apivorus, Clanga pomarina, Accipiter gentilis, Accipiter nisus, Anguis fragilis, Cervus nippon, Corvus corone, Dama dama, Dendrocoptes medius, Emberiza calandra, Lacerta agilis, Lanius collurio, Melitaea athalia, Nucifraga caryocatactes, Picus canus, Procyon lotor, Sciurus vulgaris, Sorbus aria, Platanthera chlorantha, Potentilla alba, Serratula tinctoria, Juniperus communis, Juniperus communis var. communis, Cirsium acaulon, Bupleurum longifolium, Columba oenas, Cephalanthera damasonium, Lullula arborea, Branchipus schaefferi, Lathyrus nissolia, Lepus europaeus, Cerastium brachypetalum, Trifolium striatum, Ficedula parva";"Acer campestre, Fraxinus excelsior, Populus tremula, Pinus sylvestris";90,1665515743275;35;0,0015;67,441302465287;99,0058787543338;67,441302465287;1;93,2196173381425;11,2033324845886;44;"CZ0414127";"91I0"
